eval_span,n_eval,n_known,z_span,gr_misfit,floor,pf_base,pf_spread2,pf_spread3,pf_spread8,pf_spread12,pf_mom0.99,pf_mom0.995,pf_mom0.9995,pf_vn0.001,pf_vn0.005,pf_N300,pf_N1000,pf_rw15,pf_rw60,pf_gs40,pf_gs90,pf_seedens,beam_cons,beam_loose,beam_vcons,pf_base_hold0.05,pf_seedens_hold0.05,pf_base_hold0.1,pf_seedens_hold0.1,pf_base_hold0.15,pf_seedens_hold0.15,pf_base_hold0.2,pf_seedens_hold0.2,pf_beam0.3,pf_beam0.3_hold0.1,pf_beam0.5,pf_beam0.5_hold0.1,well
15.200000000000728,3853,1425,497.0400000000009,13.581526563709978,7.2863205614466455,5.120030342205794,13.82517307101267,6.863152202344669,4.957199894514369,9.979884344525706,4.103356595376313,10.600661644450922,13.79521729844693,6.636512142140707,7.924871073800291,7.014268010710136,5.005583179510921,5.120030342205794,5.120030342205794,5.120030342205794,5.120030342205794,9.679344822671684,10.57886190503609,10.754044693252887,6.524240290468379,5.144623073459389,9.550854519963421,5.180198990905636,9.423074964631663,5.22653381863286,9.296035465661049,5.283344497928532,9.169766781702922,9.922116667425922,9.646297402694733,10.097427591541182,9.806221746049891,000d7d20
50.18999999999869,5518,2041,746.2199999999993,11.865562688374466,17.993766649551137,17.222547267963424,12.585289507201159,22.09865189082781,16.677985792736397,16.45739975292477,15.76517211778062,15.17866160156909,16.27540412144466,15.261032038499154,25.462756798128307,12.133425270442412,17.099710115923735,17.222547267963424,17.222547267963424,17.222547267963424,17.222547267963424,13.194227389471246,22.743107429645097,22.553904003342133,16.835844577311775,16.42840645942698,12.941686109239777,15.688368239410755,12.74242726175255,15.010436770957929,12.598979161741555,14.403384356281551,12.5132613471022,12.7816162943163,13.035966003268546,14.503490924949341,14.792693050796029,00bbac68
29.590000000000146,4660,1724,982.2999999999993,17.85693897426663,11.830344267752135,10.868944366648261,10.851066350655188,13.153526778340447,11.240673354703999,9.800725644357705,15.650294889377722,15.067610278284537,11.164686577397855,14.551529661183386,16.634268708393048,10.943297793276736,11.261561711801066,10.868944366648261,10.868944366648261,10.868944366648261,10.868944366648261,11.484515412444528,11.357124923306742,9.929575789770658,11.347135778964493,10.897218575102773,11.478050221002158,10.927711147793838,11.474111868522662,10.960403569828062,11.472702957250235,10.995276218684426,11.473824418979957,11.331821818570715,11.36025374846505,11.284099312023306,11.32824788902067,00e12e8b
39.14000000000124,4344,1606,694.1900000000005,11.383144050895421,24.242432113052665,16.47029391713729,16.480571517922478,16.47443850852886,32.166988645227065,47.56433751085297,12.462732983073114,16.24354146342817,35.795028429136984,20.71403205353486,16.455079363278617,16.463349564591056,30.327027173093406,16.47029391713729,16.47029391713729,16.47029391713729,16.47029391713729,22.710123199473276,24.615526843098994,21.370514880050713,24.608323309969087,16.845303762128925,22.783380773388103,17.22231710417482,22.857012715378623,17.601205200556368,22.931015419139186,17.98184954514509,23.005385306714807,23.26666728748874,23.361249983168925,23.64516439219251,23.70336308996904,015fe0d2
39.0,5000,1850,681.960000000001,13.772953711232043,17.69410127076326,7.370434276277146,5.399336349344802,7.481750690200099,6.938036129182128,6.820463865466124,8.83858657987317,8.821369515602147,6.9762781595338055,6.991695544126704,7.35638033704052,6.80068742868837,6.753586434065117,7.370434276189914,7.370434276277146,7.370434276277146,7.370434276277146,8.035728613979696,19.0843634680327,14.977983408322553,19.121356096783014,7.1095760097188165,7.247448860963826,6.96622764730457,6.561568667496037,6.9476666017595665,6.013230372720891,7.054877870196267,5.642675199208741,5.633999559816296,6.196172191145501,8.264027100971598,9.089598525080541,01869cd4
18.01000000000022,4079,1508,718.7800000000007,14.411436628125058,5.567574296755209,9.755754399810142,9.35128797510689,15.567534680398104,23.351039472523354,23.058036783133282,18.50967381810895,10.787075376764205,11.209974975889178,10.259791868553448,16.342232630517422,9.406195251036648,10.337544686181944,12.176947821328605,9.77716001855661,9.755754399810142,9.755754399810142,10.403239264965286,5.644503664889223,7.1579409817225095,5.655534658422393,9.491818854958757,10.09401831435744,9.231006599091886,9.78834665213824,8.973589966158807,9.486567374956623,8.719869684816942,9.189063981827244,8.64019822043944,8.243816051799655,7.572868823737452,7.314805569649588,01982c1d
25.73999999999978,5666,2095,839.7299999999996,12.077898779016824,13.241266079626321,12.638397402473359,4.996695793524122,5.808138419978509,10.97914866005914,5.9245900059761825,38.83843094350696,36.33485288634633,17.286421074230407,17.899062134052375,28.515438458751362,4.023354184086354,14.640918489857997,12.638397402473359,12.638397402473359,12.638397402473359,12.638397402473359,5.847439405319875,13.04587117896795,12.582353781606416,13.002891291066698,12.587593671969241,6.13827046686209,12.545236488976752,6.445160013836204,12.511411640739702,6.765923250943644,12.4861884692536,7.098679724111247,7.732492771961214,8.24439421750528,9.17040411160669,9.563134405776607,028d7b28
24.18000000000029,5028,1860,805.7900000000009,10.460225425555565,6.448901397623607,3.1992288737712054,3.4284589054408228,3.6748779695595295,3.3810565442422496,3.2208519838333958,3.3467924847518353,3.3073926352799443,4.139419318318607,6.750808804485361,5.153662802487569,3.4382636302525147,4.049122243332589,3.1992288737712054,3.1992288737712054,3.1992288737712054,3.1992288737712054,3.9773666030690347,6.381199006124622,7.610621025030506,6.536303907779909,3.2592794225643757,4.020652340501576,3.336904487115664,4.075663010642657,3.4309113938007334,4.141931469088407,3.539995291281079,4.218927256791561,4.420628662827041,4.562981478495229,4.879363399958514,5.007275002394069,02e7fe5a
31.399999999999636,4454,1647,734.3900000000021,5.8041554720153625,8.330478427749775,2.659499033830462,2.6318236076770165,2.709479565957758,2.9908443037044083,3.24912468181008,17.85797906835013,9.380149091538698,2.822229728498985,3.0240266146709938,2.3671516400314854,2.987768525352031,3.0285228323571878,2.3675554839207136,2.659499033830462,2.659499033830462,2.659499033830462,2.8692536274149605,8.245697144359418,8.133314802507945,8.254472822422452,2.5668611967505055,2.7427786258164626,2.5462919087649456,2.68508543685319,2.5995025206208533,2.7005858655713184,2.7221699090264497,2.7880594026333463,3.115147255725372,3.4858066142818123,4.303651883170237,4.66822529906318,0390d174
72.25,3234,1196,626.3100000000013,15.026922850702908,48.998316174860534,18.061933232498088,4.578523765654663,36.8165454531454,4.503573771556265,13.04588544153389,5.925226873068708,12.928588746030634,5.790320277115463,1.353297308732847,51.39133175553572,5.865935233168359,16.687613501393592,18.061933232337342,18.061933232498088,18.061933232498088,18.061933232498088,10.081889297795959,49.601276352538754,53.36652796075767,49.55108623462854,19.20086411685722,11.599650811688413,20.43439617280338,13.270130787256656,21.746437051487767,15.0425366307127,23.1236267764335,16.884801167898086,20.865803703097068,23.59518500421154,28.911929082842143,30.898085699681026,03a935ae
23.219999999999345,4429,1638,747.5900000000001,15.055111928344306,6.8481642224343995,10.900981390244619,5.987355070353212,1.4877933142557138,6.381193744908257,32.140447924426255,1.9409907712521164,5.055236222085065,5.643253609294668,6.551557807763142,11.628017263926461,19.576022192756476,1.7381105038052547,15.53776745654112,15.53776745654112,10.900981390244619,10.900981390244619,7.0386498367656545,5.8061491955054425,6.1109184068449975,5.729158405886235,10.46950782424112,6.900466657359974,10.048970261838358,6.773412664959747,9.640799914680489,6.658125009800615,9.2466346903388,6.55522452996051,5.825280431008197,5.803553282551871,5.357163727492049,5.453247176572878,044af7d1
22.399999999999636,4695,1737,924.3199999999997,17.026142040588667,5.469070165677498,8.47639916673964,9.997592390573482,11.546841403805239,9.435346503103931,9.976684181460707,5.451647890374766,10.130657554569872,10.04740406611282,3.2872212327865418,8.374752623388904,4.123205393352172,8.391043415053257,8.47639916673964,8.47639916673964,8.47639916673964,8.47639916673964,9.683118132039818,5.587050698343102,8.415825491343035,5.46370440208807,8.244027235951748,9.395100900809771,8.01666282059992,9.111279140595194,7.794744124733667,8.832057330164693,7.578749543283045,8.557885734974027,8.03513190444742,7.679423531554338,7.075745248486901,6.853511534280475,0498acab
33.76000000000022,3351,1239,895.7600000000002,15.708455539801788,19.217757623023953,1.5391065758835991,1.5025906934715416,1.5045305417035917,1.8959861495012145,1.8742627676322954,5.554746272133908,4.451591025994293,1.5242500877724894,4.796688338382985,9.960964453392446,1.445338627168109,1.5839284091025665,1.5005029231225577,1.539106575887525,1.5391065758835991,1.5391065758835991,1.4847326353153134,25.776856906622765,14.51186694550788,22.651630491451126,1.9375858292074057,1.879136609794324,2.631564478217684,2.578841121524239,3.446959141671215,3.400328277352495,4.3154867639161125,4.273942792007706,8.032419479189667,9.133292289198346,13.07651858832396,13.681728798575653,052d64df
15.010000000000218,3962,1466,756.1299999999992,15.108687002622238,5.642278291258075,11.335651409672218,11.77732915996903,11.919291846642807,12.162335372898339,11.427306418523319,17.536391361646533,13.446387476687693,5.9380054434602245,13.321881757562714,1.998046927651139,11.38061784126251,6.320922133432471,11.335651409672218,11.335651409672218,11.335651409672218,11.335651409672218,9.20849934767519,5.650749413116129,10.234597258560024,5.642162502372569,10.730856428441777,8.702681937163243,10.134181401567755,8.206814513666522,9.547148886332117,7.722813925187064,8.97165186693805,7.2530562029678745,6.279682602871352,5.728681997861659,4.820976116121955,4.601589174840776,05948241
31.31999999999971,5839,2159,1055.92,11.502326048461374,12.311801616095188,6.283128896709765,9.197838108477194,6.128317720763853,6.055499583565499,18.850455104282283,20.42142220091463,7.119893600514075,7.588183176242726,7.894936628699026,7.254469899765032,7.8115937809579865,6.233652996352933,6.283128896709765,6.283128896709765,6.283128896709765,6.283128896709765,7.32824072737635,12.564271051517142,12.489094241035017,12.568004611078168,5.809607852745693,6.731131344990951,5.405381281023492,6.189666595060142,5.086995076105202,5.719671518698196,4.871309858337301,5.340050407528756,5.015600330693081,5.053565822695316,5.882043307877089,6.331380273561367,059c8f24
41.20999999999913,4452,1646,753.3199999999997,19.723567939697624,16.757233136736225,8.168386940075724,7.1152523264912775,5.41952250472392,4.746277981721137,5.4578486911673965,8.874770148609064,7.464967230281317,8.33949804942105,5.9749602176770304,9.720849532686389,8.464427267688162,9.99824584419041,8.168386940075724,8.168386940075724,8.168386940075724,8.168386940075724,5.044993612175097,17.248337181728438,17.510958020868824,17.29824908043821,8.521820847248186,4.616140568396361,8.889664202898393,4.352658569239157,9.27020185680319,4.2851615099578355,9.66193402116614,4.42263172617274,5.338692092246701,6.19365319539812,8.243012955198715,9.03378539616425,05a0ee4d
27.079999999999927,5707,2111,856.119999999999,12.011003961427672,6.318580396476673,3.4303841707576836,3.3739762640668767,3.405810751352961,10.433659625878839,3.4924476882130833,9.992430601873515,3.4332489536454918,3.4441310044275086,6.531881179804234,5.738609562203883,7.7573147694860145,3.401977676185049,3.4303841707576836,3.4303841707576836,3.4303841707576836,3.4303841707576836,2.749307873260764,5.134718908449895,6.5745824969830915,4.795925887305181,3.4299806896774716,2.850942594879332,3.4511570820912385,2.9677408970251964,3.493520943134662,3.0979881923125316,3.5563151795234345,3.240062978214198,3.233312602248943,3.48326979401518,3.7003405115456802,3.9255072053713014,060ab2b8
10.849999999998545,3678,1361,741.0699999999997,18.47286628370582,5.709925468696907,4.514640894694704,4.1436826607266815,3.1931223986583066,9.643140760693303,3.701865593241467,9.360510777176946,9.72285275351762,4.482065038374726,9.332662363101978,3.8378970418123632,3.6249719676489924,3.9994108144153264,2.9545928634954692,4.514640894694704,4.514640894694704,4.514640894694704,3.988403008994068,4.597194019113283,4.233691843840434,4.517804825405013,4.427628880452981,4.043277352517838,4.3556903846815676,4.10247548150642,4.299582082087301,4.165813071067776,4.259929525616228,4.233104315929175,4.022943728989946,4.160640214207387,4.121101186509391,4.257866488587646,06df5958
31.30999999999949,3446,1274,373.39000000000215,19.609637818757253,23.189291757931734,1.7620865278898539,1.3371203290198763,3.0120644518282624,3.3822249082827254,1.4204698585659277,17.948522253682583,3.536893368602011,1.0813104380249758,1.7882842218377435,7.311044868113039,1.3492234637561986,3.273000629934696,1.7620865275662196,3.2852820682757384,1.7620865278898539,1.7620865278898539,1.5342522289080396,19.866383828297568,19.911351720464676,23.087661385282008,2.47649313354482,2.294302108082804,3.4141220274487596,3.2688298387089696,4.435603889575511,4.31488226441346,5.494367678015685,5.390983536156415,6.580043862937996,8.227311243618033,10.350906426563416,11.631661306586784,071d7b45
43.0,5428,2008,1060.8199999999997,9.660852959199895,14.265487027014489,9.159170254754097,9.730491537924967,20.962099802289256,9.361362354082582,10.115911227931509,27.848966041633126,9.997889283867192,9.335216869331278,22.378592697984665,10.273379697375757,8.94318831186506,11.045337726233349,9.159170254599353,9.159170254445378,9.159170254754097,9.159170254754097,9.436467745018946,12.92310203377635,14.491407010897936,13.26683612995389,9.363820265215384,9.627528153726677,9.576136059372516,9.826020131164313,9.795619192304997,10.031502544710616,10.021798768603244,10.24355472530241,10.255485826234587,10.621185377447288,10.926302847692716,11.244957500561524,0849b4e2
44.63000000000102,4111,1521,974.25,13.859694273052748,10.854309121921627,9.496141037477091,13.018073698314073,9.700385925785193,12.95156328448506,10.1229443266075,12.690278641492561,9.407019412746275,11.070067200026827,9.605456460514835,8.908116544922846,11.075876888094337,13.761279355827902,9.496141037477091,9.496141037477091,9.496141037477091,9.496141037477091,11.422716213974113,10.098377429509943,11.021665479813963,10.063919275058923,9.522406476469218,11.338626041659644,9.553462388717582,11.259896324542476,9.58926223086633,11.18664024117861,9.629753094554811,11.118965979392915,10.866326942439173,10.799583853732445,10.566138842212107,10.552104142005938,084d66f9
15.979999999997744,5406,1999,1063.0499999999993,12.53452653507412,4.648073103319937,9.683941927011187,11.304124346108281,8.607853164561062,13.680727654811587,13.658183208634757,12.644192855146821,11.900679245659948,6.940846849413563,8.62085847676878,12.477384902223784,7.7442962214496855,11.951701586412653,9.683941927011187,11.631876322217678,9.683941927011187,9.683941927011187,10.567551822708891,4.872887563226232,5.066276002570226,4.6771601987711895,9.372146299429314,10.195880368377859,9.063172151015719,9.827364375410502,8.757318127649537,9.462372523215098,8.454922844569884,9.101328808986201,8.420001654235712,7.936790054591953,7.111137258740258,6.793866769183257,08fecf00
24.219999999999345,5632,2083,988.6399999999994,11.468243213945337,12.825889369608856,4.463149117661012,17.674066067393024,26.42287006070261,26.433330351325743,17.788793108538165,7.3585181726734294,6.879247846710158,26.433750377817233,11.447639703515732,17.633867043386058,19.863242644725634,18.33074350259977,4.463149117603975,19.980300932656583,4.463149117661012,4.463149117661012,16.31822766593271,15.367394110837264,4.105631990904882,15.22742033855002,4.595679813367376,16.140910444311928,4.791183235402579,15.96382111408697,5.042339892464404,15.786967344338656,5.341304834472899,15.610357141239755,16.016494287295494,15.693873593114937,15.822950115555674,15.520225108800377,09053135
34.72999999999956,5398,1997,867.5800000000017,9.378080015151761,16.143518839420647,18.065754295752644,2.679769094171184,5.636049511011269,1.379252596265077,7.146672446318045,1.8433071703158956,1.3385855239805968,4.437034025758877,12.879554563207991,11.174816518672651,4.4068919657003915,4.435725009778091,18.06575429562742,18.065754295752644,18.065754295752644,18.065754295752644,5.3118777608902965,13.07586808287677,14.644851122296672,13.204370244475049,16.97978953835449,5.137233626071858,15.934712424803635,5.097207906825128,14.939106404255309,5.194913155801317,14.003527164833935,5.422909927483072,5.972272837284371,6.554989567642029,7.581693905498262,8.242416001685921,09441b8d
20.079999999999927,5201,1924,900.6099999999988,14.254143593065264,8.01845897236318,5.66409967700386,6.076058728913491,6.872929780966619,8.066581009954614,11.794516806423315,18.2078383500793,8.140935928809881,8.20675052142574,11.926427141285883,16.262470388411185,8.011750371749491,5.697675335735593,5.66409967700386,5.66409967700386,5.66409967700386,5.66409967700386,8.164028741695676,7.711605391854038,6.608771969788798,7.70903175763756,5.682025363603898,8.146472700629722,5.712874558590301,8.12997006052871,5.756439491531801,8.11452724834674,5.812434251249076,8.100150325724979,7.975667388663343,7.970675186365198,7.874397251180186,7.884371804955456,0955cd6c
19.56000000000131,5712,2112,778.5100000000002,20.732255798632785,9.651310182317328,8.275555377286915,6.736402572403932,8.56174897632102,8.658013722459007,10.103103902592949,12.443644430081035,10.4365499355781,11.642235188517212,10.64912409936533,8.647935360869592,7.968972696676871,8.984919308754574,8.27555537741852,8.275555377548304,8.275555377286915,8.275555377286915,8.255054654075343,7.296401534328153,7.093620876735845,8.212924918340153,7.674302256187056,7.649020984138432,7.1024138068673235,7.072147793495387,6.567565538044954,6.53216537861027,6.079541163354613,6.038977759290567,5.48285984185003,4.975315505031546,4.547289803996955,4.569162645438117,09ec2ca9
22.329999999999927,5252,1942,493.7099999999991,9.841141818298459,6.9881179933040976,16.231481381917245,16.05088611701266,14.080950851292455,14.100881441943386,14.02144430154567,23.105280409777738,16.43343417491369,13.570101110093463,15.767897924886137,14.366660622907899,18.73040197994105,13.975736508596032,16.231481381917245,16.231481381917245,16.231481381917245,16.231481381917245,15.879798614726198,3.7978926067085648,3.93104057809836,4.64006087747593,15.75490705502031,15.422205972993137,15.279012013889366,14.965240857953505,14.803861769022918,14.50896256228324,14.32953041029343,14.053437983812534,11.938002960971328,11.42802114754338,9.363032180437504,9.118359938782083,0a57a29c
38.350000000000364,4403,1628,901.619999999999,4.423866591743479,24.972111996400375,1.2119052915045103,1.1924737412742592,1.2055562799590893,10.11451943185549,1.62542162057703,11.263483931133592,1.425300172136646,1.6356104759611774,2.770760685579386,1.6187708220219719,1.4203133359793167,1.1291918143092248,1.2119052915045103,1.2119052915045103,1.2119052915045103,1.2119052915045103,1.166076703891219,24.90103045716743,25.041638603662108,24.605296365234302,1.7279030253183114,1.7453396801470007,2.759948321829624,2.7982396053164105,3.9196571353088663,3.963778216343428,5.121019510071921,5.166274206611284,7.5927253499517375,9.3186161533599,12.52027453929567,13.761847090837163,0bbf5e67
20.969999999999345,4661,1724,918.0799999999999,13.41360345830178,7.289870597158528,2.869854556806801,2.673095062412466,3.4826917033543134,2.747013432065179,3.0260056021761446,15.735476519307442,3.325322849594052,2.4318479628375482,5.508495513826356,3.4791631540333317,2.905616080592284,2.645441686640871,2.869854556806801,2.869854556806801,2.869854556806801,2.869854556806801,2.6667365266053955,6.790401846793112,5.023926367995336,6.784332479756325,2.6906432699394562,2.5036162442618695,2.5659891928680065,2.3991143625762335,2.50405334862364,2.3610273147274548,2.509483833497727,2.392529010700153,2.59507292986274,2.8763290519567843,3.4976752387366536,3.8222629835861266,0be01c24
27.18000000000029,4901,1813,804.2400000000016,16.145679640407938,8.876477468830188,9.91639817977483,9.887871307410064,10.009313182568981,7.211311941518513,16.01322282477147,22.28533361626281,9.97891136636743,6.996098191899508,18.316793320421166,6.298663988510664,17.642575338463896,9.54389748130437,9.91639817977483,9.91639817977483,9.91639817977483,9.91639817977483,10.762802848100662,8.963914393433539,8.493384512276137,8.850684365171471,9.587361124010384,10.328614957123474,9.277537249555142,9.914213599890324,8.988913457361896,9.522182431685614,8.723594242246984,9.155395557083942,8.892964196554,8.463593578614711,8.186254777016485,7.995595714957845,0c1b160c
22.770000000000437,5491,2031,743.4000000000015,13.131938209074214,12.510715629192596,4.396704340950572,14.166392322918174,4.3605856650343755,5.400403157856327,5.453228855654997,5.622967357685923,5.37965697544381,4.3795380781844,15.73974274135934,8.37013954381582,14.82352602738604,4.368799526308218,4.396704340950572,4.396704340725504,4.396704340950572,4.396704340950572,5.698827305771528,16.183790713588817,11.185006065314605,14.061757628071115,4.555508952090223,5.921765588807278,4.769350451486489,6.167505931338755,5.0312160370289325,6.43343592755083,5.334037406983904,6.717158100807826,8.439487487115489,8.784891044615195,10.553790885351662,10.717678165320732,0d99f8e4
65.95999999999913,4519,1672,841.4400000000005,15.744511798759174,19.26839561491651,14.58141056530592,14.623499975368153,14.644394460975082,14.337696689762923,14.630120194890367,18.285410061967294,11.520808142239312,14.604310605413373,10.875252651334073,14.405712604855225,14.314486839095213,14.292875316438028,14.58141056532664,14.58141056532664,14.58141056530592,14.58141056530592,14.499411674680234,16.7158121612904,17.4023345076329,21.490962257468176,14.636166255238958,14.552205746705955,14.713388692879773,14.628279689778362,14.812726508118494,14.72727275077135,14.933738379275656,14.848726547221082,14.714439502034937,14.974006742703283,15.08624855184316,15.382669438257757,0dc5e64d
26.23999999999978,3854,1425,212.57999999999993,13.900926849193329,8.44485481115694,10.248498808583959,7.242366466042628,12.308911368195492,6.698088407953075,9.23275274086274,16.896263863454255,5.409186776515958,7.44015740649234,7.07920953685476,8.342730201301084,9.460419225800734,6.125843130090574,10.248498808583959,10.248498808583959,10.248498808583959,10.248498808583959,8.09486116074531,8.21410840135896,8.290832294151352,8.195602962190353,9.922386451331182,7.9523219151591285,9.612010347304357,7.824532692556593,9.318942961030132,7.712226737813548,9.044866935023677,7.616089025083365,7.4159559189734665,7.362484381595944,7.298523480193328,7.335860076028426,0dc835f3
29.340000000000146,6703,2479,795.4599999999991,15.191159853192502,9.378433277549656,4.420929900617571,4.223613236568514,4.674417425039456,4.561745335249541,5.235183299789901,15.91091800078213,15.50172425338817,4.794348431698181,8.544039577699609,4.619163603913802,5.331338663145091,4.6721049371948045,4.420929900617571,4.420929900617571,4.420929900617571,4.420929900617571,3.6461604740867872,8.154691201216462,8.283128148232029,8.307179171922135,4.092444873222528,3.4033450432391037,3.821781482115148,3.231742697602893,3.621925890488644,3.1430393480346606,3.5050114718537495,3.1442588829009126,3.3614993523932344,3.605783822647412,4.303528506578286,4.6510896323802795,0dd99dc5
24.93000000000029,3574,1322,768.4400000000005,17.562432670156614,16.518594719784595,8.268643156571091,17.168401165618597,19.243383566815425,17.90436981763472,16.81405166123039,17.116311335146996,6.178759994620095,17.307275704496206,14.7441398384013,4.532981756363038,40.869788829698315,3.992021521635803,8.268643156571091,16.558964663367586,8.268643156571091,8.268643156571091,10.365970294544018,17.532849292367718,17.00912066963178,16.742802699953277,8.410771310940971,10.606011444728761,8.598745938989511,10.856440039265365,8.82963944256704,11.116554089677257,9.10018554383911,11.385689802265192,12.200394576976588,12.592635796773473,13.612441311680344,13.888325028326317,0e5e560d
34.409999999999854,4271,1580,604.7399999999998,13.616853047830848,9.023673965110815,21.272811699926287,12.738201367897094,22.659900121691518,10.824948863527508,11.32194909886849,27.189358961036742,23.199221426329927,12.90984770109455,23.021694088806548,19.673836104051222,18.308763821297656,21.910882790238805,10.841545348632739,21.272811700153934,21.272811699926287,21.272811699926287,19.104668573756214,8.714710101953514,10.685561731828036,8.656668361314022,20.590713576325435,18.521008028167067,19.911681441639118,17.941190878135345,19.23603998679918,17.365602107382514,18.56415942625467,16.794676467798467,15.473653895713795,14.72365258009818,13.19951137154721,12.716164357214183,109d9d70
9.940000000002328,5368,1985,712.880000000001,11.756731299744386,2.799077357568277,10.959192924960414,7.45002815539548,11.08724709781566,11.025824500897592,16.509444171202624,19.75174839241299,6.635219277556202,7.168360759693822,12.697237496964647,5.969799012618233,14.333342619068567,13.647264225657267,10.959192924816316,10.959192924656733,10.959192924960414,10.959192924960414,7.957487399908949,2.6202327230804947,6.685261187013757,2.8646629626744824,10.412183735485858,7.568075700814919,9.86726420494167,7.181525050160479,9.32480068486021,6.798323500554758,8.785248141527541,6.419070877438083,5.447611745590951,4.962955887015328,3.8990686421412164,3.6212329114875432,10a1281a
14.68000000000211,5231,1935,820.5900000000001,10.675826247672914,11.061290385889038,11.255775552733294,3.0588354799824304,2.1864162450494153,11.080667334283397,5.451538024322518,7.1677218518087065,3.1051912293746193,31.417428500443393,10.933351637825242,26.042860251135792,8.01539988114699,11.080714679912953,11.255775552733294,11.255775552733294,11.255775552733294,11.255775552733294,14.231987971020375,9.01495229613288,8.966345536753588,9.05342189780458,11.218542195167744,14.053111595330327,11.184101859413332,13.875910813927911,11.152480421160755,13.700450643063428,11.12370192034719,13.526798816855353,12.52845280023187,12.361006748279122,11.44347383705154,11.395030932878226,10b89021
22.609999999998763,3798,1405,800.7600000000002,9.950984822589682,7.837960318789926,9.440587859917732,9.43714200405937,9.43151598547112,9.407198177002012,6.842586810461071,3.4741600943115944,3.6694019387088184,9.446626385572396,3.5506769514977696,8.517458354410591,9.440911162236358,9.403606819334096,9.440587859917732,9.440587859917732,9.440587859917732,9.440587859917732,9.408655927225967,9.821682982500601,8.093395753225352,9.680591025416248,9.31935477438059,9.289274464230347,9.201614416920249,9.173375938516372,9.08750254698744,9.06109399959721,8.9771575346704,8.952564724836758,9.42860084834067,9.219086536355514,9.492351743982486,9.291189689537479,10be2420
20.55999999999949,3330,1231,547.2900000000009,14.32133459818419,5.216834035826723,27.8955203204308,27.75192556352568,27.8543022421238,23.246378789856553,7.67378792775984,28.32118594649663,28.047859981195373,31.231990883915277,27.540731418202736,28.530341684851102,27.9204913124929,23.36097438760377,27.8955203204308,27.8955203204308,27.8955203204308,27.8955203204308,28.010611674797413,5.475876339151634,5.191726734573568,5.344400909463994,26.579179264229076,26.687740994578487,25.265416707005773,25.367443462389954,23.954656895963204,24.05014286169052,22.647421204944052,22.736360107641033,20.37424029543503,18.531770595187787,15.392541160103068,14.091458841239037,113011eb
21.779999999998836,4050,1498,684.1800000000003,19.154003812166682,12.870176375090479,3.719845567448358,1.8792106747983632,2.0658718707754797,4.324735531268296,36.914217196185234,7.207762147549596,2.8329151536663044,3.95114313914117,3.038706194636916,5.131075464338252,4.375790613739732,1.8494629791393653,3.719845567448358,3.719845567448358,3.719845567448358,3.719845567448358,2.9014322417673144,13.545973896874361,9.777581888188845,13.434118217121352,3.4091551998204803,2.655990015602516,3.231028526682158,2.58095500321661,3.2076267764460753,2.6906219263412585,3.342201634653555,2.964563345354128,4.018915254950651,4.783143747079594,6.529581255192007,7.139026979989135,1131525f
27.73999999999978,4656,1722,497.2099999999991,10.421719809975398,22.64062468638776,2.785839681015656,2.784300854668753,2.8845853539714175,12.783902375159917,39.01149413137005,11.741491592456258,2.861259805482085,39.558040992465706,45.30164571457784,38.28657557681819,2.7664771749152237,38.875276332240425,2.785839681015656,2.785839681015656,2.785839681015656,2.785839681015656,7.883231462555461,22.597520344249002,22.017282457290396,24.032944894738925,2.94231526002933,8.613005163411211,3.4808365538905957,9.344836429082166,4.25886308829286,10.078277041058342,5.169361097772237,10.812999520714657,12.256459944437353,13.288022379031986,15.20095026528384,15.937213518298796,11d0f5ac
21.860000000000582,3643,1348,771.9899999999998,13.087186592082592,12.740952469599131,11.467903845064079,4.29002965689852,6.9027125505556715,6.845116458922503,31.57038060243457,8.420992782212624,7.849734892418498,5.9052650516614005,6.372959363193842,20.71782944318404,4.044088963843452,3.900516481399316,11.467903845064079,11.467903845064079,11.467903845064079,11.467903845064079,4.028391391984817,15.007667424560983,15.110485558472503,11.591918477003777,11.494059749538463,4.095115800934065,11.524451652360884,4.245458898842479,11.559046140772965,4.470993259122052,11.597805607818719,4.761045243129811,6.049722939875766,6.621499246984277,8.386705395931758,8.79686724046179,12203f2a
40.18000000000029,4678,1730,902.9200000000001,11.296010025189826,13.030496973181142,8.494153906403618,19.16389533717912,10.762715739084602,8.336453365853512,8.554522239250192,21.031469642014873,18.409391680199054,14.852085658095143,14.04906393800557,7.6149456212716204,7.936228010999009,10.824975940433589,8.494153906403618,8.494153906403618,8.494153906403618,8.494153906403618,7.920554237878506,13.795093385611477,11.938506303990225,14.200525945585659,8.413071090101038,7.841907049521769,8.370609001730474,7.807034746187768,8.36735563149714,7.816523236050151,8.403356518640638,7.87021207388493,8.099214753469367,8.389667806405049,9.18513172022974,9.504490190256107,122bd617
23.539999999999054,5864,2169,570.1099999999988,17.3978857331554,8.711523567766562,27.117725970735933,11.886711410661482,12.120829684081137,12.674618553104725,12.381437385142725,10.414319791131216,12.06619284340519,12.782579448209388,11.89717390657416,13.999713267249541,12.70963632018264,6.518300215105822,12.910664079976247,12.440941560218311,27.117725970735933,27.117725970735933,14.552347928965272,7.189308007369265,6.670707381631127,9.847021569969275,26.11786071022286,14.222858128125718,25.12063446014971,13.89573358808094,24.12637446093698,13.571145349599695,23.135463144822623,13.249279821183094,11.90622929553121,11.54806994054835,10.273915278392662,10.100313911141676,125be846
10.0,5404,1999,796.2000000000007,13.288492209022136,4.799710539399231,6.0429291706057935,5.922497689618117,4.182229238918645,3.3980434244398685,4.106176494920367,9.123220425966347,6.247090698838593,3.4684840147770726,6.475893747093645,5.829332256774248,7.7522524043720145,5.906704277315363,6.0429291706057935,6.042929170898376,6.0429291706057935,6.0429291706057935,4.483531014345122,4.765162024052817,4.707592657287593,4.779931994335424,5.61977308531907,4.174472236270729,5.205309665650654,3.8791108943232437,4.8017903448060775,3.6008192114820115,4.412218821742666,3.3438617557179793,2.974568284045739,2.757334312931151,2.660176925386094,2.6985272557556725,1285a37b
32.22999999999956,5137,1900,776.2600000000002,13.111087182246408,8.607345810859757,5.990661238288481,7.082993052887181,10.195756891325306,15.544294343281926,12.078295638859174,18.207981583573073,12.397108410121929,9.776414175899912,7.44518674125397,8.105155464498631,9.623997066388077,11.316767974853699,5.99066123831646,5.990661238288481,5.990661238288481,5.990661238288481,9.595049683110565,9.042707950716373,8.71647277429744,9.552799119326489,5.977527741418712,9.526341404779807,5.982578334940218,9.459442537710508,6.005767142899265,9.394391737246133,6.04688549771945,9.331227653754322,9.18350726108936,9.112044980078977,9.021870233357337,8.973176341067724,1295a25b
35.17000000000007,5425,2006,910.9699999999993,12.97795039430566,10.607722310972733,5.935694057026854,7.5956919277058335,6.329101249624931,19.95665285366487,19.96332843209832,26.037289813882726,19.651944887003523,6.264493834725155,18.799147766180507,8.634797140152457,6.344817652884838,6.442566683886389,5.935694057128384,5.935694057026854,5.935694057026854,5.935694057026854,9.846978876335017,10.998018066948857,12.39778767316784,10.245293828903275,5.749311026952742,9.28522643170852,5.613620776193948,8.756773838424367,5.532354538660405,8.268008677944533,5.507921826987985,7.826370053346128,7.355932976533462,7.009214675939857,7.026724503288058,7.075774166941397,12f0cd90
52.97999999999956,4608,1705,827.5400000000009,17.410000914143847,25.973253566402636,37.595280605852984,28.14810331031732,27.764076015894233,28.47980924602678,37.778423418528064,49.87157761135761,37.761258493287265,27.771722918667827,37.81441929418498,37.61644563871635,28.283301444019298,27.653044145188165,37.61975814109974,37.5952806056751,37.595280605852984,37.595280605852984,33.51837081379112,30.651820184108676,28.100766694975817,23.225774198277165,36.985324838122146,33.108863758176724,36.377513654709084,32.70201966607629,35.771956373452475,32.297939170472816,35.16876942172306,31.896727302575506,32.55213284040358,31.856247152396215,31.95627055181924,31.33301833056875,137d1e44
21.56000000000131,3559,1316,964.5900000000001,15.470214862174423,12.89497233389787,1.4617339088819856,1.469363459403647,1.4761782633136438,1.5976620076784949,13.481530473422051,10.138163332561167,1.7917020429451016,1.5090845619062867,9.004709350520859,3.7774692085972,1.4184796707431717,3.487945132777814,1.4617339088819856,1.4617339088819856,1.4617339088819856,1.4617339088819856,2.3564018688753614,14.603639342489293,15.55804210980652,14.576202452738682,1.6504340416089245,2.342277395304571,2.0281260877184932,2.5045594674987997,2.510927065115485,2.812880011072751,3.049313106524662,3.2256303086230473,4.685766438319657,5.448121221794087,7.399615870419231,7.93702893440125,13ce113d
23.38000000000102,6522,2412,640.039999999999,11.605037471876761,6.715781049343853,11.642472004138853,14.497881170742424,11.417747623216133,13.918822888309496,10.388636030961838,28.74811296986674,26.369113347322397,10.679328193821096,29.316797564974333,12.4532314892698,10.27443968019758,12.060773703210698,8.005651490814085,11.642472003789338,11.642472004138853,11.642472004138853,7.50449680448316,5.889877437187028,6.076335297198071,7.010449771241354,11.178135976724766,7.195647738409209,10.723510552302987,6.903339637591648,10.27988415891543,6.629760751225857,9.848743228468276,6.37732191244426,5.721043021265679,5.480692941967048,5.014778131801821,4.988783220221093,13f598d9
18.5,6409,2371,797.0199999999986,18.93507214291738,7.305927578428582,2.6311912062953757,2.619581981174171,2.6290612796021566,2.6306233748598946,19.074710912281503,13.141692884210968,2.6213896427879178,2.709926559816855,11.341935312618666,2.918297712471252,2.421374183213262,2.7346608211167016,2.6311912062953757,2.6311912062953757,2.6311912062953757,2.6311912062953757,3.032794070700645,3.1011201198626632,9.207424000073324,10.348984761723502,2.4817946208248762,3.1729441468729247,2.391723257960245,3.3284047074990837,2.367757160736924,3.497134525359117,2.4118677469159877,3.677307511461205,2.8742551153829226,3.1259367030697036,2.8535651934120367,3.0512290718231,14a53cb3
31.420000000000073,3854,1425,662.75,18.92003846683884,14.995990135196077,2.572801075603326,2.635524194740456,3.5941389176708243,4.25744737836233,3.3270106331392677,7.8770744614852175,4.226267824959491,3.175095207679716,8.369223839310491,2.2379435992390575,2.551585288752955,3.252196320094594,2.572801075553245,2.572801075553245,2.572801075603326,2.572801075603326,4.394104824917403,14.005062690144065,13.446199025776805,14.060965594544827,2.8841659709261207,4.823262460914377,3.314725761696967,5.280637278572754,3.824432762758095,5.759510839935107,4.385778219729077,6.254947314670072,6.983353004089324,7.748882309307908,8.924147876811794,9.517594432297209,14ab73fb
25.219999999999345,5367,1985,915.2600000000002,11.38672176249352,6.585246286991164,10.243370353800737,6.949766714246453,6.905796431576897,6.033938506538378,6.516809600579677,14.309048455441555,10.606000482358503,12.16044365136763,10.360101453410252,5.694421353900977,4.767280604984005,8.678110793705834,10.243370353800737,10.243370353800737,10.243370353800737,10.243370353800737,8.08316832917731,6.636604805649802,6.640153541407995,6.227433294159196,9.564050714810952,7.526864603240536,8.894260261762502,6.983425034351825,8.236324106700456,6.456098946152974,7.59332428093272,5.949172709866332,4.93952998296798,4.397354640778547,3.6822884298357392,3.6114316898218854,14ad5efb
52.19000000000051,4676,1730,525.8599999999988,12.417466228881656,22.01870278143232,16.49873877824693,16.67088033871273,16.572650185516714,16.637172879963355,16.44993848566147,32.65414441146325,14.565151341929697,21.632927737842305,25.133745794890412,21.133642352876866,11.911305984309806,22.39059991606793,16.49873877830248,16.49873877824693,16.49873877824693,16.49873877824693,12.381987168326507,21.326510991370007,21.139776594601116,21.31161294961335,16.66247407089276,12.745022925222774,16.840878407717245,13.12791641320993,17.033490875737442,13.528981713340507,17.239835259483904,13.946651207637583,14.63859610848604,15.299960120192308,16.40046075169209,16.929940708244924,14fee784
17.0,4744,1754,787.2799999999988,14.083218761295171,5.595316149797771,11.170735208207931,7.91592652663337,4.490769873002311,12.18889483277895,11.038229413998542,12.986225688925707,11.679610392560612,12.18882823092386,11.40835894012548,21.215010352353616,8.52623016247606,11.333606209765493,11.170735208285866,11.170735208207931,11.170735208207931,11.170735208207931,8.472843145172627,6.601060552789245,6.663950265165455,6.684182866306426,10.726268931023558,8.115603403916204,10.288481356180696,7.768378252372918,9.858262291063976,7.4325713686153865,9.436646943139236,7.109800844083326,6.434927160092768,6.09474047352428,5.620564678538577,5.489206140717698,153552f5
27.179999999998472,4328,1601,376.3199999999997,11.343681921176014,18.864230517015223,15.944205969710326,15.628731539337297,14.937670188976957,15.100575583905446,15.689130794637261,16.339769729873968,14.475066563627706,22.674361648332457,13.954410259220568,20.428435085417387,22.133617182583173,16.2149330655757,15.944205969710326,15.944205969710326,15.944205969710326,15.944205969710326,15.17719941198246,19.61030599871383,20.54444311615282,19.789413810424854,15.828385679407983,15.184239198284576,15.741035438091536,15.212263073204038,15.682630976528952,15.261155438693105,15.653496295217398,15.33071663613884,15.665827665356957,15.849114682993276,16.441403226479007,16.62570779578823,1550491d
35.159999999999854,5155,1907,931.4099999999999,12.397484484800536,19.670622172759828,26.181250168683942,18.27710481879595,36.50006420903084,31.699900284001746,27.34443045311284,36.81587331758443,36.57616323989732,2.994895140800756,32.29945613561406,8.377841458005504,36.43231755577949,31.665724403861237,26.1812501685319,26.181250168683942,26.181250168683942,26.181250168683942,29.01428461676761,19.312748989225543,19.205376358881978,19.278211670142408,25.846482426720453,28.543487825982734,25.512460797525645,28.07295708205758,25.179214974393158,27.60270599053305,24.846776172756034,27.13274909179537,26.08354500819403,25.438222714434243,24.137432737854702,23.688462408543124,155887bb
19.2400000000016,3819,1412,447.0,9.863422222588715,5.824092931161076,7.982656614965515,8.06746387611215,7.879201441498573,9.011663637102723,8.134977744401228,14.62365784850866,7.758595739961762,7.797472344800742,1.9369304895867978,10.151510459887191,8.132506311776378,7.72954593838879,7.9826566150971,7.982656614965515,7.982656614965515,7.982656614965515,7.7255610745672865,6.0465335027473825,7.372198841817248,5.686650687890386,7.713884094123583,7.460596728094471,7.454692248457178,7.205877379217155,7.206114954489948,6.962527537612536,6.969288089322048,6.731780318934822,7.19442524263853,6.7469710570585875,6.851782906936225,6.452424408018355,1590af81
26.4900000000016,5620,2079,922.789999999999,8.905871009840292,6.683919809614137,10.867343522918514,11.148951623741352,11.101258293926525,11.546345387614272,7.874550799719856,9.030099918651366,6.693775546592751,11.236362139546577,6.3292243871651825,10.439523399837459,11.200817690486419,7.804577225769333,10.867343522918514,11.010304854573178,10.867343522918514,10.867343522918514,7.9042015160049015,6.6021518316249095,6.372829230580083,6.6831213672926895,10.574025264902918,7.822101261896127,10.285739475531082,7.741857061301981,10.00292127391849,7.663527218222432,9.726047638375391,7.587171024286364,7.437807315603449,7.336546765309871,7.159591823910918,7.0940093647368965,15e154a1
29.05000000000109,4381,1621,836.2800000000007,11.497102123228176,9.173474522196475,7.051269515038689,7.357261102487055,16.247804941703404,10.972595959230476,24.561016118337267,24.26516210250444,10.546678809630942,9.494027021090943,3.5652377021960913,10.35434840142632,9.283152671078374,16.38554976392602,11.941424087174878,16.344626828175404,7.051269515038689,7.051269515038689,8.2520503201972,9.757334581372026,9.462764734038926,9.735925558127484,7.017822828261286,8.060013820660101,7.000716257000169,7.889585287494901,7.0000695968115805,7.7421918179115945,7.015887399067564,7.619170374737385,7.495100198026598,7.451321399960797,7.601239145380203,7.666453796063469,1619e2ca
15.719999999999345,4149,1535,813.3599999999988,18.237380370906802,11.77769387467342,8.06968392955128,2.0318590391072058,6.430219732622324,4.291956064463687,1.926593401291844,10.143772005355839,12.47567770527983,11.276917287712958,12.949526041404578,2.6922496658098227,3.465052072208169,6.414394424345148,8.06968392955128,8.06968392955128,8.06968392955128,8.06968392955128,4.694650752246046,13.240406290482921,9.027143335476527,11.767973442335618,7.21474121340087,3.9848937348568096,6.383418145096736,3.313841520913686,5.586269599589709,2.710396341583664,4.840210041803271,2.2301314280344298,2.2004852347831036,2.818682112202134,4.84375021044411,5.503573060471492,16e4a047
45.279999999998836,4767,1763,717.9200000000001,23.374741844294167,16.689754634341554,7.323613389650791,7.4160711883719665,6.885345929554504,32.94345113086316,32.51147891656136,47.8126869670254,33.202559258387296,12.061711517660374,36.45449926671095,19.005911644699285,34.89452805020556,31.641080924355535,7.323613389650791,7.323613389650791,7.323613389650791,7.323613389650791,20.966166865611417,20.058887902080766,18.786053881885312,17.685225849920197,7.050679375473445,20.740010015626428,6.883717649548553,20.51490181125837,6.830503652732916,20.290877153751268,6.8936720308997765,20.06797233098838,20.640805841954393,20.22956921220271,20.448643598605944,20.059897574670874,173ed841
29.43000000000029,6658,2463,732.5799999999999,14.448289592742631,11.401990927081055,15.814595414406687,11.190391567265026,18.940616955762312,11.034069092740879,46.39018406179571,10.758086456924783,10.43906473371884,19.463580034360632,20.09838812405536,22.166553864904984,10.445497908936932,24.048809883549087,15.814595414406687,15.814595414406687,15.814595414406687,15.814595414406687,7.42218867331758,10.432078850107912,11.056105761160907,10.39011198882264,15.130286667057872,7.4420269003304576,14.46881729684353,7.4861139141223845,13.833463996686733,7.554025162272477,13.227990443069125,7.645125782897946,7.796852589567251,7.994688670871599,8.339907993309602,8.554698843477594,1770d7c6
21.020000000000437,3430,1269,562.3600000000006,13.189060063671612,8.18765042992682,12.687426192219782,6.106138421927189,14.600386753585795,12.727449835077334,15.81322690347086,5.389118159104844,12.53382856874259,12.725950977726592,12.615065503884919,18.72846768034674,12.671308211841627,14.421914489933934,12.687426192219782,12.687426192219782,12.687426192219782,12.687426192219782,13.241582578340177,7.03958331617076,7.051552050898735,6.939641379649072,12.406443572676803,12.937387501248235,12.129168154970964,12.636484329250084,11.855860045209708,12.339113895119198,11.586799988012052,12.045537841771234,10.995790875653425,10.65609287329358,9.621345465931793,9.446707919478726,177622d7
19.590000000000146,4570,1690,654.5499999999993,10.782099875592332,7.5138950278901895,7.615265033168373,7.582977008852526,7.594564022306252,7.547118847007515,4.496439259549423,1.858133993175026,7.572180318140858,7.635630922195149,1.5559970537233507,7.657974552265934,8.287678766286149,7.583156988731826,7.615265033168373,7.615265033168373,7.615265033168373,7.615265033168373,7.5701805863005776,7.982942609924909,5.307855606349907,7.981694638345168,7.578971188434552,7.538144987903634,7.545814956054466,7.5090681792557366,7.51583786101432,7.482984651550577,7.489078079527998,7.459925802752377,7.570320981580298,7.5357559752410666,7.63067953498884,7.602455468798973,18d24f7b
39.86999999999898,5809,2149,992.6200000000008,25.50295461963349,17.508605794884467,15.357670742332907,20.756109569392663,20.4598415231606,20.946018552070903,20.04224887586934,4.822253345115712,6.762031994794817,21.249378876660803,6.982145799600233,26.98813170793566,7.535957187968446,20.129121567785045,15.357670742332907,15.357670742332907,15.357670742332907,15.357670742332907,14.464999427011206,15.267566759858202,14.685357998430858,15.787692041695895,15.43284429660293,14.589524287868759,15.511793565764235,14.717458028717143,15.59446120457803,14.848712538996075,15.680788404467803,14.983200548022932,14.559324075595244,14.832551646290076,14.693682257206993,14.96586712569105,19137a89
17.770000000000437,4817,1782,913.9200000000001,15.941208131758419,4.876866553657679,1.467545919666347,1.450736493556412,1.5003934234428744,1.1690879817580935,1.3476786996547514,21.097972372908675,1.6349955280150958,1.4893230888232178,3.449575568771863,2.0870288603178153,1.8570744446349936,1.5242123677636001,1.467545919556673,1.467545919556673,1.467545919666347,1.467545919666347,1.3303115839755781,6.228692153036746,7.8285164411856085,6.064978760521469,1.4651874263956537,1.3490744197812616,1.5014753654642905,1.4074254736412666,1.5737386257618644,1.5007541210007262,1.6773339446345061,1.6230376439396452,2.277692992652773,2.5022255883766933,3.3359431425592025,3.4757393505916747,1944513c
52.159999999999854,6021,2227,888.4899999999998,27.44795681987136,24.640679192504482,5.325571731519894,4.965534083842755,5.441751901588283,21.602522623689516,43.05965654125546,19.348242954200543,5.2746449588985795,5.475376868646603,4.609600176788108,7.960281883500886,26.956414579405823,5.19460177172315,5.325571731519894,5.325571731519894,5.325571731519894,5.325571731519894,7.0109754172951115,27.376639975705167,21.561428592273042,20.826462711214205,5.904089370837698,7.770263964104669,6.611906166309235,8.564795775765484,7.412071898416887,9.385624653056814,8.277849438379905,10.226420312813488,12.736650070402549,13.895304574511098,16.84653587446396,17.615930299796737,197f8a5a
17.349999999998545,5221,1931,741.0300000000007,11.969450442224266,5.59259963830969,6.000049456443727,6.261045890376657,8.165977439277764,5.690598621832784,26.41737047260058,5.14486182172977,8.110435475020255,5.763241490959764,5.235877076798802,19.758579806996515,8.267467514789441,8.183573182495863,6.000049456443727,6.000049456443727,6.000049456443727,6.000049456443727,6.173832010420175,5.6496539566187325,13.7138654937374,6.150386248485276,5.913382137700916,6.089179087409581,5.832615859839649,6.009432667112588,5.757998946308861,5.934790540443468,5.6897733345186134,5.865447578290439,5.836760519848453,5.747044713332311,5.6930897619504695,5.640602980635021,19871e7f
23.899999999999636,5909,2185,861.9799999999996,15.418054615899878,10.94651759478941,7.670952985983692,7.656442778954259,8.83445663397691,12.914846183149177,16.975799064900542,9.249290978822787,7.0101793511341555,7.0114413132911455,18.162984175273564,8.186993330490697,9.075408222995183,7.8733512461564565,8.856553392444644,7.670952985983692,7.670952985983692,7.670952985983692,7.026755836199857,14.006855579159646,14.717775950257744,13.946494636349831,7.698140673920839,6.772743384541536,7.743138734346145,6.565407520934815,7.8056391528641225,6.409279715449306,7.885225755276426,6.308163331557759,6.5518476491353335,6.746516685100396,7.916578797544416,8.160812777442965,198a5607
33.780000000002474,5784,2139,1114.2399999999998,13.214701774467876,13.743003924944896,9.262032675467388,14.947258177518057,9.606606900690528,9.41202950312229,9.442820443782727,14.958279308539096,10.121244492920882,9.860651494347291,15.198282453334086,21.079041277611633,12.375624091111257,9.173162908735815,9.262032675406674,9.262032675467388,9.262032675467388,9.262032675467388,11.180807587243825,11.877479077328324,10.712987211145744,14.493474895876808,9.34942087169944,11.071357606301126,9.455656607994953,10.98780834328133,9.580112892750678,10.930753731066028,9.722090006001029,10.900609802584297,10.77426402449698,10.810584350035047,10.801828441597173,10.93594422145514,19fb4f7b
21.600000000000364,4777,1767,980.960000000001,14.21878198245022,17.293453563483983,0.7555180187784047,0.7253374032210935,0.7745157744197663,0.7867272239074403,1.850292816983927,0.961792855111074,0.8048369108264217,0.7395865149833266,0.7263491801776266,1.5844577156878803,0.842174221101943,0.7624053739529515,0.7555180187784047,0.7583968212900353,0.7555180187784047,0.7555180187784047,0.761554678679163,19.931653654321607,20.977501254090587,19.300341631274858,0.9198184107349305,0.9227391276197889,1.631981657497368,1.6325803436474988,2.4541194228797045,2.45389053771812,3.3051595941433387,3.3045768375912434,5.820081833082758,6.961957859299323,9.843021475430515,10.586104725240407,1a518997
33.599999999998545,4746,1756,1042.8199999999997,13.698239603141019,18.248151498785784,25.39131386055157,26.29790842131996,26.12792046812213,19.00828017747955,18.842671749671325,10.262139544622052,16.018513524909405,23.40880266255186,9.464724228547976,33.098440709194186,26.205016188135986,26.144161544736853,25.39131386055157,26.22169246759196,25.39131386055157,25.39131386055157,26.02127765295487,18.073752865589945,17.844416187859096,18.090488914615015,25.02408386978414,25.6235103960592,24.657634171248482,25.226433434921585,24.29200007757078,24.830079886725375,23.927218978780726,24.43448495509283,23.59066268433738,23.04588495814187,21.988327574775063,21.607870682386846,1a68190b
27.920000000000073,4416,1633,616.3599999999988,11.440799901263526,12.555307844591454,5.763493953198706,1.589362639150831,1.5675514435920563,5.823353077771366,2.5859191414971168,9.74852312484809,1.3674990707937447,1.792918784400698,13.98803321537156,2.1133534313973534,1.5370536077507984,1.4201415976498177,5.763493953198706,5.763493953198706,5.763493953198706,5.763493953198706,2.435595767060285,14.649926893026548,16.317880984749056,14.788339931063083,5.7578497349098114,2.499783005296655,5.809430330072487,2.707544536182315,5.916739314782906,3.0294840758865966,6.076825128893185,3.433634244569009,4.925041956887963,5.639360486619001,7.586758965639629,8.074477984186263,1a730ac2
18.26000000000022,4614,1707,717.0400000000009,18.79904496342406,9.32389803555202,12.328601501234486,6.827159920226487,12.299578085010966,12.383935176884815,11.94937584940019,21.918646128602447,6.556001334238385,12.539738573599879,5.008685480173709,15.660178772313655,7.72629623015388,12.246762278524441,12.328601501234486,12.328601501234486,12.328601501234486,12.328601501234486,9.064790978432132,8.955237067564127,3.720616833073729,8.297115976553917,11.404302773845357,8.316258599135029,10.492306441125471,7.585806399422249,9.596120730122975,6.87919620363907,8.720621399612119,6.204579125422078,4.940875730620037,4.267307003837479,3.623350784550636,3.7465441437454166,1aaf1da0
20.81000000000131,5238,1937,554.7800000000007,9.109932226452493,14.0544304988709,2.3543597009919224,6.367573599942927,6.3982229290213555,2.6606177194170093,4.967781396535435,5.392926589458456,3.544410475095902,7.0204253196960815,9.127263994883291,5.8582875372671435,6.586667331169896,6.415274149389198,2.3543597009919224,2.3543597009919224,2.3543597009919224,2.3543597009919224,4.62237863861394,9.340753448756903,4.765439480283888,16.507474602581894,2.627402729914801,5.040818509663173,3.0217114465880432,5.473102533028759,3.4964974596700817,5.916196797584309,4.023370274073236,6.367845073453021,5.943180462471625,6.713809418301607,6.884140452823285,7.576046809883059,1b08ed48
46.100000000000364,4228,1564,740.619999999999,8.914164662499791,18.20112830032573,23.33659809058684,13.448968615094955,13.79091900986329,13.660902706775838,30.77941292811065,34.70892173103278,30.92836238691753,13.220849797523984,34.121146888789795,16.51483620100531,21.74646979747598,23.37154427236989,23.33659809058684,23.33659809058684,23.33659809058684,23.33659809058684,15.965474541730009,21.440418630809823,23.343095820669284,21.400357581408624,23.06849743824198,16.061456891894714,22.801342659780325,16.159296435032307,22.53516739527362,16.25895964376741,22.270006766753056,16.36041319030651,17.56335569379174,17.603991594182467,18.6529540523509,18.586339351551878,1b1c5372
104.21000000000095,4898,1812,1022.2399999999998,14.41586578810449,73.7325723286036,40.56196361942493,54.602367798800046,48.24540542408673,41.282403416059005,36.97504839304651,32.3133061267968,39.44187134750793,103.32378730752437,40.01714847664254,53.59019161928399,38.42421165297511,53.02060457535712,40.56196361942493,40.56196361942493,40.56196361942493,40.56196361942493,56.425925797850915,74.27786308316654,74.30603841393575,74.29922379083581,42.16661012567937,57.27992243181845,43.780740237632315,58.135430121201864,45.40334251413679,58.992383126055195,47.03354012397465,59.85071936357086,61.73080263689981,62.922539769942574,65.29482841494809,66.1348682487253,1b1eba53
18.51000000000022,6286,2325,926.5699999999997,18.177440026271245,7.136542529669258,3.7742462288061858,18.918449494136123,3.6874296182700066,3.165090680752996,9.148525768163784,3.310230473581389,3.761511996498332,19.036129631509745,11.749156652638668,31.288421491448272,18.951710951211,3.8075895593327487,3.7742462288061858,3.7742462288061858,3.7742462288061858,3.7742462288061858,6.5577362727607005,12.796611400336642,14.061613450967558,7.153741251122528,3.7399882902675787,6.529322899158435,3.7350057362764373,6.50700156837876,3.7594149693378935,6.490835130492939,3.812651517820717,6.480869645548551,7.9398803952555195,7.830849410320174,9.171059481056087,8.95655362895625,1b6ba517
18.410000000001673,3916,1448,910.9699999999993,14.356203659876122,6.535249236584086,5.351041093400905,6.289597578905145,5.424252928500344,12.890817941983007,5.1988164858883446,20.98307179203629,5.326504870422534,5.211867797140955,12.930009003231053,8.227984010268742,5.183685073191229,11.22114055003039,5.351041093400905,5.351041093400905,5.351041093400905,5.351041093400905,6.871093970922378,6.155222464321904,8.147318191777405,6.202553228107016,5.322018292821966,6.848929842046055,5.302905481621906,6.8273025584798,5.293809998188438,6.806217237826774,5.294783466662605,6.78567893225689,6.507823936337346,6.502966026665566,6.331971309362472,6.3404902264161125,1b82b665
22.44999999999891,4527,1675,699.7000000000007,16.169330435570163,6.276244992341244,4.08356730554083,4.129268339113074,4.016921871423272,9.956542103374248,27.13746771151283,14.248223239051653,13.950318626219149,4.46964554036858,10.116085867355329,4.835834015241249,23.472270504630476,13.620259834882525,4.08356730554083,4.08356730554083,4.08356730554083,4.08356730554083,4.968317280209088,5.867735617115529,4.731897933355092,10.417421711005108,4.124462349973792,4.7522984148609275,4.175054543067491,4.5588315295102095,4.234996366301619,4.3908986174282605,4.303897191077123,4.251526488933783,5.032017931488806,4.680951779809235,5.180236431494461,4.85238189825105,1bcb2fcf
25.30999999999949,4854,1796,879.5100000000002,9.132441106288057,7.820077891708282,5.297884414909381,4.3940263429640645,5.324984422405039,8.239821015548303,5.427580857317603,5.244131440745315,29.467236352731735,9.989434485178183,5.39787964139483,11.281843905895665,4.143356941976275,4.318385499568808,4.202348629804949,18.52604918780077,5.297884414909381,5.297884414909381,4.189379870235746,9.226161492844938,11.36321294739525,8.662558128475592,4.995419408813259,4.122847155748982,4.726807639525298,4.09054224117742,4.498117989461748,4.093275603804297,4.315701568468682,4.130977692411359,4.643272844862744,4.8054981767647496,5.654788992704497,5.797032507198083,1beca81d
15.229999999999563,3104,1148,550.6100000000006,13.119758171491,5.776634394621654,5.451327487667957,12.56847288964216,5.629939360933751,8.092259483874917,27.762794167295336,4.740865098297827,5.441277630954729,5.738284796978281,6.234648352034288,5.9200271168500755,5.3402874057317495,5.513121059408494,5.451327487597665,5.6726145964479215,5.451327487667957,5.451327487667957,5.4683406230474025,4.8983661968250525,5.762542609476247,4.798406002109971,5.274784517565546,5.297829003055153,5.113539310781165,5.142248417372057,4.969081314115941,5.002992013860909,4.842912984651662,4.881457063210465,4.761497463856878,4.637143348593982,4.522215967888458,4.507255096107244,1d3fbf02
26.80999999999949,4971,1839,1083.2199999999993,10.687519040696602,12.226045252598935,6.420628219719466,5.733032697902104,5.820811396084853,29.402084510288145,5.799721931053056,14.06069423048504,6.426131980083998,6.957923832405753,5.77423060269856,11.592650898981894,5.730477676393499,5.856563681134179,6.730465192059043,6.420628219719466,6.420628219719466,6.420628219719466,5.612324968296593,10.399350789432813,7.540462111792817,10.11797375161921,6.514369377668312,5.876782435420752,6.64015511495247,6.154352876787872,6.796206399282185,6.443341847679008,6.980493736243267,6.742281238224447,6.875808102904244,7.296254524409274,7.825083527245133,8.13991015946409,1d78281a
25.049999999999272,3996,1478,301.97999999999956,6.439662934013162,11.076873960496878,7.032862854322323,6.315330125968768,6.969414725794396,33.65937528794778,33.86461514691246,7.090161547664277,6.238354848979222,6.309621821296887,4.190153526123902,9.59853458037106,6.165828120566935,5.667974138886545,7.011635523776181,7.032862854322323,7.032862854322323,7.032862854322323,6.9466365588267385,10.078787082235962,8.170728419357783,10.06250981135925,6.960337781218533,6.874081065131041,6.922696280091884,6.837219672683547,6.920507582607563,6.836629766781582,6.953805164961607,6.872320687841051,6.869588987618296,7.069324379578186,7.389622234865309,7.662140307042576,1e30dedf
29.76000000000022,5202,1924,898.8299999999999,13.248866179974115,8.557014383282652,18.191240064020416,18.58712647437679,18.243970881843037,18.274034274444908,18.338668808518655,18.42499443181217,18.23998601580329,18.160947117079594,11.838922148594229,30.527766644365244,19.465099523942214,18.261931339027736,18.191240064020416,18.35328002023993,18.191240064020416,18.191240064020416,18.000049689444413,8.402893675758538,8.430830520652833,8.40582918016254,17.617160794108774,17.446155206303782,17.047435726157037,16.896202616067015,16.48251638077728,16.35058968063741,15.922914264072151,15.809765705622269,14.631147151674291,13.914668196324904,12.527256034761933,12.060531295214961,1e5e3573
7.539999999999054,5149,1905,726.3700000000008,12.003627686353969,2.328604127780393,4.182815181116575,3.3359271616451296,3.464288783681741,6.7459457641609575,8.117884217163658,3.672332443375382,3.053077581703089,4.975547591100632,2.960707453822367,3.8988283466811,8.062275417734716,2.894854540756508,4.182815181116575,4.182815181116575,4.182815181116575,4.182815181116575,4.697035232865644,2.442094470529257,3.495782687936825,2.4616670610303024,3.9792877566330347,4.46386819944143,3.779528896905538,4.23407195419573,3.5841687651017446,4.00822629260518,3.3939670317580632,3.787038077478626,3.366515314512189,3.0888823818770614,2.643879998976121,2.4951607687599644,1f9afacb
17.770000000000437,4623,1710,446.21000000000095,13.403601554883794,5.322528283898906,9.981112862201822,10.24661551321818,10.143758402194157,10.601097256307803,10.582827387333767,37.52624119877789,37.44903040437303,9.918968745498036,10.660906750325118,4.861616736214071,10.627913792347162,9.609276817333933,9.98111286233159,9.981112862716438,9.981112862201822,9.981112862201822,10.11033541135999,6.363009151649844,6.217709047317689,6.33828132763013,9.69496639480504,9.819259885443238,9.411671572966695,9.530927981079895,9.13149380829947,9.245596388454313,8.854728991743869,8.963551633746633,8.72322605680137,8.31486981456545,7.8930297835128185,7.58964407221425,1fdbba44
25.770000000000437,4616,1707,712.7299999999996,15.19664657866353,8.311832617427989,2.8897463937240766,2.75789181740325,2.961234870205582,3.561189242368541,3.787111240939432,28.798796327832754,28.73370479835817,10.278310256073434,28.648605164240152,3.594320163691042,4.216335514657814,2.68914554411496,2.8897463937240766,2.8897463937240766,2.8897463937240766,2.8897463937240766,2.7143637457424634,8.057580812948261,8.060231222573673,9.290592266250119,2.7470642111476398,2.5682359911685153,2.6732774588639203,2.495995526186768,2.674095360257901,2.5040453720810825,2.7494513363950897,2.591637471254334,2.64170933844596,3.0861554550547354,3.889333016530436,4.304746549910748,1fee2b62
21.969999999999345,5022,1858,747.3500000000004,22.412395378082007,7.249279810148249,4.557712007914905,3.55175036418949,4.620365193188494,4.5432674424216755,4.6103972622147085,17.35122732031261,9.460103404748372,4.519076770281159,2.349664239532834,10.399354098942547,4.4012503896503565,4.4302178831503545,4.557712007914905,4.557712007914905,4.557712007914905,4.557712007914905,4.142540105813208,5.1204158583385375,5.399393436514684,6.0694638755294905,4.647069761619081,4.256201000719593,4.7432535940826765,4.37671576852003,4.845857056537605,4.503534213032937,4.954481328370574,4.636139064688832,4.232405274249529,4.467700999849168,4.398933128917358,4.610279172733171,20096916
19.600000000000364,4304,1592,859.9500000000007,12.326784729120586,5.361890917394368,20.154463598304087,5.720998514481139,8.546525062524662,8.73367321674496,8.797804096925026,23.098559063221018,21.62296973480299,8.469659768612603,2.4072186761923438,20.558109068272714,5.76652716348682,5.721451092564699,20.154463598304087,20.154463598304087,20.154463598304087,20.154463598304087,10.353005215611704,5.504585096665505,5.306750601985322,5.4937505640704,19.147239897918894,9.937149659174965,18.144186458726328,9.528092224613442,17.1460351847571,9.126747025644049,16.153694829120756,8.734177284497433,8.049942701793727,7.5460497084204965,6.763514829591602,6.467837701564812,200d233d
45.969999999999345,5939,2197,1022.380000000001,15.171520803319654,12.451791169702643,34.88640416670042,11.329086309241369,17.311531547110896,26.308962642083657,26.8737548098576,21.27985014720882,27.47669608992043,19.46259808064925,20.35437903950618,13.530093595914298,18.502190150771316,15.551013079678162,34.88640416670042,17.422367614026715,34.88640416670042,34.88640416670042,30.352296691686412,12.6999718926892,13.089753285204365,12.26630848540972,33.663402551678466,29.348646265922092,32.44415966662373,28.349580269969273,31.22911575810909,27.355600998401226,30.01878070535786,26.367283727057096,24.4639500166965,23.10849065081277,20.69869528610711,19.767771770931496,201661b5
28.969999999999345,5282,1953,717.869999999999,8.489304418098849,11.594958938067354,23.30287223699805,13.325613036184489,13.973575243472917,13.50433691075237,12.855670357546227,14.926544740983944,16.151558643615715,23.14356448596685,16.155947043671045,13.44529495828859,16.144240248039004,23.340179838605668,23.30287223722436,23.30287223699805,23.30287223699805,23.30287223699805,13.91317700879024,10.76400918230037,21.158588523516464,10.729665448471897,22.640470172197354,13.788046590919121,21.98206017557243,13.663733188466253,21.328011963769733,13.54025930455431,20.67873941784095,13.41764811583487,12.908371152139427,12.767917475808975,12.263393775435775,12.19168458361255,203721ab
19.780000000000655,5789,2141,660.4200000000001,16.780019548955206,6.808984340499405,8.348444152686707,5.6347242861555085,25.332987997470813,18.79413235119261,16.291809362142253,8.378815062215201,8.410356338114026,22.346833390330673,27.501189859058755,5.738769059773008,19.727507918464628,24.209943640819095,8.348444152816445,8.348444152686707,8.348444152686707,8.348444152686707,18.402422270724884,5.19700231339464,9.770066182542049,4.940892371789247,8.20189518977764,17.785655537770136,8.060902352669364,17.170352944623176,7.9257621637344275,16.55667772937323,7.7967789576526805,15.944817793950412,13.867989288565415,13.111152536889389,10.951213574454531,10.504098830660789,20402d71
32.61999999999898,6214,2299,509.34000000000015,13.545505951792626,16.916115782693492,9.403839091630733,20.550543334218002,20.19704546203455,7.755448356870015,15.829855725687175,17.36923014055938,7.029167406531864,9.636318932489669,7.737767946182815,13.649596192621908,8.250028076129002,7.117048501779768,7.75762660347502,6.935625840952168,9.403839091630733,9.403839091630733,10.950271114422062,16.087279292064753,22.057736301284677,15.436087481391134,9.548042753882182,11.209188335665976,9.728875603308577,11.474075423412135,9.944339590204754,11.744528449981024,10.192238643791262,12.020171721540146,12.294578948211097,12.732162406456174,13.302272255865415,13.653909327665552,2043abc5
26.210000000000946,4711,1743,727.4700000000012,17.749998052855283,5.881785838390875,8.447949283182439,14.371300379387284,8.421007607247805,7.055264632274241,10.256146609729488,8.620392227426077,7.571043721761461,14.755083746656897,5.534160585279516,11.384415548280412,7.488548009220116,4.8697312445513985,8.447949283182439,8.447949283182439,8.447949283182439,8.447949283182439,6.1922714697103505,7.335262360058808,8.068730101777076,6.014695689114098,8.221063922945634,6.09159140957269,8.000531127470417,5.998432993109773,7.786890649071538,5.913151728946969,7.58072522929674,5.836092947454707,6.0094216620700305,5.922989236543544,6.156055314753815,6.093596526930762,204cc64b
67.46000000000095,6255,2313,740.1800000000003,11.536888173666805,35.05624572250446,31.48082843985399,31.102115323191455,26.105947581923786,31.171522950591502,31.16128966786973,24.89695537110621,30.42765334859734,31.488234273324224,31.233408808561293,35.61124786532253,30.6363441081684,31.16913215819186,31.48082843985399,31.48082843985399,31.48082843985399,31.48082843985399,31.252235724529292,36.06623548304432,35.8179016544632,36.201491005635596,31.655671213072,31.438977310262736,31.830968858779613,31.626122085939564,32.00671390309729,31.813662936227892,32.182899016540226,32.00159289771437,32.68047860235936,32.915026597426994,33.64078194215161,33.78071573685766,206b6193
38.85999999999876,4073,1507,1358.33,16.23499648667551,26.599934957156407,4.811284079426939,4.950951698972157,4.994553226293493,4.7761723264830085,13.252683480232317,7.161159747958277,4.8808279506136625,4.729468115404295,4.845255082323796,31.956030543193545,4.894488188207675,5.000903262851362,4.811284079426939,4.811284079426939,4.811284079426939,4.811284079426939,5.9240594896642715,21.76657902970739,21.48907212847438,28.010305966532886,5.079675521124912,6.433243081565079,5.637416376040006,7.110252891099889,6.40940983895838,7.912124855167615,7.3282546803849975,8.804810457448237,9.541435011233032,11.068739652450335,12.820491547573228,14.13064913857913,2075c696
26.150000000001455,5051,1868,797.8400000000001,25.942323030280033,7.418380861015681,6.696240657263109,5.930232374841272,21.367788533048138,6.4786504929047695,34.29195336158867,15.413518098555988,6.075545570946349,11.487768632795655,25.993615889251302,30.384419795736253,11.279424970185019,6.8140821078725144,6.696240657263109,6.696240657263109,6.696240657263109,6.696240657263109,5.04552942992364,8.12425523138853,9.39862051108507,7.36910141820173,6.4903671724260965,5.013142438176592,6.304720824284477,4.9995776329690065,6.141136283924381,5.004988055541665,6.001417881602629,5.029312466883327,5.405551561382216,5.476226265068283,5.9773727732006074,6.046352523494545,22c5f93f
83.3700000000008,4709,1742,1057.210000000001,17.212874021131007,25.18185626822681,25.729058242998473,12.175019959481016,4.8987260980405996,6.0002007459067785,25.78597278539366,8.22837756686411,5.802803787147235,5.892224224002581,4.401813556574685,35.36380163567579,15.298063069590555,5.312829747623978,25.729058242998473,25.729058242998473,25.729058242998473,25.729058242998473,19.454645267779426,26.592086215026058,26.353874609707166,26.729190777617383,25.631212718867207,19.678845439370342,25.5404787628935,19.911118245053693,25.456932416648346,20.151184538903514,25.380644659337904,20.398769165902465,21.41492311023361,21.733046936663794,22.82125981014638,23.022500502439403,230eaaa3
33.47999999999956,4448,1645,1014.3299999999999,12.882244732315351,20.286842941061224,18.83148487106118,24.417792621265168,19.810904157927432,24.779178462551016,11.5905778433022,4.237686848314626,3.189328370103306,19.819936141656147,5.225084327251069,26.337976170566808,5.577508345916941,3.3811368933405457,18.83148487106118,18.83148487106118,18.83148487106118,18.83148487106118,12.61599038949467,18.78596884272126,19.090836675915806,19.722674527939976,18.902370085849768,12.992541055974101,18.973467001136726,13.370204659202388,19.044773245994822,13.748889486833203,19.116286477945287,14.128513423845673,14.453687946682905,15.02958351623787,15.686395019746715,16.141177061147975,2364716c
18.19000000000233,6417,2373,788.5100000000002,10.616213500960258,6.072103036122224,4.431109620281863,4.64460813103834,4.625783311582882,4.4535144060640715,4.93971865939071,7.30960232554799,4.714109152637018,4.528717091844702,1.612821761174781,4.362657016958941,4.789069049473731,4.450684743104647,4.431109620281863,4.431109620281863,4.431109620281863,4.431109620281863,4.450081398293905,5.128392733648748,5.4660556506387525,5.130723336655201,4.283646629562936,4.304181179410183,4.158186234368296,4.180071945461235,4.056770317027469,4.079742882040415,3.981236790652662,4.004981544049352,4.0091982899693255,3.9701624133598523,4.036266769576134,4.100244849723717,23b9beb0
18.909999999999854,3787,1401,740.710000000001,15.807564700627873,7.540694503417692,8.448780965476546,8.398652963341677,9.1637095253298,8.897007869905066,9.326051237339293,16.328084738223854,9.611810174749017,7.813215422812155,14.061185174868871,7.829961895151003,9.157941875458947,8.419342516069968,8.448780965476546,8.448780965103627,8.448780965476546,8.448780965476546,7.461675806923294,8.207112593460883,7.694218936550923,8.248026738273195,8.385005160170012,7.445784129324432,8.32293892941881,7.431956228211966,8.262620798684821,7.420203641429851,8.204089325217081,7.410536242889842,7.614255980842696,7.58574821371358,7.7513630259967545,7.716709815734444,24d8997e
20.090000000000146,5223,1932,666.6799999999985,13.26584764197231,7.791927064526522,4.26564700276336,4.561358690044588,3.4395944725363643,4.700536751007971,3.49449831372197,4.577321455163155,4.774995377820068,4.486948718681928,7.738195962936279,5.856937410016175,3.543782344059753,4.562743879153936,4.265647002761404,4.26564700276336,4.26564700276336,4.26564700276336,2.82548875106365,8.237334369957866,8.873670658707729,8.217806694587532,4.164783867833647,2.7393959739932905,4.09980405361778,2.711670211210818,4.072425590365797,2.744081226658164,4.0834048781356165,2.834566921898327,3.2511599431081293,3.5792153347702453,4.42895424710801,4.7306805949872075,25050f63
34.73000000000138,4432,1639,812.7600000000002,14.360354555773263,10.808251377254997,18.788107664851385,10.972597438753365,18.539520142468792,9.605743713275238,18.682811350183698,21.120799144330757,21.013535609816824,18.65403309739847,19.16059086672325,18.62238217475059,9.659558529867187,18.562958707327518,18.788107664851385,18.788107664851385,18.788107664851385,18.788107664851385,9.457251629485834,11.028586489022235,10.964168532382821,11.116034078220258,18.34134964733112,9.506163705070517,17.89749402490842,9.557256456085677,17.456762187875515,9.610495102897097,17.01939681724424,9.665844187334727,9.859517345357702,9.936756702440777,10.163107788276712,10.217572865937766,25939962
6.719999999999345,3319,1227,644.4200000000001,16.592262982194995,2.3098343728001254,0.8031501500737722,0.851190357772394,0.8516554209348396,1.2064295316709357,1.7572199286270365,0.959973760711086,0.7465144884223834,0.8665184642716538,0.7141235537956684,1.4592902499280986,0.9553826170476473,0.9064694085586499,0.8031501500828805,0.8031501500737722,0.8031501500737722,0.8031501500737722,0.8314331176964592,1.2946356981172895,1.3135599838889447,1.8042695505462447,0.7227333277448831,0.7519422729262786,0.6612404752165184,0.6908288853899089,0.6242889336344091,0.6532711002561841,0.6163088372029281,0.6434072788178282,0.7929080241488526,0.627517496258911,0.8703271398372989,0.6900917782027715,25fd32b3
37.47999999999956,4024,1488,911.9200000000001,11.136270594594269,18.946933490484373,22.24788315155125,22.794398292143725,22.796371933971667,22.2883812737674,23.040550594432858,8.216716535567206,4.363097189813809,23.039218159815956,21.937010925418498,23.011861891248024,22.38140586455256,22.949843247635798,22.2478831514152,22.24788315155125,22.24788315155125,22.24788315155125,22.78309528132619,20.74615874826399,18.23669403616794,20.584864199705024,22.066895248468708,22.575652463351723,21.88734769187821,22.369592136719813,21.70927621916358,22.164952859176136,21.532717451153587,21.961774354658676,22.113256385855102,21.778918711643428,21.69334547286135,21.407385365838785,261785ee
12.909999999999854,5408,2000,726.9500000000007,11.402942472409087,5.456041037398886,2.5075244830283996,4.442797499123711,18.196059263739706,8.17518320799116,29.499420626256807,8.381517387811423,8.439589489272594,4.792539813555577,8.024903189680364,2.7887281084076583,4.605494912972649,2.990453430489888,2.5075244830283996,2.5075244830283996,2.5075244830283996,2.5075244830283996,4.445840354864788,3.451459943218772,1.6170561178160574,6.6373242741873755,2.326036058376253,4.1025689559328455,2.179250254116809,3.7760006848835466,2.0745464103249334,3.470853477622408,2.01848387668545,3.193274199129385,4.05845180688605,3.4579090939435924,3.8368825931916564,3.284072468034129,264feceb
32.16000000000167,5460,2019,772.1499999999996,14.281645833647932,21.100836222861915,11.731785270384112,12.518647484423692,6.725039135576656,17.57810525211593,11.189871796451481,26.38099606028889,18.473814058842898,46.51819158779631,10.727532805416166,10.525405657142114,15.358580504149135,20.732781955074138,11.73178527022863,11.731785270085082,11.731785270384112,11.731785270384112,7.560524432022548,17.86471026820787,19.595932832853865,20.792201564907046,12.059689731420619,8.032701982843617,12.411094115438313,8.553045664081699,12.784060693020342,9.113308765057992,13.176758645426837,9.706581308135178,10.070409509361829,11.071827105122697,12.13542944331469,12.991777412642378,26623a50
38.38000000000102,4719,1746,736.4400000000005,11.891344226957452,9.030830047902123,21.229687552730745,9.239136626654428,21.13583979305825,22.227844277518557,22.323436877942974,23.15221115181487,22.600961277891145,21.779110313839237,7.0509834377323095,19.423409813504453,21.87724765789186,22.25112566334092,21.22968755281391,21.229687552730745,21.229687552730745,21.229687552730745,21.913847878874652,7.181037190133782,7.062627176035456,7.274334986925712,20.558471610086784,21.21601459429103,19.889985621894265,20.520520455083016,19.224514372950917,19.827611613741144,18.562382106094883,19.137568887892716,16.383746201645234,15.586921883845367,12.917067471569398,12.501271546788978,26d3a96a
20.649999999999636,4148,1534,778.7099999999991,13.221085828137296,10.007297997521167,5.573800843055746,5.429930948077754,5.463213948710501,5.647557859890102,5.678904996945603,7.661573899336612,5.549635760746189,5.438541185238144,8.556512383708002,5.420669119878091,5.753227334342576,5.427784108986386,5.573800843055746,5.573800843055746,5.573800843055746,5.573800843055746,5.535837476864436,13.568142035768028,8.165110457608433,10.951492238799837,5.606883701903913,5.580177914205033,5.668480446946337,5.652007048829333,5.757676009489872,5.750294857462079,5.873213107423908,5.873713251207556,6.75042117208254,7.025442139600444,8.386410801975229,8.541952418994272,272abef3
27.1200000000008,5392,1994,744.1900000000005,15.20843542006418,17.61402686381148,7.757023998068704,8.25503965363618,5.7488137872093095,9.068682381266054,7.367939084967557,17.792594046929928,12.181100059867926,7.212892388462078,13.35044094653111,11.267941765228894,11.290038122053826,7.333968647932476,7.55653264157934,7.956751183828659,7.757023998068704,7.757023998068704,4.890852004689095,14.575697432300338,14.6320018162697,14.995127502393581,6.851034225407401,4.6740299133406795,6.034175513254835,4.636593503240598,5.347451150572777,4.782756985488372,4.846498633726403,5.0967490456796245,5.5359395337901525,6.408038679132017,7.672075203948473,8.563150855147965,27300fd5
43.54000000000087,4592,1699,686.369999999999,22.548575232357027,23.61320533888435,25.85156161572958,25.589391235513073,15.729699135379747,25.599715573954533,18.018839240685693,27.363538134377514,25.89146856473767,9.821956705120707,13.527880886929347,18.389987277634916,25.786764386914843,23.747776447708556,24.722641591112147,15.119946894243093,25.85156161572958,25.85156161572958,21.97033143783922,22.905052829494362,20.442895661180632,22.99334453395415,23.97850007954727,20.23962567494892,22.15571419183243,18.565380954343127,20.396687324853307,16.96432229834219,18.71940206037131,15.459205369244188,12.945159340794996,11.58417222076379,10.655838663136512,10.966868944612294,276b012a
24.76000000000022,5067,1874,1088.0299999999988,14.336680301505483,17.13380076388606,12.961868836448861,12.785374225350347,15.938418493690058,12.154093109446935,8.33584293265272,17.51519208843436,16.138238546754827,13.669312750899582,16.77439510188932,6.653821762115158,14.431465142875405,13.011853155832096,13.821806422777756,12.961868836448861,12.961868836448861,12.961868836448861,8.70142095987417,18.261313462356515,17.53893118085175,18.338196889737347,13.137559689969665,9.090731428770784,13.317621984054762,9.486070704197173,13.5018808260634,9.886715592442721,13.69016677037623,10.292046507500867,11.445682522294083,11.997329230362821,13.355068292588902,13.726023010740295,27c3155b
24.38000000000102,5585,2066,774.1200000000008,15.089953911655664,9.249883057646134,3.9535495414962316,4.024177933991116,3.9284549935297055,5.843403343408512,7.012644754667078,9.175448152557147,4.230426914381945,4.028161138779699,4.121814862559615,5.128625851009376,4.022024909907741,5.025740984360845,3.9535495414962316,3.9535495414962316,3.9535495414962316,3.9535495414962316,3.5538382444829715,10.942338139402302,7.350797211316389,10.923726910493086,3.845763650509025,3.451218343550199,3.7954951875173535,3.4134387696656163,3.805024436944718,3.4426348639020876,3.8739101431763174,3.53714853668082,4.403339377443314,4.723936274044313,5.998138083402587,6.2618851488584495,27ebb9b9
5.989999999999782,3334,1233,880.4200000000001,16.11255751907312,4.7124055191434,8.660024288481505,1.6662619419274738,7.958660833741837,9.063116239713992,24.542078833465325,7.712719128090516,8.763982294651404,13.240685661103122,8.815687579272048,9.965880914818293,11.490833138098287,10.258436992114856,8.660024288167863,8.660024288167863,8.660024288481505,8.660024288481505,9.172729110413247,2.8044980100166335,9.827145508348082,2.8038546342210617,8.019286648722375,8.500979686073212,7.380312444382238,7.830588048135498,6.743602964589436,7.1619354927761885,6.109866271562798,6.495559105446004,5.719949835159268,4.742465475808474,3.468007283263243,2.7593710037747385,283269ac
21.340000000000146,4833,1787,1066.3700000000008,18.41271602153022,4.295641524375474,11.707363590591273,11.382499264456579,11.13262198057031,13.442016096287162,16.89415033872652,7.158840186523806,6.373844931940321,10.49149788132523,10.769062297989366,6.589330174831426,9.923810533944952,10.805506733951631,6.8329129661938595,6.692947781338892,11.707363590591273,11.707363590591273,9.958729820744162,4.689860970632116,4.469464499382145,4.485036071423639,11.237173686225946,9.572866541810793,10.770196371239894,9.190848960003592,10.306868317012803,8.813177178371951,9.847704623005585,8.440434582572529,7.953889652682873,7.432565264343993,6.7378084095862025,6.3779296236865894,28473855
22.8700000000008,4982,1842,383.3299999999999,14.056101727737333,8.63873139578121,4.4051940908168765,9.263925657306329,14.771692400669464,15.094453686332573,3.8458045649892063,5.955801569915633,3.675145601673332,9.63163077747624,3.4393961621572045,9.80199155930967,3.367193350989592,16.96347458305205,4.405194090894581,4.4051940908168765,4.4051940908168765,4.4051940908168765,4.067029507936871,9.309008202885602,11.637320924416398,9.225064486125715,4.357721168137054,3.9321040238397944,4.348351871355646,3.847269816325625,4.377330879821837,3.8158692291990945,4.443908041599121,3.8392135729245105,4.224611018354832,4.47052055636733,5.302161528881237,5.572355852213471,28f4eda9
20.349999999998545,5414,2003,715.6299999999992,14.077134083717292,13.451148336069483,2.9657159987743884,2.769048967785477,2.7241980831158177,3.6204632863306494,5.138600810170334,12.71904384150102,2.638861896500639,3.2702795984329387,3.0556941139108775,3.328458518002478,3.2629858482825984,2.9023836142529738,2.9657159987743884,2.9657159987743884,2.9657159987743884,2.9657159987743884,2.9861288480461394,15.802771669725985,7.659008732076673,15.795370707191273,2.6222568678513563,2.6288885568803084,2.4627231117904085,2.4539035578872253,2.522259605680051,2.49974566263808,2.786861363663761,2.7554150619985722,4.2829676530180265,5.102411892097672,7.385182451808117,7.975320919552783,29b24409
9.640000000001237,3770,1394,717.2299999999996,10.772463814111601,2.9827193990149574,4.359145980532102,4.021956857704019,4.379334045311033,19.09471778566768,17.790405479794632,2.6792375349957607,4.474903855358872,4.458494539066882,3.6993583875137235,5.123201100748561,5.2810941304962284,16.94356298154744,4.359145980532102,4.359145980532102,4.359145980532102,4.359145980532102,4.863206766410256,2.6074266509442223,6.401170110210037,2.8378364381812204,4.186183927725015,4.542923407094937,4.018521102301842,4.226699804909334,3.856848661573087,3.9155197007735083,3.701951528944924,3.6106873226146448,3.1502560213873947,2.7507288779576373,2.2140609732351275,2.011317206580382,29de15c8
15.969999999997526,2427,898,487.8299999999999,20.643140369976013,11.54833265647666,8.734243407794303,2.7466047448832214,9.277978223323466,7.071480950720756,9.018299748990898,2.005907226844531,2.6151313908510048,9.274259591765068,8.109006057772792,24.706440034308145,8.811641726939921,7.717275434502474,8.734243407794303,8.734243407995603,8.734243407794303,8.734243407794303,6.122945147084081,12.775567225111653,11.99268973185408,12.769667707101835,8.86299444736696,6.388762257434269,8.993344627460834,6.655570574923362,9.125225419097196,6.923255503125964,9.258571415565633,7.1917191570078725,8.096095240550351,8.438283067115393,9.426106367934372,9.636893275495408,2ab29395
65.81999999999971,4709,1742,497.2900000000009,8.947498394352765,20.32016369262886,18.46590679207889,16.649300793081665,15.503639543632184,12.55428844366672,16.91573160680418,20.798570394344,18.242982991849694,12.372020294779118,19.616068660324494,18.84794402250674,18.714972170915853,16.266671106773007,16.255353673495467,18.465906791906132,18.46590679207889,18.46590679207889,15.158896262980702,19.830655222065424,26.27242057688632,19.8052956226238,18.462283120692447,15.041253002526265,18.469290487043256,14.967438147091984,18.486916802220634,14.938101429394992,18.51513173868764,14.953504631677513,14.790052867465704,15.054829723208758,15.491720221410077,15.861046131567363,2ac7cb6b
33.02000000000044,4460,1649,964.0,17.83105144013222,13.2933232566685,14.858202841615094,5.946214165124123,5.052511036239771,17.905612292854837,18.63808944240587,6.4536531487068745,4.800788276726845,10.492939580439954,4.593388073918723,23.547551746842483,6.203715061122496,14.793257272892475,14.858202841615094,14.858202841615094,14.858202841615094,14.858202841615094,6.526410561794603,16.094197744957746,16.221183740734343,12.731745542209168,14.730114766289834,6.819600171246982,14.606623377876165,7.1213663780722465,14.487846220460254,7.4306643448815,14.37390016111887,7.746591963071986,9.237608051547317,9.613210602691876,11.153146944897081,11.34779945433551,2acc78d4
11.960000000000946,4936,1825,626.9500000000007,11.404081593709861,3.9518603752463304,15.333330441743085,12.644373543247875,12.439680548451934,15.969623117671619,17.66411061222841,15.468243489230066,15.298794316309497,6.1608861995020705,15.871422109780083,12.20264251029007,12.9336034291178,12.566271645737267,15.333330441832297,15.33333044191152,15.333330441743085,15.333330441743085,13.058055111461591,3.908590083190275,3.8600904232107958,3.947459005138071,14.515551501967554,12.35190494709606,13.70057184941201,11.64902705065341,12.888922500336568,10.950051575601947,12.081274686990488,10.255776453612594,8.912498962721319,7.970263213957285,6.31723851012554,5.707585749632622,2b034622
7.219999999999345,4165,1541,486.84000000000015,9.24060050139024,3.1934723261987843,2.317227343897575,2.648074751365792,9.016129874253044,8.362138211222021,9.784638828008015,16.028960587491376,2.9162217678416926,4.27308939116707,14.456684128614306,3.473919109861841,8.157919299368416,5.0955809111059915,2.317227343897575,2.317227343897575,2.317227343897575,2.317227343897575,7.475954913345864,3.3496228989877683,4.380622777455698,2.4334459187773048,2.301898562364053,7.237160830549758,2.293643165108399,6.99946010164241,2.292537566893269,6.762968013241921,2.2985920846701045,6.527815927869149,6.087907208202885,5.764529097277347,5.20529017545116,4.981402415307288,2b06ad65
18.98999999999978,3746,1385,878.5900000000001,14.747147635652416,11.853631926791998,3.9920099861996725,4.330752463398891,3.495373388139881,1.7642325446076144,3.922211070502714,11.777757718998737,2.7302022757136686,3.7686986227338357,11.642912076046608,4.15371832655696,3.78824771080084,2.491747480957997,3.9920099861996725,3.9920099861996725,3.9920099861996725,3.9920099861996725,3.3734388083489644,12.228399738757227,17.43140293327211,11.538703940558465,4.159701436442437,3.598105965769809,4.379707864904418,3.8765185535639697,4.644601011348519,4.197996910353081,4.947175836623653,4.553428645594963,5.37458092680212,5.973420516359694,7.2081093823467555,7.660636455257302,2b547943
14.81000000000131,4200,1553,816.1899999999987,13.105960723478672,3.6324476071993623,3.946956761357691,3.2856887065394167,6.715621630830971,6.25036020091574,9.117421255452022,10.768804547032856,3.652968555341957,6.601911332451946,3.619828658714762,6.484083208521623,2.612278598522237,3.814739317498861,3.946956761357691,3.946956761357691,3.946956761357691,3.946956761357691,3.7157610849704583,4.197045775077168,4.135194519521866,3.6090036746737475,3.90234405557533,3.682967861374831,3.860365941971658,3.652936048203221,3.821109251197684,3.6257342640652985,3.7846586687628014,3.6014266356516007,3.7716870055320633,3.7141834572212793,3.8534955579788828,3.7914550417944715,2be5c96a
32.419999999998254,6697,2477,801.7999999999993,11.653088740219594,18.436235347656716,18.66385247378699,18.232146979517484,20.094348528877443,20.318029421455474,18.701693308544993,25.38076743845872,24.537009163561358,16.58059924688339,18.600326711354974,22.645435214898367,20.40020396353347,18.6158194321623,18.66385247378699,18.66385247378699,18.66385247378699,18.66385247378699,18.431924442553782,17.329953516257255,18.81298634107453,17.393709392042688,18.641371249520443,18.423285599604583,18.62004002049882,18.415575385220958,18.599862743336722,18.40879496622668,18.580843177323437,18.402945370345826,18.077273879013482,18.102885323739592,17.85193969513812,17.903516878077795,2bff06cf
20.0,4905,1814,959.4400000000005,11.859550123735506,6.741521486058512,5.990277227349793,6.015326923884569,5.982219808291633,12.199380993417238,12.302179765919725,14.21525603214467,5.01441098608537,5.805094843128633,6.045273283216404,13.858333650081596,4.991527666837973,18.884357185809456,5.997653271069905,5.997653271158461,5.990277227349793,5.990277227349793,7.126624552241655,5.8343027870696735,5.820150750663133,7.4691343344738925,5.952833421019606,7.077957745186069,5.923381121155067,7.032130043900447,5.90203996637256,6.989197296092043,5.888898140824583,6.949213157670226,6.569561315963209,6.557427470799656,6.270012613256199,6.3011009580952715,2c0c4a4e
35.43000000000029,5355,1980,976.6299999999992,8.287648588078472,7.232132009859061,8.489116340625582,16.749824969505415,8.581576113521358,9.012157653559012,6.200373289671947,39.51657422930686,15.747400560711652,16.735350559377636,3.876261073982282,8.87256730840894,16.777950979600906,8.573646159686128,8.489116340625582,8.489116340625582,8.489116340625582,8.489116340625582,7.0695515574084276,6.979317563400768,6.184077146893502,6.984222961992309,8.085375843511418,6.82012788187694,7.699474071811752,6.589889410206118,7.33422740304727,6.380913223321711,6.992873113549346,6.195351297517051,5.756793495552989,5.636628548217862,5.454572088989079,5.509034875091974,2cee0cba
27.19999999999891,4591,1698,781.75,8.974173053907657,15.26796324729542,9.37252548382127,5.588545584454601,7.98557915746697,8.016634322866999,5.662190706203347,12.740055595198735,9.285203925327727,8.873498077499121,2.291830508584836,4.245514909491099,6.977574850275568,4.119714645491771,9.37252548382127,9.37252548382127,9.37252548382127,9.37252548382127,5.6337814887135655,15.133768011995944,15.378429797916633,15.6753078923906,8.827783981542785,5.544635254212853,8.356045371014002,5.559785156789258,7.970282717564248,5.678396474776548,7.683456714990305,5.8942265571972206,6.555391450214409,7.184715969041737,8.561389718974711,9.160925298382514,2d0c268a
24.850000000002183,6734,2491,1009.9200000000001,11.40677510746497,8.377628016807602,24.843310915511143,2.5569994627601393,24.865150098910863,24.87270241644539,6.474624468577709,20.46414846019954,20.220530486568453,3.4097865647121792,18.1789970757399,17.640187282392233,25.31552423702994,3.402741180241635,24.843310915511143,19.965965375579906,24.843310915511143,24.843310915511143,13.020871721358953,9.31212313218577,8.651807702563081,8.360858491943334,23.923011525794216,12.68775167709314,23.006000474603955,12.360967818640844,22.092687237348432,12.041036033736786,21.183550105039608,11.728517070644045,9.959752880807915,9.723696301686543,8.600282789279708,8.559832487225925,2d179ded
31.549999999999272,6071,2245,762.7000000000007,14.850436866208286,11.939553796899647,7.2249579303732,6.965183604120274,12.89144925278111,10.197522177232301,22.24433305106634,14.687503955598906,9.874889877068835,9.874317825691046,9.706533803564259,6.931931700647083,8.555324001478876,9.333156050432097,7.224957930106759,7.2249579303732,7.2249579303732,7.2249579303732,7.249493320532466,18.920518998426832,18.896262234121735,16.726596750590538,6.755155281415775,6.734840784944351,6.34280124769958,6.276325884744565,5.999752617483101,5.887080094862871,5.738452255231656,5.581614165634004,5.374117239388192,5.767276845476131,8.246501267480527,8.581865535412232,2d196986
13.590000000000146,5086,1881,950.6900000000005,22.216426654323598,3.1194736175844886,3.924557551241733,3.7896296908423652,2.3608164297610346,4.141845408397578,4.441263544617115,13.32136613388797,4.211465217867104,4.019356723715063,5.028077645164637,4.029378723820927,3.7646077804254214,3.806138897393492,3.924557551241733,3.924557551241733,3.924557551241733,3.924557551241733,3.7430802306657567,2.7989981740984824,3.099778606380101,2.8863735824951235,3.7413573928893324,3.5806278202405912,3.565296901451692,3.4254714951248464,3.3974862082897372,3.27864724294756,3.239207736684001,3.1413235946677056,2.88756750246226,2.7340041546397913,2.5249212818974196,2.47158196169917,2d2d0c6b
30.779999999998836,4838,1790,674.3299999999999,24.544262106652898,11.328521182698816,11.404273066185029,8.944716135428978,20.11212567514201,10.882115628705312,18.749179341300728,21.75815330619696,11.676770884056191,11.191855461469583,12.23053671917414,19.406982924318694,11.201594260765878,20.140148647986653,11.404273066185029,9.675349123633945,11.404273066185029,11.404273066185029,10.956456990015836,9.836469143805244,10.66679044105372,10.66913090355947,11.342326994336892,10.9639900334401,11.286211856244645,10.972714451870612,11.23601501515668,10.98262740608207,11.19181610449519,10.993725680995073,10.474842607373779,10.550076499416736,10.219073945705803,10.321160063927207,2d35f86d
19.520000000000437,6298,2329,296.9100000000017,9.499884445919982,6.346815127121903,8.487950495343442,22.90502971044683,11.135653582313267,22.19848126230166,22.73417867385339,25.04748177426707,10.344894261272998,9.45780110417382,17.94996405875968,8.113937335634457,17.803724992295216,8.14758971677886,8.487950495343442,8.487950495343442,8.487950495343442,8.487950495343442,11.535708253877896,5.270943281535895,4.6672379228529985,4.988740031695523,8.305822262880394,11.21633935463847,8.129135770478687,10.900296984800905,7.958253473494445,10.58787903378097,7.793557171347032,10.279415973182532,8.733392595959991,8.42785028089048,7.100114790086042,6.992519263856494,2d9f6cb9
24.710000000000946,4973,1839,818.5,22.557819457330957,10.634350749607623,14.369002548093642,10.236538194590588,10.066355736140812,10.37745481509452,9.668647976974958,17.636645993471756,14.799802458162919,9.70294643114708,18.038804780217756,9.064423530808664,10.197494404415348,10.39677371227263,14.369002548334674,14.369002548093642,14.369002548093642,14.369002548093642,11.22361052987694,9.772615557779044,10.854316587345878,11.118355518644833,14.14563873464763,11.178217685978286,13.925118470449176,11.13440248336588,13.707578992722365,11.092183617563126,13.493164472735117,11.051579383401528,10.690335231054675,10.670344489292493,10.378108128914919,10.396764422079173,2ddad940
17.649999999999636,5295,1959,784.5800000000017,12.01272334699621,5.041043083826082,6.550014921920174,5.5250064683033795,5.526633573596699,7.445095477471877,7.984346982109153,23.804208288396424,6.756307349377236,6.46154010595814,5.43446875950303,6.1530602562879055,7.603793449448108,6.287846452341552,6.373858079163397,6.550014921920174,6.550014921920174,6.550014921920174,6.071434279030932,5.077925343870979,5.146476967275576,5.105167821839495,6.443543228323243,5.973461488357976,6.3395089256248305,5.879296217024511,6.238033963184536,5.78912426611139,6.1392452515374725,5.703135053263238,5.544886362381402,5.44577743963866,5.291340172550769,5.240312830290299,2e29e833
21.889999999999418,5365,1984,745.6900000000005,18.467514778164894,13.697498143679326,10.36724287728326,8.572256515640634,8.453284932250378,13.761398244218201,17.031841371581272,17.03611433856295,8.53246871422037,9.339176752290898,15.377816633945669,16.80836601673806,9.368272525791772,8.531478394006351,10.36724287728326,10.36724287728326,10.36724287728326,10.36724287728326,8.848700361591712,21.283239102875967,23.838346684620088,15.709132708015803,10.52300511173313,8.995004443557201,10.680207387810423,9.15539675773607,10.83878704799802,9.329150692592991,10.998684514846504,9.51553432552257,11.91493406279005,12.060542992391575,14.408948371331157,14.329880593907658,2e43c2ea
41.669999999998254,4749,1756,940.3700000000008,11.181292406910304,13.426575122491265,13.229897223296037,13.227626090884167,13.2335862992673,13.226411566865254,12.3386179724183,13.030913595313919,13.171874738648832,13.244505039125286,13.251116718657734,13.1950423978374,12.060411987829129,13.222458303590757,13.229897223332113,13.229897223296037,13.229897223296037,13.229897223296037,13.228180684584967,13.69469795790866,13.132819914918011,13.322092534776923,13.236196610740098,13.23475702233341,13.242872225007401,13.241689325302033,13.249923497442603,13.248977034732079,13.257349828635155,13.25661956447959,13.353671118576925,13.353491376139429,13.444337125249882,13.433715509029675,2e63d9de
19.05999999999949,5297,1959,688.8400000000001,10.288748308758379,5.0394630359934585,4.682748993858711,4.424027434684854,7.107386367417509,40.0546656450819,18.744970632413434,20.388883878784906,4.217387459492161,5.372614722750757,6.363810877553035,6.020803735959372,12.670394190616552,4.667929056892841,4.682748993858711,4.682748993858711,4.682748993858711,4.682748993858711,4.669418981621814,5.0886924715902175,6.819095254549439,4.5609396750314914,4.624983060277416,4.559075268255034,4.574674654331373,4.46015247924283,4.532072130369189,4.373425675071608,4.497394480531325,4.299632925431464,4.4515964031225685,4.323880927464673,4.474679138468456,4.374663851598334,2ee0235b
12.760000000000218,3463,1281,483.1899999999987,18.172713957137525,7.939087467591291,7.26630913692719,7.270017559985573,7.29786854645862,7.469504580301204,10.39168923665784,19.44141928842373,7.112673025407723,7.394858228992549,7.159034338183875,4.148061098189444,7.305003433511249,7.338080355293777,7.266309137048766,7.319991815953402,7.26630913692719,7.26630913692719,7.290067032175655,7.866512386304991,7.7486562377744725,7.807267531388896,7.292770518986228,7.315781828688652,7.320043961690322,7.342256874157921,7.348120422857261,7.369483974948639,7.376990733750388,7.3974548270153715,7.440687369557652,7.483415577532088,7.552124341074289,7.586295223606038,2f19d536
11.200000000000728,3017,1116,640.7600000000002,17.11997112487044,2.7800046916357544,3.319518768863888,2.2003903645744756,2.1964332773665656,11.539015962950488,2.693536078120496,5.939175270409818,6.558169756163279,2.4936986993738324,2.918048699122334,6.253146791548266,2.5383123810601207,2.641323451259371,3.319518768754069,3.319518768863888,3.319518768863888,3.319518768863888,3.883984926423066,2.651713162852172,2.6497676585594707,2.6615848302126315,3.190609082302722,3.7473982817378375,3.0678635368631086,3.615473522320222,2.9520511430251446,3.488739548107666,2.8440190095644997,3.3677824178227334,3.1050822411039083,2.971048715780666,2.730216883360493,2.676802122287837,2f8e53c3
48.73000000000138,2818,1042,785.630000000001,16.039801037266415,29.897015967035234,13.218139999557385,13.47157814733558,13.856664488021691,13.389928297650313,13.33853059627461,15.742307337354955,14.296683113323455,12.506591878532243,13.72793835305014,49.33588553369844,13.587879704868401,4.17358027621403,13.218139999557385,13.218139999557385,13.218139999557385,13.218139999557385,16.46508918097983,29.812540682958407,29.816024635307254,29.798244252630212,13.951525761380628,17.090578944880555,14.705722063182117,17.724130864035644,15.477687037639594,18.364910573709306,16.26489086889931,19.012187279635075,20.281037471588533,21.21701231941419,22.94058644666551,23.626880554070414,2fa01aa6
75.98999999999978,4658,1723,1032.0699999999997,8.314970542309721,61.95206302551385,47.28694015314827,40.308014864357105,42.9309142794839,36.931074902858555,37.23891919384623,22.283440168494423,35.454186578643125,47.64119787222005,37.298516961664575,47.67078433649332,42.97724133288936,37.640170141057936,47.28694015314827,47.28694015314827,47.28694015314827,47.28694015314827,45.19443130259557,61.85790717348842,61.70481609663015,62.11734457438428,47.99907960445501,46.01615507268239,48.71403635940962,46.84012258538343,49.431688173689565,47.66621748352845,50.15191935210035,48.49433104799782,50.1321625921838,51.3011821446538,53.45772199042794,54.300565228512276,2fd68f7b
34.919999999998254,4424,1636,798.0,13.082056231876296,16.09551258040674,10.609994432941185,10.7668456522475,10.710055101151955,24.806241382638728,25.561771948555265,27.253650870865094,25.39446861235978,10.736608928319553,23.732779553211426,25.51716484958385,10.919604096498492,25.876648493262767,10.639376523972949,10.609994433231131,10.609994432941185,10.609994432941185,13.437219439727597,12.64828438644638,8.906167722883486,17.095971319366576,10.86653416448424,13.559399513318125,11.125745376615304,13.68289997944993,11.387445638913613,13.807685408099138,11.65146723505935,13.933721276311033,12.920381829850848,13.22710956527207,12.704389746760883,13.025075915969442,2fe023be
53.39000000000124,3657,1352,518.0400000000009,13.645421315192525,13.72121433720824,10.832758013419804,11.048776339083446,10.944828782337563,11.020570128451569,20.40678715187011,7.2657474264836495,13.74361283462826,15.36414568814994,10.887296271179332,13.911137344484182,10.190552790891934,15.358041892050277,10.832758013419804,10.832758013419804,10.832758013419804,10.832758013419804,9.256104581361877,14.975856317300513,23.972458323676594,14.422819668177034,10.615565032478175,9.241585272470633,10.435297582754682,9.257784608437062,10.293895774826238,9.304542145895628,10.192977224820769,9.381400983536505,9.13178187344793,9.490718218260435,10.13677068368822,10.483559399513393,30d75030
34.38999999999942,5101,1887,730.6499999999996,9.669662842640736,8.837097652654156,8.996366301952571,13.072176746538497,8.93451812803119,14.543451357482033,4.968831943495431,17.19654878293615,4.5506027651535845,4.97281400155251,4.862837027327541,14.455647312583462,5.051053034860774,4.8057353592411385,8.99636630181798,8.996366301952571,8.996366301952571,8.996366301952571,7.601087024606869,9.77664725068923,9.067847718322676,8.420895483787133,8.966162091250377,7.643395748622871,8.938214561036501,7.688011235453729,8.912544940508715,7.734893568425335,8.889172963720087,7.784001788620841,8.18283286842198,8.224622709441677,8.608638160416726,8.612202545126856,310c71a5
37.01000000000022,5959,2204,869.9400000000005,11.69174433404062,21.617764495173315,6.235490998405228,8.472134617307269,5.797401856427633,6.356505614550778,6.78435211080218,16.50236604324069,8.615527873069437,5.47083458961752,2.8873167301458573,6.70946889440288,6.197335153174997,6.316411105937443,7.50203214485239,8.88895094052759,6.235490998405228,6.235490998405228,6.692691406440568,23.41731298865615,23.37950141234134,23.575821786630126,6.726524998190849,7.148037965546532,7.293554152644904,7.678362061998016,7.920273282534663,8.269250864289893,8.593633028510308,8.908661204759705,10.76513584263207,11.767306905099913,14.190490708907568,14.910605407796222,32fe84c9
22.839999999998327,4372,1617,790.7999999999993,12.616062706908037,10.112499666096129,1.3133075296125163,1.2455714702698315,1.2855423519014841,2.248815027824567,14.647870133708889,2.3517114016851584,1.4620026584075814,1.2644423211677747,1.174989971290635,26.742302941311202,1.557307068087903,1.3804578024617893,1.3133075296741183,1.3133075296125163,1.3133075296125163,1.3133075296125163,1.2936122195370576,8.500387672124162,9.050848327296476,8.614659413819432,1.5107522324697436,1.4757087513319698,1.8194560642222397,1.777170361771267,2.1929251816930644,2.148321927117841,2.60343499179894,2.5590181988595098,3.0187680378631105,3.6782139316045397,4.540189608837377,5.073574092559115,33c40295
74.46000000000095,3876,1433,755.789999999999,7.666570041311856,24.50784047003416,25.673884068690384,27.99465494074822,25.18955482498572,23.404628160685824,27.68014052276263,27.99974967013354,28.5711534074978,25.969219498124787,23.029838720079667,15.20546270982651,22.198083416905884,26.465258293387258,25.673884068690384,25.673884068690384,25.673884068690384,25.673884068690384,25.58764414696063,23.512319457672557,14.939920864017534,23.510649874210575,25.599060097703056,25.529848081070234,25.525894697541844,25.472436867935045,25.454402170253505,25.4154131156003,25.38459665015256,25.358779437892647,24.9531419843996,24.903948888313387,24.535569068909076,24.529421203080652,3407f5bf
45.590000000000146,5444,2014,984.7099999999991,8.67148083443739,34.29522295138337,22.83169095996119,36.88615603769098,21.83010336521451,36.81817829006199,21.705753663079538,41.734555373815,41.64571693959456,36.7423941956192,41.482229502010206,26.20289960852187,22.547687158817038,36.83132670600872,36.86088051942544,22.83169095996119,22.83169095996119,22.83169095996119,31.030867130490968,34.18430245602262,34.19293882169966,34.235162463167676,23.39711289972974,31.193091947609684,23.963700430910087,31.355431055224784,24.531372790579677,31.517882687311086,25.100056374170972,31.68044511285059,31.97429135005661,32.20528444909804,32.604541958343084,32.77287965238773,3417285d
12.930000000000291,3969,1468,1025.92,14.50186129183506,10.04640284020616,19.83436010345506,7.274372445215285,8.558404243690427,19.75538737066968,8.663885143744842,23.31252291094798,21.37295449234851,7.408066695093514,21.527208134358958,19.278204319124555,8.731882122946796,9.154371155414696,12.112754784137984,19.83436010345506,19.83436010345506,19.83436010345506,9.10297955894718,10.766026831494989,7.576608118213591,10.708119302531184,19.279935739305756,9.117842931016224,18.728945710100675,9.136326339302855,18.18170224741976,9.158407866066307,17.638554071057076,9.184061558137708,9.439494019354921,9.474235739990577,9.747462494685825,9.765775600715166,347242c8
19.590000000000146,5768,2133,835.289999999999,14.402303159296125,8.534123674183768,5.652202942868439,5.623627688618188,5.632544380881097,5.66890301401076,5.812536684791862,24.751241094505065,5.6150023022534885,5.69362827079792,5.775688847236553,8.273578546811084,5.742681332569782,5.7009972966231155,5.652202942901607,5.652202942926951,5.652202942868439,5.652202942868439,5.487960205991643,6.718406530104046,7.402311052045084,6.8569102823335495,5.540134997652393,5.379966849325646,5.457655499977494,5.302709793747572,5.406118885118464,5.257544178904851,5.38641340067893,5.24529905812179,5.7233805408514495,5.564906828637016,5.950246608488224,5.79549181885493,353e5502
16.400000000001455,4212,1558,784.1299999999992,8.966641226347111,5.668882462295184,5.228953502136831,11.525257400241768,2.706358354060891,7.549900791670495,3.617086781587429,14.064886623066707,2.1584148417978977,3.3057782039072596,4.532008959489619,14.793247576468122,14.040027827190723,3.47970917891099,5.228953501946624,11.505905288580859,5.228953502136831,5.228953502136831,3.4273728936870618,5.449092885206087,5.3587674142827595,5.647148746058705,4.883849022514941,3.1332490491462655,4.555722387034096,2.8632230265419234,4.248509186350991,2.624742737793474,3.9670710594953094,2.427124764742322,2.4092869730208966,2.3434504240161766,2.6900720304339423,2.8383350464908363,357c12f9
13.610000000000582,4490,1660,756.119999999999,14.979124232525795,9.076793247452896,3.504793163732553,1.5849686952179611,0.992358325979036,4.237522694001982,22.36812323297659,2.5976936615003323,1.0564262597889145,9.312908904196359,13.929627151920062,9.698847042891217,9.641155806008621,6.774066478343812,3.504793163732553,3.504793163732553,3.504793163732553,3.504793163732553,3.04914241208116,9.842714161819352,10.23568693858335,8.605085111565813,3.4237461020945954,3.2561621815419795,3.4042004114289326,3.4864310470848143,3.447202391684484,3.7356521960505056,3.55048011342229,4.00028496533252,4.713927313367251,5.122611383612371,6.098727220700043,6.386025975409748,3584a6eb
22.889999999999418,8227,3043,1171.2099999999991,11.75200078438907,7.67264270667503,6.72682938931254,5.916335596392288,7.161809576078534,3.719377208676948,6.6518461190161515,16.255539570028535,14.827859307368547,4.820402670878193,7.349494393766913,10.022175933970141,24.76036625895261,6.259858297737241,6.72682938931254,6.726829389137818,6.72682938931254,6.72682938931254,4.728686012777288,8.222680356788514,8.25764596795357,6.175759915870604,6.698551970599411,4.795384751023384,6.678518176288114,4.874037666506027,6.6668023232636004,4.964076570717106,6.663448286152521,5.0648942720090275,5.40100051513292,5.580749805899462,6.077218509316046,6.2193175888622125,35b30c7f
40.77000000000044,4187,1549,613.7999999999993,7.913732733440374,28.249904424617604,7.362672592571649,9.80191350197694,9.293186523618012,6.408526233761544,6.580110189026845,12.708557862378457,6.113466240951312,15.676100944146555,5.017109029061473,10.80260366890525,6.339650484450161,8.531474935231438,7.362672592571649,7.362672592571649,7.362672592571649,7.362672592571649,6.932605972131665,30.79892707824829,30.800244291429934,29.95437980138958,8.228996608258146,7.814170011140383,9.1496982138107,8.754449333459965,10.109931967158746,9.736447815917826,11.099442603531507,10.748737218063471,13.55356562143876,14.984677164717018,18.389662047862743,19.365570145695425,35b3ef6a
21.530000000000655,5338,1974,973.6599999999999,11.873229794359977,7.046229000306666,5.872663244340324,7.068516211992741,8.603911268129426,7.5962224495184465,9.674520313814318,18.1775655903284,6.854031462542935,15.277394697771944,17.50882200548838,23.916233193244214,6.965458352341014,6.740559076641419,5.872663244340324,5.872663244340324,5.872663244340324,5.872663244340324,6.5239129287210496,7.229781010392086,6.7525864381248475,7.565155936178703,5.864861998848535,6.4923243268009605,5.864680148452159,6.466814956348721,5.872118401034927,6.447456975227076,5.887147873282685,6.434305904105021,5.9543721348206216,6.004217966099589,5.957159794103273,6.0057647329310555,367456ce
43.05999999999949,4795,1773,488.9900000000016,20.87133146625821,21.331330190486128,23.245415203508088,18.41994955117565,23.009521449317365,23.227525540026626,23.31680552293613,48.11953230948571,41.248713950359374,22.983879733787173,28.114560522710587,24.110041873129862,20.689127186070515,22.977892220017292,27.414340064325973,23.245415203508088,23.245415203508088,23.245415203508088,22.20642126724134,20.968414092926924,21.697854696625086,20.924566330534656,23.116040894956797,22.140219293384007,22.98990343139555,22.076276561619473,22.86705637738443,22.014612758264978,22.74755304207159,21.955247085211763,21.730350375322118,21.669170367468258,21.461316624153806,21.437425827575385,368131f9
28.6399999999976,4684,1732,516.5400000000009,22.532915132088256,17.52145958188367,20.515765521550602,15.085133124213225,15.232210734016208,27.54769295238941,19.565911664601778,40.61239922968355,28.998916543911157,18.71864131726547,17.75610112787978,20.368608738979564,27.8939178455768,19.06935546841181,20.515765521550602,20.515765521550602,20.515765521550602,20.515765521550602,19.328494391688203,18.381771139536113,18.862182624736075,18.422494047030533,20.28550186422232,19.161863653641216,20.062303993461317,19.00231555821592,19.846410301700306,18.850029950360128,19.63806168885957,18.705184210455336,18.699581132649705,18.506147024053817,18.439595112207954,18.307490543389644,368fe682
23.18000000000029,4206,1555,933.8500000000004,8.961987143767336,6.693932778550061,10.390037780514673,6.8610906539277545,10.472936320784367,10.411347846332248,10.429075571721622,10.42085862985955,9.706569838098174,10.494372675397802,9.701912328451543,9.694119678925624,10.621059342037276,10.50060087253971,10.390037780514673,10.390037780514673,10.390037780514673,10.390037780514673,10.035775073518588,6.728848588620332,6.5057321080360815,7.019238192472374,10.09967896608443,9.76715170627199,9.815704620052182,9.504915629197818,9.538684971785843,9.249610117230946,9.269243584377955,9.001824873943807,8.48135742394054,8.181474324458542,7.650553464317176,7.484580614328041,3690a146
40.07999999999993,5068,1875,923.8000000000011,9.195964655090041,12.903452026908802,5.740933338078611,5.748458739284169,5.752197829452962,5.760774225997064,5.712635564541249,7.950968151788272,5.736063031198821,5.718804298583951,5.72093187728633,8.454532250346636,5.761518925984996,5.70456133054338,5.740933338078611,5.74093333798406,5.740933338078611,5.740933338078611,4.994483091282243,13.214651050539947,13.528608335977964,13.106064106265633,5.928111070053246,5.1718912323060335,6.1481393921181,5.3951113320952535,6.397629793160887,5.6587245426684785,6.673278640605442,5.957371098990701,6.721089343640668,7.2472495097579115,8.391018517123193,8.811977948649256,37344c2a
14.30999999999949,3644,1348,695.9599999999991,11.666549507105819,7.2329483207430805,5.943066986155796,5.609971716813782,6.750302933206958,5.770525646975402,16.49702298486484,2.8320516198897456,5.653973722868217,6.865866194043705,5.132273362509123,5.796656288661744,6.594432180332468,5.580599375385772,5.943066986271486,5.943066986155796,5.943066986155796,5.943066986155796,5.173381360557092,6.700039670491702,5.1244628938651875,7.822252994150243,5.992005260480949,5.249350533775592,6.042861620329747,5.32903572640685,6.095588057310036,5.412272807461603,6.1501364738919015,5.498900484062341,5.477144614814368,5.63488306183543,5.762366825796213,5.902293296598225,373ef48b
23.63000000000102,8615,3187,797.8299999999999,8.638715383816123,7.394861244571331,8.574644341534283,8.06610657601931,8.313594458960127,8.584706498155898,8.56206798856662,10.468950492520158,8.594746343931016,8.55252951087097,4.537524829979814,19.896671552109254,8.907926975356064,10.422115303565716,8.574644341393013,8.574644341534283,8.574644341534283,8.574644341534283,9.261393762239072,8.603853818722467,8.605059176104081,8.425270758809543,8.496120091250463,9.147703123183568,8.419354418235825,9.035718647881515,8.344395857615412,8.925504556079124,8.271293540377286,8.81712723740661,9.042791643842866,8.839523637251379,8.90683797912984,8.716835353480349,374be387
33.92000000000007,4392,1625,718.6700000000001,13.701582837966589,21.757803090671036,20.332845093475438,20.666134389238437,20.313753122742362,20.914364545756595,20.860239273067304,22.982937445528982,21.002619519419433,20.63781597035611,31.882178683538452,27.44236769875172,20.584550559496368,20.3033529144176,20.332845093475438,20.332845093475438,20.332845093475438,20.332845093475438,21.62335148767378,23.676716731563054,23.105847957027514,23.939212500628496,20.379123925331715,21.624724350380227,20.428170214782327,21.626662370351667,20.479964078964453,21.629165395673336,20.534484727368724,21.632233230214478,22.21601386634683,22.164483825663478,22.622741656704385,22.53236366451951,37d36812
28.290000000000873,4778,1767,773.630000000001,13.776992910812192,14.914373837518433,15.836361079890318,14.667553466895937,15.745076563909965,15.903195813568663,11.032707423678263,10.933526427703507,5.016036594263636,14.745080546336354,10.982625091780612,19.40868838048662,18.78504696174467,15.871483277132937,15.836361079890318,15.836361079890318,15.836361079890318,15.836361079890318,16.681926290843396,14.407830776824351,14.42720091512218,14.407335857001923,15.777320895853183,16.58687870525408,15.719561967584443,16.49246321275412,15.663098469290684,16.39869073117943,15.607944460070048,16.30557235429883,15.971145258725407,15.858492025031197,15.509884914914837,15.446349389190825,38991fd4
42.350000000000364,5987,2214,958.7199999999993,15.904568966341493,26.34178982144322,8.641712263985205,19.297545795884936,6.927728568448184,6.136805623752686,8.924777753551846,7.266243898320291,6.800060027422653,10.278565629790972,7.571120920624882,9.565866418302944,4.335289968612189,10.031929996528172,8.641712263985205,8.641712263985205,8.641712263985205,8.641712263985205,8.292280311316182,20.52906801275943,19.975178461485893,22.437199429879787,8.962731636281179,8.666581297883518,9.415203067738577,9.16947743164811,9.981265557122864,9.781153699410869,10.642809700879367,10.482584860557472,10.659918827637126,11.961517493302088,13.136356758072454,14.349659692789995,389ae58f
52.1299999999992,5393,1995,810.3299999999999,15.794578533379745,13.185812477634643,15.225292196603677,13.502726502914104,12.816417586449118,15.975073128804354,14.370848048569954,25.10846187197225,24.912513282932697,15.803023935697459,29.65120009774548,15.503301873781272,13.342046035505717,16.033988355151873,15.225292196603677,15.225292196603677,15.225292196603677,15.225292196603677,14.95844044036443,13.222889873079414,18.89681863378108,13.242707224078448,15.053886626018427,14.769823199431379,14.888614198995617,14.589999221570652,14.729681365340296,14.419297494565027,14.577295483827957,14.258045665396812,13.862098929537716,13.693560996624969,13.384771971372924,13.30933920008777,3932faa6
24.31000000000131,3654,1351,796.8299999999999,9.318974573632177,9.164611383262688,2.6428461187378987,8.429541952151688,8.529184897153549,7.0958634699887835,8.44545068961633,8.586285488113482,8.944266548548153,8.386478712375517,6.03780243421798,14.235662436022183,8.859241911359053,1.8761209958874374,1.9483396061097555,2.6428461187378987,2.6428461187378987,2.6428461187378987,6.807240481322419,5.267296705783129,14.372793442888527,8.364382995829908,2.356419184738576,6.297012760095504,2.1625928731705932,5.81963815394051,2.0873249124128144,5.383862795106457,2.1431433547194083,5.000574043247636,5.092770582028709,4.573581306646809,4.403847819673646,4.242849432015913,398dce4b
10.319999999999709,4659,1723,748.6599999999999,13.324998957567233,3.4796123958582266,8.00480101177434,8.04203268592055,20.019087130171737,9.284975583188313,9.385161338329285,21.120569129363695,8.285884981618075,17.082985623222648,7.7013589668085,6.9445952097449855,20.00251287390472,6.457449185470424,8.00480101177434,8.00480101177434,8.00480101177434,8.00480101177434,7.311680421146541,2.8158160268338435,7.512916163005988,2.2444447123881734,7.748691275845099,7.0897548345619965,7.49391547173265,6.869305310080789,7.2406144121501415,6.6504786344811855,6.988948446814933,6.4334404083622765,5.500109905325788,5.245840729386531,4.396112946957043,4.253238761511911,39b51819
27.899999999999636,3343,1237,432.2600000000002,19.53291886614857,17.480916179697722,17.25741612575975,22.64523962549506,32.986181384232516,17.70493373304273,38.53622170378656,56.889879169885596,17.924944690396657,6.485811393965842,12.360949928009125,4.041054197192608,22.03982208675391,22.44111250930847,17.25741612575975,17.25741612575975,17.25741612575975,17.25741612575975,19.55828954578338,19.536832820947314,19.596517592035738,17.44040311842853,17.25840806128243,19.449408048218537,17.260479297981032,19.341002107777136,17.263629447383977,19.233079765798692,17.26785791901602,19.12564920884099,19.5203675535286,19.31203600802552,19.51006506535863,19.30499558651408,3a0af893
18.5,4804,1777,1161.6100000000006,13.927027805485677,8.732535443422261,5.19781600147481,5.0326488753437895,5.370841093290825,5.278106639557454,7.8201316547609565,13.627432378718204,5.469150861790212,4.929474099466802,5.441202228146354,4.242401617420962,9.159488752644956,6.4102323661310505,5.197816001424519,5.19781600147481,5.19781600147481,5.19781600147481,5.257920978961375,10.080572861152284,5.081883587739435,9.390341269572751,5.298844768799979,5.36086909046373,5.411630992976173,5.4747492586238415,5.535456037769537,5.598894456955701,5.669596679629885,5.732637830099211,6.461970654895891,6.639279656389926,7.417034239468965,7.523397119586086,3a223519
27.649999999999636,3154,1166,459.0499999999993,11.775926527305415,12.478930790144359,28.078647535907862,13.01912307444993,13.016524988136855,21.634856365737097,21.070450613693207,5.744572676261791,24.258817148641675,23.159640795125974,7.155537673674751,13.074450433544953,5.325968894958795,13.068195925557466,7.247752269357852,28.078647535907862,28.078647535907862,28.078647535907862,12.580377422755518,13.375740057990585,16.20899461522179,13.328291878347793,27.183326582203104,12.529199342956876,26.293235578690044,12.482694653406883,25.408924156900863,12.440915762230803,24.53101736411852,12.403910421869108,12.644898326532774,12.582249957524366,12.773123449562892,12.717612740456223,3a7dd95d
17.610000000000582,4145,1533,531.5500000000011,14.650405032243128,5.911747514323405,5.806519964107412,4.985739427452396,8.631417943784168,5.122033715085754,17.63887050733544,8.705748017127116,4.972709503089507,4.932299465856751,5.0488566813146525,2.3325452988479976,8.644775437114607,5.018489913129413,5.806519964107412,5.806519964107412,5.806519964107412,5.806519964107412,5.1163388191231585,5.584229048412724,3.9338048169370383,5.47981778596987,5.588370944592103,4.946169753902029,5.386302716804135,4.793608258096846,5.202189493056336,4.660383847401178,5.038000149681281,4.54819608784337,5.104457810278155,4.856503298428205,5.17180828758242,4.961495540943815,3a824aa7
17.770000000000437,4798,1774,723.2800000000007,10.638632763378212,9.045845246028096,8.53979076771736,7.406833344339143,7.3956808984013165,21.147326920204172,21.158215229783977,15.333977028715358,16.02408864483316,8.750781689173717,5.30776563270962,12.795384988633739,7.572575313557888,8.426542628477632,8.53979076771736,7.418695869825851,8.53979076771736,8.53979076771736,4.368818041634225,10.107018374632588,13.907280087532373,10.133088059125381,7.88724581513552,4.2876885532948785,7.2570283778751365,4.252777413334599,6.655484155428583,4.265219674629118,6.091114179356927,4.324606637196678,4.765825105394188,5.040230782779436,5.938881917737395,6.2044744343341565,3a86fe8d
33.38000000000102,4669,1727,809.3500000000004,12.837279800408812,18.719911575024003,6.862433091642947,7.266811232518683,10.474851499692637,6.710366768848907,8.173881277106721,11.814917793513068,10.875712434875096,5.288090359454061,12.195332564932018,25.30921132696801,10.783895354325809,8.317826404141242,6.862433091642947,6.862433091642947,6.862433091642947,6.862433091642947,8.705491253469523,15.854687368902406,16.265369026802137,16.923390114970896,6.603598100975345,7.555081009231394,6.487330563091512,6.464327586504615,6.521260445966638,5.46904235063129,6.703107323258431,4.631190809945872,3.7043949905065428,3.7899891602671323,5.194676052457615,6.35122269501625,3aaa2b30
29.81999999999971,5411,2001,937.4799999999996,14.829015876196875,10.402464612078335,15.087086663110325,4.441025653686899,14.940769257691239,27.358448467292916,16.942987673861392,31.159651226128947,27.20717886567794,25.88930681979307,19.885799684801583,16.65192224362137,12.509038779086165,16.80201418174095,15.087086663110325,15.087086663110325,15.087086663110325,15.087086663110325,13.016614270553436,13.147030492637295,8.088582486568363,8.446877349751219,14.315916969063954,12.347141374566814,13.565733171030391,11.70199737017292,12.840214070939092,11.085430711177517,12.1437811831824,10.502475657002238,8.79095835116574,8.354619956003006,7.759882243653497,7.809003629305996,3ac16ad0
28.409999999999854,6645,2458,692.0599999999995,13.588024742068917,7.279944008747909,10.326364569320399,13.3158173293849,8.093042350317972,11.20453055203217,9.842394798214942,16.389737841168596,12.439178324391873,9.724294496770646,17.09241142175266,10.814492195368208,9.605665610873341,9.632592985981002,10.326364569320399,10.326364569320399,10.326364569320399,10.326364569320399,5.040483074849368,7.141623862401785,7.207428330911419,7.763764289105691,9.920282593637948,5.031449409173941,9.527505698309232,5.037786280206217,9.149747510155137,5.059435934145279,8.788944802558735,5.096203219763704,5.025521133104384,5.138865586689058,5.374364428705018,5.487591166370708,3b21ea64
17.600000000000364,5974,2210,1008.75,11.126960644246967,6.306125904255639,2.27239866920265,12.054156756230832,2.2549465558834347,1.6070701837170829,5.695584018672422,5.781066160147622,1.5690101558434704,2.260374135675262,2.4702722009129126,3.1679108039034043,5.6954965809860045,2.1918080905158623,2.2203161865836485,2.2723986693748417,2.27239866920265,2.27239866920265,4.246479892487834,5.840694562540149,2.5885280150893064,5.966377046017426,2.412672223268028,4.319487026537875,2.567318455323452,4.39680663028161,2.733899430142817,4.478215335629944,2.9103665381196686,4.563494309954568,4.680800482377544,4.802259301188092,4.994570039520754,5.09053073234411,3bbe1f5d
25.399999999999636,3714,1374,636.2200000000012,15.50678581140836,7.781731878133177,8.518937591185653,8.4976657434772,8.402312120600186,11.205644439925,9.068687024314086,18.484989941806766,8.553146020389331,8.939967125386433,6.7727905579495635,8.638882299115773,8.874565346007456,8.55297467764721,8.518937591179625,8.518937591185653,8.518937591185653,8.518937591185653,8.232723479787335,7.524274865456719,7.376062509372175,7.651776260500968,8.472077393825298,8.201220618007701,8.42617687529714,8.170605072654169,8.38125180286308,8.140886854562421,8.33731794491353,8.112075825690347,7.982581651608748,7.953215103044076,7.832898360077489,7.822380951634327,3bfee975
29.0,5045,1866,805.6599999999999,17.489426331920786,8.311710998494659,8.938802718037362,19.287274995507186,7.929883135790276,7.852814621041522,10.335761781873616,18.822735691820778,8.755482751119974,7.966465319364109,18.849415603101974,17.635117374897046,19.17922520454795,8.73258452288131,8.01360652388273,19.163179250219248,8.938802718037362,8.938802718037362,9.449767242404528,8.133741243758262,8.134136996504113,8.4648739811264,8.707948371952439,9.207086861506875,8.492727757739507,8.97847447212445,8.294357949079055,8.765030921187979,8.114074926306511,8.567889943487923,8.636768621141227,8.355801631952799,8.275698326713076,8.100475235137925,3c3dbcbc
11.840000000000146,5217,1930,795.6600000000017,9.018133720091669,3.42330765320308,8.618541840244987,8.600172746272838,8.607048634186057,8.680062816210894,22.254308741914002,8.6852244674582,8.639149914406731,8.61291908027716,3.0335365227734465,8.709627006566839,8.623493655864031,8.722258586548065,8.618541840244987,8.618541840244987,8.618541840244987,8.618541840244987,8.624552509936061,3.9475274359990435,3.320976985006852,3.260552365034308,8.306599099200142,8.312666009770844,7.996649587607146,8.002760029896558,7.688934357146111,7.695073860268596,7.383732752436571,7.389884778982282,6.789162982717745,6.382749030479361,5.68367305259699,5.413959838389496,3d96d897
17.600000000000364,4860,1798,691.3999999999996,13.443232747340947,8.902699204599276,10.21341320113596,9.719532246737645,11.516068220690572,14.848577570957067,11.01916490277137,15.737935674945916,10.235836212599786,9.663210711488386,9.604833450800202,15.835735417215139,10.106457332123963,9.767308714271714,10.21341320113596,10.21341320113596,10.21341320113596,10.21341320113596,9.855125477449944,7.033514581363229,8.550516981939053,7.167938460222815,9.40504498482158,9.03716775511464,8.610076806596945,8.23103377700413,7.832589837599461,7.440567598548188,7.0783468417572575,6.671340831139307,5.7431254899013044,4.758706760648541,3.7361410871407683,3.435273404437963,3df4b19e
68.09000000000196,3535,1307,1060.3099999999995,10.753355282417301,42.95189264822946,20.523652466771132,20.67741581472003,28.546687661843738,13.695596909284713,15.57568951989462,31.291016303115708,31.096662784618843,13.672111319487922,20.989878283453095,15.478718406776663,13.828539693477186,13.553812066238121,20.523652466771132,20.523652466771132,20.523652466771132,20.523652466771132,20.562288029165902,38.40819366849869,38.177636766575546,38.66414044975637,21.460220065452024,21.511380269018318,22.432468041959403,22.49338656632556,23.435956182000687,23.504181828476195,24.466840915630865,24.540208916996562,25.411028073803763,27.056407842556855,28.957212189761606,30.308008462244462,3e011332
27.469999999999345,6378,2359,895.8400000000001,13.611883371960827,6.559761729032278,8.88139689602239,9.143405068002702,8.734311653375567,13.060996959570156,9.024232205508714,8.758141046647298,8.597958143663552,9.000903683376196,13.549548039953464,8.64771745636896,9.09028104200747,8.972531625511515,8.881396896105212,8.88139689602239,8.88139689602239,8.88139689602239,9.000550624944621,7.658584656456136,7.604558729352441,8.3152469568611,8.733251996797549,8.843687156234834,8.587559539719573,8.689444444951553,8.444446462065574,8.53796452826228,8.304046125047904,8.389397063509053,8.544832661580452,8.294489127658679,8.264227288843841,8.05132199358346,3e678ea7
21.109999999998763,4866,1800,1037.58,17.60576471237181,6.1256858478421,1.9664076295711366,1.9414495696574159,1.8655564343450324,1.9897539933373347,6.810557155320395,3.768123577101543,2.20237897671496,1.9423517687416796,2.031359694816188,2.13997776636732,1.9752426948594801,2.0437823441693688,2.032643827342921,1.9664076295711366,1.9664076295711366,1.9664076295711366,4.322282450615569,5.810994474421013,5.668876854946501,5.793468761616084,1.963362045968279,4.239819628745353,2.0052993377559525,4.176542215490978,2.0895127893825425,4.133331436423815,2.21117735890358,4.110820129971202,4.001309711039923,4.076052363499306,4.201984091199599,4.34021179550021,3ef6372a
19.93000000000029,3900,1443,485.5199999999986,12.523150248783745,12.738771284789108,4.564381394727277,4.063357515943128,4.785437492512892,4.859139625074236,7.240064642430659,8.521600468443626,7.542355026850852,5.0133055018216055,4.598157622929661,5.910237601989334,3.8239614380571685,5.776655691532258,4.564381394727277,4.564381394727277,4.564381394727277,4.564381394727277,4.429151883189913,13.606767320825755,13.58864859981468,13.55524617903982,4.647714560600252,4.55506667479061,4.799224042419142,4.7446428998477055,5.012731773602039,4.9906310132304315,5.280723048131032,5.2851601112194935,6.182389580962811,6.740685894700458,8.087789648036798,8.526317179691926,3ef98781
30.799999999999272,4817,1782,772.8400000000001,16.073339909298582,18.593837998135804,8.510676998623111,9.897286521091674,9.888664233859982,9.180244546768892,11.347198127537073,6.837541368937576,9.121580431639785,11.464910618542886,9.764887598116404,21.840233249807852,9.311617936715614,9.998807630362913,8.510676998853981,10.596745707321446,8.510676998623111,8.510676998623111,8.710086745347958,16.6320733431247,16.32150803504627,16.890705251543665,8.93596220087192,8.924241490468264,9.377025296110425,9.189199133624124,9.8317430713165,9.500710222036881,10.298306933900347,9.854360872087234,10.271551460034242,10.91953181187411,11.824988771153414,12.418988967145305,3f603129
100.35999999999876,1907,705,717.4500000000007,12.307805194390577,88.30876808572172,3.452443894799557,8.685017912094759,3.4317159298142323,3.735860370443667,3.677575737509284,24.651064903911895,15.026661783557067,3.8301151671635183,19.777402257747532,6.478640616374233,3.3112751472497797,3.3266622947308377,3.452443894799557,3.452443894799557,3.452443894799557,3.452443894799557,2.6699916805607082,85.11608897630221,85.1004371452178,85.35215574549744,3.5438511066938894,5.925903363474995,7.356137247200451,10.058063866209931,11.68678708826628,14.327379724319483,16.123386505533585,18.639844788984686,26.359829437407853,32.54040756600326,43.12515508216457,47.6402091416518,404c4384
28.290000000000873,3994,1477,788.2199999999993,22.596432973360198,13.632322968566047,19.21531649563137,18.314306403311292,18.721418753785684,19.552749455565348,18.057753764979687,27.160250711263043,21.736720268487893,18.635570794886476,19.61568141068344,13.317757069548547,18.213138288096676,18.607532259689215,19.21531649563137,19.21531649563137,19.21531649563137,19.21531649563137,18.954473104314037,12.173827404950222,13.639772841941209,12.128963505120819,18.89598249857215,18.66307335131095,18.579660855768353,18.373612379568492,18.266508062970225,18.08618327721515,17.956689908881106,17.800884469693674,16.76790123120427,16.42542137870464,15.366575754673487,15.175699147116978,4121c517
12.100000000000364,3198,1183,630.5300000000007,12.895207974959927,7.269835241617584,10.70306418378007,3.436024052650495,3.5309932928914702,10.600654869773935,11.563167797328546,3.959049957975911,3.738157338027454,3.542753290114833,4.113695928970429,9.735009766645028,3.887399704404526,9.517577301819976,10.70306418378007,10.70306418378007,10.70306418378007,10.70306418378007,4.528135439089672,2.7310862687999298,2.0078547601762167,4.0127515400062,9.932392756647907,4.142277851827088,9.170524618750306,3.7862023663524655,8.419849799996662,3.4690918446259076,7.683649685306422,3.202542022232945,3.1646335348371153,2.747217658733121,2.4806014822172147,2.357556660135225,41fb0192
37.75,4438,1642,836.8700000000008,9.366375170071054,22.92218011424274,7.2702200264639485,7.262557753277136,7.481358152694922,7.34399948748612,7.564440370913492,14.69150550147565,7.4673076387383,7.151929286181174,9.2760979167498,21.606696141617828,7.244033821924362,5.987460756064705,7.293751925958966,7.280667094281392,7.2702200264639485,7.2702200264639485,7.0398957108934255,19.137658117555684,15.188879650234476,22.638330588897436,6.075412099789483,5.889021075748638,5.013067638381724,4.885881247422921,4.185300960191252,4.139315235663247,3.750776336096623,3.803531832314145,3.9576317515008776,5.149959705888014,7.378863573438572,8.832277232523001,42669188
42.38999999999942,3476,1286,480.1200000000008,15.546782622520405,21.398265985773723,1.0720773429868504,16.94560312287955,1.00045169796059,5.788359292326554,15.54661616562229,20.45024739552283,1.0784038443220552,16.38466076125135,0.7572602108712516,20.39570062525663,15.558048621942065,5.794284319511203,1.0589265994666426,1.0720773429868504,1.0720773429868504,1.0720773429868504,12.098155172036533,25.79201803417107,15.264470141652408,23.839434500696143,1.442912801679978,12.502908021765187,2.306587834819296,12.917875153720864,3.2961189433649247,13.342103545765147,4.32598604949847,13.774737551658225,15.953452405078515,16.465699802581963,18.68784066596403,18.945808874957205,42c538a1
17.220000000001164,4811,1779,754.0500000000011,15.581422645915266,7.472768622085613,7.488797084565524,6.312420614137748,19.29038594316883,7.646796331588211,13.357124882922351,6.80539917106435,6.502264726771373,28.701100024469046,6.571057275614257,5.783680899400821,6.429089262047986,6.297797027238764,7.488797084565524,7.488797084565524,7.488797084565524,7.488797084565524,8.879819452101966,6.084078029302001,5.917013969311654,6.4621592073609975,7.404266231988647,8.388851548168267,7.327720735549289,7.9161750097175165,7.2594131998336495,7.465265096677073,7.199578106896197,7.040305308354029,6.266298232445019,5.790245528275792,5.074455168198144,4.952623174690211,43b06c70
24.270000000000437,5463,2021,783.75,14.63805506359836,10.366033610297402,13.35057570340844,18.502601489786667,12.660696777550514,13.268434842364258,27.36354178712013,33.43560133288983,12.503708476098076,8.08272926024841,12.554886426311974,4.090401256561451,14.56228598868319,12.134248298549588,13.425244398757359,13.160293154301835,13.35057570340844,13.35057570340844,19.386597110856634,11.349590246139893,11.115509584466249,11.371905762607854,13.168539131295848,18.91583488626636,12.989171772546543,18.446217815687703,12.812585729084265,17.977835640490802,12.638897580001373,17.510787454671636,16.90027078044958,16.219871002834797,15.26907452649429,14.759630896150226,43c7f85a
91.77999999999884,4267,1578,1059.2999999999993,11.079077080155807,48.830486507284085,33.463327553368245,33.406830400580475,24.157333626202654,30.315125838298712,24.312399631319774,22.966507134679784,25.07276514930474,33.38251960265232,28.40967542541357,33.84559772773146,33.367993603714226,25.363201153121135,33.463327553368245,33.463327553368245,33.463327553368245,33.463327553368245,33.40729444540344,50.60702652313105,50.66561865492529,50.581121957239425,34.18344394992513,34.13012020960981,34.910593714219125,34.860002892088055,35.644346403728015,35.59650840326811,36.384302542256926,36.33923406078933,38.34780415574162,39.36453399387717,41.76734554682307,42.46099310836372,43e16325
13.350000000000364,4065,1503,562.6399999999994,15.28733099891859,4.182535231101639,1.4146569588947846,1.235352273173038,1.357516775779971,1.477576491744507,1.6789334541456986,1.9464471036589062,1.5228041449211756,1.3720043884892024,2.282667733881554,1.9103446744380668,1.3668886689819786,1.4294417270127047,1.4146569588947846,1.4146569587761804,1.4146569588947846,1.4146569588947846,1.3736285215722173,4.671952503697531,4.732819707767,3.878284939421133,1.4096588771513514,1.366028100803554,1.43389210431264,1.3890798545375147,1.4859271725041057,1.441313819252671,1.562989806575999,1.519723929549836,1.921659698991935,2.079155661815662,2.6239994315453155,2.7439493977558183,44441e54
39.06000000000131,5839,2159,1108.8100000000013,10.149376225402321,32.12524602360827,26.502648716775663,26.444074130863942,23.964164900946873,26.18926859388961,52.30165769027999,43.87742286556106,23.52745131189135,26.426858162302022,26.684357182861994,24.387581462602313,26.390423475796414,26.47344821250125,26.502648716775663,26.502648716775663,26.502648716775663,26.502648716775663,25.278494315341938,30.901538572177824,31.12354073898988,30.93033628449136,26.773331148748067,25.607605473832454,27.04531565631585,25.93843392483237,27.318563348983023,26.27091479105687,27.593036699655915,26.604986122187714,26.89964803810282,27.412588069500032,28.014856559276968,28.42198271912443,445af6c2
33.23999999999978,3452,1277,592.5599999999995,13.659898091816402,18.93814136927415,25.885354258097095,4.777951364099298,4.5592903715655835,25.861322065399122,26.07503520690073,12.742025024759043,19.290425026221772,23.000235417847563,21.610245020859207,5.58160035800041,26.1485503895804,25.95015266459905,25.885354258097095,26.05153018375832,25.885354258097095,25.885354258097095,25.800463073056846,16.117447919362704,16.189204430505445,18.014386899664267,25.489987859295486,25.410486592623542,25.098338040611626,25.024151027717487,24.71058152024454,24.641627627586477,24.32690446954535,24.263096696621393,22.373318360605705,21.990052275182798,20.276427177103102,20.129049254857907,4463446c
54.05000000000109,4739,1753,499.7599999999984,10.462864583220538,18.471164082247327,8.27801182533004,12.1345702971947,9.23201965433254,22.772890537471856,31.164231401899915,9.461286918347463,9.079893881639064,9.736320202363986,9.130004878332489,15.579031813950708,9.533303568753054,8.037887088951432,8.27801182533004,8.27801182533004,8.27801182533004,8.27801182533004,8.979361026380984,18.57878764700733,18.95222457143122,18.694281633549945,7.980158228923005,8.422592731214898,7.796483684204711,7.97762080898909,7.735126192802753,7.663942902345744,7.798973233713491,7.498055043216119,7.623010437458748,8.090015655220563,9.571457528066665,10.293172360355872,44a94013
48.26999999999862,4107,1519,932.9200000000001,15.690695982705945,30.280348414801033,18.00078423158809,17.84549906520217,17.594435331321428,19.260779666344362,15.768319465617994,1.7360406061483318,2.9249444422045485,27.03658263721171,15.14203984057457,26.474255639360415,17.74295561709664,24.671511159555,18.159806677130167,18.00078423158809,18.00078423158809,18.00078423158809,18.069889818542656,25.028637113776156,25.816500148400607,32.97000558719704,18.59609460755358,18.662572272066967,19.194486069596067,19.258190312928228,19.79567921089105,19.856479773882395,20.39942632739886,20.457206272000217,20.07821023133304,21.080979155482943,21.460944320056615,22.328919646012586,45fb3e21
61.020000000002256,3637,1345,783.8299999999999,19.933667809179067,21.3721480195738,22.96196177783879,21.83715179571364,25.569259637785496,21.51973993163917,26.574753998007314,29.47110272599701,18.848552908791202,22.75629759682513,24.194870145082657,9.490360598742088,22.290784810658366,22.50913271666795,22.96196177804307,22.74486571613728,22.96196177783879,22.96196177783879,21.30998733175218,21.427632501432292,21.60541571850747,21.430178013604994,22.84955165732486,21.24473546619749,22.74034831517802,21.186511417422416,22.634398166322697,21.135373266520993,22.531747102892453,21.09137255496646,21.06841509005968,21.032143261598442,21.03916330432731,21.036557835255294,460f859e
24.340000000000146,3874,1433,890.6900000000005,14.507555843530481,7.6099588125392055,12.603075905828833,4.710110847242441,4.70402994483022,12.790250352223055,11.719678608776567,17.92808998074527,11.214904502875173,12.500111195035805,17.869682903118974,11.105478068178147,7.510421066502267,11.55640925807189,12.603075905828833,12.603075905828833,12.603075905828833,12.603075905828833,5.342468755651019,8.095479101276169,8.24990426408397,8.100077407101557,11.788073794202685,5.204404861855243,10.983677200806145,5.092891320082184,10.19239743681294,5.009701438340017,9.417541385778666,4.956261643165644,5.007598431085438,5.076370184888941,5.449847485752024,5.592424867363996,4630ab92
19.889999999999418,4415,1633,411.78000000000065,9.934250723741016,6.604008455352667,7.021773120529723,7.003794623904953,6.936777164475564,6.902133533268954,7.201306790200062,11.409752728899472,6.141694004003726,7.85086312524309,6.49209493402067,7.006088133610206,7.875996370532214,6.929407614340436,7.021773120529723,7.021773120529723,7.021773120529723,7.021773120529723,6.816846390934986,7.038893967799107,6.266138392269606,7.030341456615066,6.947106134680067,6.768142506435361,6.877434162042876,6.723148348661205,6.812910448283714,6.681938858567796,6.753682552197364,6.644584453677787,6.754448280226014,6.69624038614665,6.775012251272834,6.729156852434759,463c38f2
22.31000000000131,5117,1893,812.3500000000004,8.230971465448418,11.124594622323631,6.726745020776654,4.667100923063291,15.588874349366119,18.5808076963399,15.272785445860858,16.696871418155986,15.941962663952523,18.55242365615238,11.833376865192834,14.91110643793193,18.07509143902956,14.585511337288382,6.726745020875424,6.726745020968261,6.726745020776654,6.726745020776654,14.244484088329038,15.154368395086411,15.05728231499049,11.955823744070102,6.4359627855435235,14.08525884071016,6.197598372267926,13.926304470290033,6.017883714035757,13.767630359318948,5.9021787004510085,13.609246310678907,14.49190492758374,14.150371535938186,14.669388383584021,14.31013409108851,4654e7de
36.9900000000016,5670,2097,809.7900000000009,10.802325023893564,23.22942212681335,18.126904927026793,17.174576277561506,18.443159933974272,16.95970211450501,17.461925445067113,28.6007815809907,30.72355731608906,16.986642877483572,27.145616500635178,12.845044543119926,17.65956502343128,17.01673205887558,18.126904927026793,18.126904927026793,18.126904927026793,18.126904927026793,17.495721940820573,18.177210698163073,13.575242932920911,23.23618556160281,18.35954314155187,17.75181272826881,18.595110019679478,18.01200257096871,18.833495667718967,18.276116399874454,19.07459440282912,18.54398655292283,17.5722508377476,18.104144394046457,17.68525206183085,18.214184903168544,466fc788
16.320000000001528,7272,2690,1034.58,13.517819067467517,4.287400532704397,4.131467486525525,4.156880592144002,4.096018619304854,4.242525956563712,4.363506070791758,14.404671881930403,4.3715878632947085,4.123206033816392,4.4266560714051,3.0195275642263537,4.179312211843262,2.318757505576573,4.131467486525525,4.131467486525525,4.131467486525525,4.131467486525525,3.1376925312226365,4.3225985435056336,7.2382642639279435,4.3045713190658486,3.970945869692468,3.032616797684241,3.822514166488287,2.943058298687898,3.687632567260837,2.870469812436672,3.567838182205041,2.816163884704086,2.8358724781401565,2.8335059383149797,2.993589113329718,3.0537141447710154,46a301e9
27.76000000000022,4122,1524,605.1099999999988,16.93489739491319,14.332068994878048,4.603091855162753,4.245022789344374,4.681480004087929,4.615180588729922,4.587480092903328,2.0203911598086863,2.0889454808960046,4.560289706029339,2.084731472081257,11.87248911063444,4.5700423010144515,4.5664474211813735,4.603091855162753,4.603091855162753,4.603091855162753,4.603091855162753,4.565409335026605,15.193835522013089,8.355155914125756,15.319051900035582,4.932033915919423,4.896102364588972,5.301026483340996,5.267135565855971,5.702299914507066,5.670595957223038,6.129517612460853,6.1000526790688525,7.2232671056762285,7.888222706148382,9.388561603999497,9.87052663910516,46a7190b
40.82999999999993,4470,1653,569.1700000000001,13.406204077547995,21.0644266403515,16.6692845665527,17.13645612042928,16.130645918913423,18.720890656193518,41.437376981125986,62.578264642044225,50.29199788873574,36.98887415614466,22.271706233547775,2.1750009458355306,15.061055153775964,17.40659836459713,16.66928456643217,16.6692845665527,16.6692845665527,16.6692845665527,13.4865686590803,18.266530532526737,17.458128979064377,20.113852036246012,16.658405422500543,13.817994619340134,16.67485918945494,14.15668947886624,16.71856516762021,14.502143955252222,16.78931052925661,14.853886433978515,14.780143092576505,15.367230218027153,15.719416897643146,16.230762229969713,46d24a09
18.669999999998254,6735,2491,692.0,11.092573603086958,10.208406230789292,15.232070871681529,5.757196036657116,5.816834329731759,5.9507258925766235,8.575071837629883,13.611780188434892,8.33486338343624,8.306313873356496,8.846620204189842,5.031390702019413,7.700463193735318,5.801365472003037,15.232070871681529,15.232070871681529,15.232070871681529,15.232070871681529,5.898544869782251,8.806517609860151,10.2006372531918,8.715487818469548,14.919086846347847,6.053018501639148,14.610373621137379,6.217415790250229,14.306207677118124,6.390970971908669,14.006885256324884,6.572958659996421,6.479293474858292,6.812843790076757,7.032731415812538,7.332306587717579,46d41ff6
42.69999999999891,3592,1329,588.5599999999995,17.147294842703094,22.77678365310146,25.157683734742292,4.115854708701517,25.066807696843785,5.409452268923093,9.404917957028346,9.858236119810972,19.824899638018845,19.946749574495122,20.37831435432973,28.99944482250398,14.329712155451944,20.367829365333275,25.157683734742292,25.157683734742292,25.157683734742292,25.157683734742292,15.494303117354105,25.511948623693645,25.834311996574137,20.506657306912523,25.03632178066153,15.852901485726688,24.91518255791069,16.212315053456187,24.79426933113844,16.57249078206524,24.67358542283073,16.933380037765843,18.467095097258028,18.894524747517924,20.468215309835525,20.697126405960102,46dfcfca
30.81999999999971,4260,1575,427.16999999999825,14.363959439217304,16.242131628442852,13.645163582013156,22.941521924704315,15.917448558551742,13.815116226458889,8.120664281849294,25.3088603727591,14.083601811168434,15.944805962376087,23.84041632228534,14.521471311839706,13.525950820791868,15.355088302151948,13.645163582013156,13.645163582013156,13.645163582013156,13.645163582013156,17.396858298252525,17.613421487670454,22.634859879410396,17.825527774682946,13.740655716707664,17.327728594022897,13.840302745983665,17.259719603882104,13.944015594735626,17.192844627321296,14.051704236220107,17.127116948035987,17.377462875444433,17.254938644505426,17.40490967767224,17.284686495465767,47222616
28.429999999998472,6040,2234,852.6999999999989,12.348452311898653,8.059532507435675,4.976864189737585,5.362288090019188,5.47424749389194,7.38750492296462,13.885654784865155,16.402172946776613,4.668283382604132,10.312075115752357,4.732067658621392,10.02697584498499,3.6670038816005053,6.185253419672972,4.976864189737585,4.976864189737585,4.976864189737585,4.976864189737585,5.215776341283052,8.146685525394282,7.626006513745071,8.12722134586204,5.003494207074338,5.275483132865699,5.048194210872627,5.346950375711531,5.110490064023518,5.429713707720195,5.189748162638032,5.523265353719322,5.755132570630298,5.928997173101386,6.312172548381049,6.463584189683799,47ee27ab
23.81999999999971,5617,2077,745.8600000000006,14.30179195288765,15.967258086453045,6.849399117769002,14.501439155760046,2.7412590040731803,4.989631468678272,5.375608994303775,5.085141752077361,4.905597322630867,7.050880524754296,4.729068489128058,3.1360033832078376,7.6812075829449915,6.858432570525046,6.849399117929008,6.849399117769002,6.849399117769002,6.849399117769002,4.480129095540336,19.524248806408263,18.994849986049992,17.775769239809538,6.7028772801434675,4.380658442288676,6.651828571556204,4.431453220478543,6.698436146788773,4.62756788006244,6.840704220647415,4.951766241038742,6.824432719460354,7.589330075502997,10.159232315241105,10.69906775834454,481de5fc
38.0,3406,1260,830.5499999999993,8.997473564099284,26.202619345023756,15.607840834855331,28.212075062260123,15.275125687904284,15.534893549306243,19.258703010700597,22.37910649554117,18.674166069781215,14.556104055279048,19.590288962911913,14.645418860889786,15.300851525962187,15.347844005785793,15.607840834855331,15.607840834855331,15.607840834855331,15.607840834855331,15.592326024804207,27.985042734513442,26.242803744743775,28.002770199973224,16.08931085440462,16.077170879070348,16.578665250481293,16.56948714922072,17.075226167752493,17.068628345711822,17.578382899079454,17.574012948732122,19.131131549721612,19.809837019772377,21.599876866744847,22.0479395391289,48c1f673
17.890000000001237,4058,1501,739.6300000000001,12.35317811650668,4.732666641407274,7.7284015275131654,6.868225736094049,6.012939358540667,5.468296304374399,4.759405527475652,13.932471547006509,13.696409910202455,8.182989909307905,4.64716962161299,5.736698916954151,13.66265185301403,4.887318593354996,4.984401656894058,7.7284015275131654,7.7284015275131654,7.7284015275131654,6.64173670626614,5.028749576348328,4.376522107959318,4.7557778379320785,7.481200054377274,6.4246591898531085,7.239324316278644,6.214829726391174,7.003326143941326,6.013007146359999,6.773819883940203,5.820024480033375,5.300067495677085,5.076897597966933,4.727549390568768,4.6054742282495065,4936af16
49.1399999999976,5025,1859,1105.0300000000007,15.430024013039663,15.372990692310662,14.918044422281108,11.188265858859051,16.20713490270741,22.43729960904947,25.008479867678304,11.444491542948583,12.33631158051598,16.312709720218738,10.906093206155523,17.08492522819571,18.38957261830649,21.585228845202675,14.918044422281108,14.91804442255434,14.918044422281108,14.918044422281108,16.39536362101977,17.657897066072675,15.234931236833514,17.15189551742882,14.568779144512494,16.0507483260547,14.251568643510579,15.730579931578005,13.968596869497423,15.43637968364846,13.72198217704052,15.169658535650441,15.788302666176442,15.417820420955671,15.864772109027895,15.611706132590179,493b5b31
17.110000000000582,3795,1403,650.0,19.581142239006855,5.961264115527164,26.39353087415496,20.652628068738988,18.296898944286514,17.899209347758678,18.00186983207956,26.5803453949369,25.39377747561477,26.276948588815195,4.841276840618156,3.869342099519829,26.103380051835888,18.019286761478625,3.973700377903042,26.39353087415496,26.39353087415496,26.39353087415496,19.446584002433156,4.0186664356413555,3.4201818788365967,4.0159374624415625,25.352163384167575,18.74590266535531,24.31128887983022,18.046099166579488,23.27097351268095,17.34727974457967,22.231295777478618,16.649568311495614,14.491920249101096,13.600026718314508,11.23696164423691,10.683096638279917,49dbc14c
33.86000000000058,3301,1221,934.5499999999993,15.724411541734339,15.450598807621734,2.5854584085677863,2.711445067140972,3.656476781402849,2.623243802399963,9.612990778820505,13.392017321994423,3.6344337231485113,2.4230969221494263,3.723179312528453,3.4469712625457887,2.8587067507208825,2.5430877900943396,2.5854584085677863,3.2214499418140266,2.5854584085677863,2.5854584085677863,2.8280102623290255,16.83507141375479,16.993617553787306,16.850751976367494,2.951543508263398,3.2017212161492674,3.427316348137154,3.671720493429921,3.9735701817818154,4.205850681091906,4.565073602821929,4.782673358618672,6.446618967664178,7.301484984437405,9.343313873894282,9.939332008900168,4a035ec2
45.830000000001746,4911,1816,1019.210000000001,21.813300885343065,19.82909858008881,8.244195332241429,4.849754433942924,11.851301255937837,13.494435428442639,8.287465622377308,14.26021466134455,8.755196234352223,7.9123497910337175,10.749911715005593,13.138747155257246,8.967942819858479,4.0501606809316995,8.244195332241429,8.244195332241429,8.244195332241429,8.244195332241429,7.202373416621501,17.922736439231496,18.007003199398834,17.969336642083757,7.655675101046524,7.330554410497515,7.207542763215738,7.563081366481186,6.9270983079881,7.8907349597310015,6.835013980061883,8.302260132720932,8.862282881468873,9.723118482343562,11.049791231301963,11.845415020269083,4a335117
39.219999999999345,5383,1991,787.3299999999999,20.142228780049084,13.478221773558168,3.426232552748012,3.4108846840326574,3.4184705641632513,3.4263396642946127,3.338670027065029,3.7056404085689536,3.390278629212917,3.5462165705235926,3.8553685534265507,4.323626444404456,3.6097048180979323,3.324239314909962,4.163891052233682,3.426232552742364,3.426232552748012,3.426232552748012,3.5605711928871533,17.871213460631072,18.007521631148766,16.17046314145538,3.471426326398299,3.5814423318601945,3.636488939243058,3.7214908381772656,3.90625430590318,3.9681181769458997,4.2608817668483185,4.303037601410485,6.190923480187691,6.850599200980396,9.328873457143645,9.725286925737727,4a8ecc0b
19.470000000001164,3459,1279,643.3999999999996,6.986102106049238,10.846675224635874,8.897298438472655,4.767558390765117,8.887992334733024,17.0395755390024,9.372402627280714,23.03681109070752,17.906920760467372,8.784063252484836,14.577075822284197,16.49585089287961,9.356542136152237,8.771787397565793,8.953472297255407,15.984054890607728,8.897298438472655,8.897298438472655,11.83917882223386,9.419462488706912,9.385809817609188,9.443479409282832,8.957472599722003,11.742831646275283,9.02220525711564,11.65086670663928,9.091399038846305,11.563388561066178,9.164952903357088,11.48049977429847,10.950810397043151,10.887289971855393,10.426664405752875,10.43632188767991,4b462989
30.31999999999971,6886,2547,1052.5200000000004,14.763217190943266,10.117427907260263,10.095160783599237,8.689419251682923,5.282769864232068,10.325102803268871,8.805325154028443,34.778084517016296,14.200241445168645,9.19434640966057,32.21062020845456,20.078254438277273,10.550965636756628,4.518400412627517,10.095160783599237,10.095160783599237,10.095160783599237,10.095160783599237,3.922820216619934,9.975364328887618,16.124196375988248,10.053675830535166,9.601665410555281,3.8531456050429838,9.137682615503238,3.8496403601655658,8.707931213727356,3.912482332074735,8.317718796654944,4.038575533797892,4.3911630634984675,4.79740215677036,5.660480703019568,6.058922870451895,4b831d20
48.64000000000124,5291,1957,750.8999999999996,16.336741925485438,36.62219320280926,12.05432557872894,12.104312638508576,11.889209541353999,11.841527413226222,12.252343838039913,38.91086985355175,39.32592211041397,11.864395968399778,38.31219763400813,34.552499283994614,19.19640068513953,11.90517978384132,12.05432557872894,12.05432557872894,12.05432557872894,12.05432557872894,11.964843985942222,39.12600422548618,34.44775315584833,40.25202065454256,13.165016326687033,13.066818996851007,14.306436525390748,14.203092157908575,15.471786537997694,15.366056620250303,16.6560443307782,16.55008659579972,19.74875485339864,21.384179561297028,25.204651059064194,26.325134367384223,4c2208f5
16.01000000000022,4350,1609,612.5300000000007,12.838730584755139,4.142112354659639,16.596094868196392,4.002026456365601,7.490256131832329,17.64178968331955,14.029722449753576,4.258974649063868,17.149164972135303,16.991539101929206,17.136533498810774,7.6640532183590855,16.6569026388037,7.6676685317475055,16.596094867994054,17.09482513229268,16.596094868196392,16.596094868196392,15.990037336558036,3.280868661256129,2.9543484957743527,3.218757574257115,15.928962293355905,15.356521300908746,15.262962913158091,14.724102071461255,14.598251823766642,14.092927306320432,13.935013383850189,13.463172033977143,11.676973074993182,10.859674328586744,8.867586089633283,8.34913970329507,4c3168cf
29.639999999999418,5039,1864,816.7299999999996,12.36444527077182,12.19650663436779,13.227232937404567,13.231941915926523,5.752401348481398,26.668989838097037,36.614689553207796,28.755459525301966,13.367615549726008,6.102502146360678,17.072741176443234,6.56390620957376,6.522798602118779,13.150581304281717,13.227232937404567,13.227232937404567,13.227232937404567,13.227232937404567,5.984518666032886,11.266096352737355,11.371415939814813,11.13228382067626,12.467848099042234,6.0189788190174545,11.740988172733077,6.098576044361249,11.053071624427345,6.221578167902861,10.41182036957107,6.385477383499491,6.680500351983689,7.051365162068783,7.702197148680958,8.075726266863278,4c3df468
19.2599999999984,5003,1851,496.3600000000006,9.786314400461414,9.829371919334248,16.703014249385625,12.835418949547028,12.658851934558868,5.365497224126944,5.4331137219741725,11.152387580745131,5.29734223450053,1.9821417900415461,16.070225502496072,5.433565025067693,5.3777961502447695,5.3712634076856505,16.59748932080435,16.703014249385625,16.703014249385625,16.703014249385625,3.5015727235228464,12.53945061264605,12.831470390433088,10.984930183906654,16.31134804890779,3.756059927649011,15.922647967572276,4.025483693814074,15.537136621502926,4.307041897330224,15.155057355895009,4.598506169252245,5.984792475950897,6.350738013847215,7.811255337008923,8.006653307100652,4caa7289
36.460000000000946,4898,1811,954.0499999999993,20.255521497295568,33.28120628757154,32.937150010765365,30.007714752861105,13.397748999931414,15.171894435607447,13.188686955199872,43.6846398858348,30.366382853287462,25.202101831812953,30.06992101548968,22.404195757231488,33.68217077013774,32.95858198552507,32.937150010765365,32.937150010765365,32.937150010765365,32.937150010765365,25.35298295862291,29.911866737178254,29.95056469247444,32.36393703706285,32.940939471922626,25.735175116250364,32.94614950628084,26.119266340250128,32.95277944004226,26.505174071623976,32.960828416380394,26.89282011069611,26.63414913175026,27.289259774215036,27.532829408608094,28.103837745696637,4cd1ac61
30.23999999999978,5603,2073,560.4000000000015,15.340993155417783,14.390006910820455,28.710241809578882,21.399919005537697,11.126661840987158,21.379292405153315,9.24209243540971,28.306751158408538,21.255479542067047,28.40840651900689,20.73897224336614,22.869567713054828,28.6933051937648,21.307700804468855,28.710241809578882,28.710241809578882,28.710241809578882,28.710241809578882,23.719568282950327,14.153819184282106,17.23878139880166,14.160639451430251,26.814425186707584,22.075338288169334,24.931523083273735,20.4469544576495,23.064698572477823,18.8385264205494,21.21819570689022,17.25563542297874,14.261864759297701,12.248319656671022,9.122671956409103,8.243196438028347,4cecf7b3
18.360000000000582,4684,1733,868.5699999999997,13.434949003881773,5.142727153024632,5.168870626454296,5.206229127892613,5.18215353621992,5.391865323499077,5.286920677050846,8.715909436436172,5.5776976795838555,5.211969785468565,7.877914527861733,5.322785672972423,4.911567581546777,5.181691410375607,5.168870626365506,5.168870626279124,5.168870626454296,5.168870626454296,5.112420954786392,4.607115125321568,4.651886567151612,5.482419846178625,4.964870745206945,4.909105453889008,4.774814055890712,4.719946765977619,4.600428980887678,4.546712149205017,4.443560974734096,4.391286604127598,4.807698134730012,4.502440115040411,4.672959840392913,4.419540538804937,4ddde4c1
20.0,3822,1414,695.3999999999996,14.032978606774694,6.638869885323705,14.300485370419457,10.901947482218626,14.365179178637083,14.00794718117688,6.925745049455212,15.12107838614243,11.575059705742571,10.935344798689975,8.53846490525998,11.540718228154427,10.713660481227187,11.313519954964432,14.300485370419457,14.300485370419457,14.300485370419457,14.300485370419457,10.049639857933505,7.292874835394923,6.931238135276958,7.420543947390237,13.877965691243707,9.853320100182229,13.457372509313844,9.658793384996972,13.038892253976812,9.46617025234296,12.62273507590702,9.275569296465614,9.161383684624022,8.87362758905031,8.59364387649858,8.371996235830023,4e050c92
16.06000000000131,4742,1754,827.3400000000001,15.786403202528264,11.07313986385613,16.80464193483191,12.938401592584828,16.41106087433647,4.657067482260905,25.736012288460223,18.38984410406714,5.156750981749256,14.921202693792141,5.524263089786669,16.63258250138986,16.4126527512926,3.2117298575884616,16.804641934686888,16.80464193454519,16.80464193483191,16.80464193483191,3.276191084086482,13.047516007930827,12.879252074327988,12.964897919702677,15.44806093519569,3.1322493390326662,14.094461629297621,3.094267336962141,12.744794091885378,3.166060850901268,11.400454821275787,3.3405596535506543,4.421097359701705,4.952158037926834,6.634080739400789,7.039024613646019,4ed93db6
60.42000000000007,4315,1596,197.84000000000015,10.263454333455318,39.07395915007381,45.43020371791577,45.41639978176841,45.43221888185399,16.97118416972677,45.57986324795888,41.71729808068336,45.50303932053579,45.3914236012174,27.006704375850873,13.939197903253202,26.983434603470347,34.77267389356525,45.43020371774091,45.4302037175649,45.43020371791577,45.43020371791577,38.489038051593056,41.980307657101996,35.83615925598289,39.95383850503242,45.10360259787905,38.51700723411968,44.77780696950727,38.54511262407949,44.45283454319825,38.573353923746424,44.12870350561477,38.60173083481804,39.53133138158958,39.48307700415689,40.22872129758928,40.1104426388094,4f3eb9e9
25.3799999999992,5036,1863,637.7600000000002,8.904387128067489,8.632952495221467,12.237720546987452,7.435089484055565,5.054460780094862,26.31897121993777,28.138992547359006,42.59808055809384,4.823018585147389,4.789803029055796,2.97576092026645,11.878751549878979,4.728760433148859,22.908831167006117,12.237720546987452,12.237720546987452,12.237720546987452,12.237720546987452,8.407937904184724,13.89141414879015,12.843949330029494,13.900146178395685,11.893036901836307,8.40820657002177,11.558823693199955,8.40964692405235,11.236015283554329,8.41225836442535,10.92562261813073,8.416039800999181,9.95799547604776,9.80740051146605,11.047736398358113,10.785596679788137,4f4ac5ce
32.38000000000102,5244,1940,781.4899999999998,7.639903709328112,10.451281500006381,26.976368659296774,23.422563445259815,25.872619138423666,23.090280069885814,24.39744719136595,27.40298326531131,11.29334709121196,24.900567263172793,9.66799906624901,16.46589194197188,25.613678936619817,23.21902190610128,26.976368659098075,26.976368659296774,26.976368659296774,26.976368659296774,19.979870363360966,9.902538482731437,12.278966418405817,9.824924110237362,25.64096607179011,19.03993091751707,24.317379142221682,18.11566284706028,23.00764715910619,17.209591304570594,21.714277318133774,16.324746454074102,14.723948883655142,13.597389791381998,11.791201391314974,11.17463213337979,4f4afcc6
23.479999999999563,5547,2052,1084.6499999999996,13.508327034803507,12.201745043165973,5.156460625547102,5.181222500357255,5.146513257783706,7.262051292702691,22.029422850182364,12.202273337503852,5.2787221505425705,12.327267722962642,19.466143024457796,3.706200332053365,5.468965159908589,5.299633720359127,5.156460625422657,5.156460625547102,5.156460625547102,5.156460625547102,6.731642419283124,9.966716897674779,9.97391150223409,10.119313163465952,5.390477094589113,6.882644671886036,5.648826815999639,7.05374222987492,5.928329398104757,7.243511231395292,6.2261367213621766,7.450525096991424,7.409742264896948,7.781962384690797,8.027952002171245,8.385320233036103,4f69febf
24.730000000001382,5795,2143,980.0999999999985,13.516746036434126,13.616454296548438,2.0179349157245756,3.892087610726282,1.7254228336277788,2.135694095136774,2.945999823412919,27.57021789510026,2.087788088139635,2.3016790829605447,1.1602964148838903,2.7001738773322455,1.9752227560030637,1.992665308186528,2.0179349157245756,4.331158017846677,2.0179349157245756,2.0179349157245756,1.9907303830535372,13.62594389729874,19.538406024837084,13.60891286257405,2.0297055579840944,2.321499774780782,2.262019377213302,2.7605334971038604,2.6576573060561475,3.264438605793076,3.1557783085544524,3.807545649283823,4.963733130577131,5.7980001341957745,7.384746679282744,7.999901785567912,4fbe9c06
17.600000000000364,5849,2163,768.6099999999988,18.462910510809184,7.778424584951688,12.415968815864359,4.520315671629819,4.377039870059908,4.272608283449983,12.056637013814866,7.218360731096432,6.877467244529506,7.007090538277108,13.494833338646002,5.579904990366437,4.335188198540922,7.068811679448413,12.415968816104822,4.402368308882105,12.415968815864359,12.415968815864359,4.244467247286773,3.9507244737297604,6.252073332970868,9.367405588040493,12.127439740381915,4.181714103370817,11.842542802510197,4.151776305828415,11.561546512230581,4.155363181143107,11.284742258122922,4.192388682246838,3.733637174261476,3.7641519792102405,3.580484935463152,3.6628733054001663,504c8b08
12.520000000000437,4121,1524,1033.6800000000003,10.226890849994373,6.958461757220173,2.3986801079380746,4.991817624170099,4.9957655687495155,3.697341484927344,14.45292896198776,9.491880852720133,9.071478627203017,8.91746107921825,14.35148480291483,8.547552595854073,2.386721327291378,8.895890773286583,8.98709287719045,2.478280099728719,2.3986801079380746,2.3986801079380746,4.156240821911585,9.06378323266327,9.202425657195539,8.792018093959708,2.545868460749683,4.27845619983242,2.7124119180742756,4.4035726612813635,2.894971993270417,4.531349904564926,3.0907118120219783,4.661569132506963,5.493531587398481,5.634918884692744,6.4734195262582865,6.5209435670973015,511e1db0
16.51000000000022,4877,1804,901.1400000000012,11.810194155628647,3.4970747522524728,3.547014207929515,3.354251473773672,2.9362680610279153,4.783741541865434,2.9295328615965266,16.374794947175705,8.676356251096895,3.369807889111335,3.2415552993648307,7.676478454784501,3.4671878249215355,3.1482534903457546,3.547014207929515,3.069403590948661,3.547014207929515,3.547014207929515,2.1018820103581786,4.395253670585471,4.193495304709575,4.310715133011238,3.4505335541981306,2.1181649831037808,3.361587194537964,2.1422461266294124,3.2807879792446446,2.173866302167443,3.2087514243817212,2.2127023282789935,2.5285586435520186,2.5846564155109832,2.983044377614787,3.0061153155560016,512943b2
13.989999999999782,3525,1304,597.4099999999999,16.36114807086266,5.346241734232214,9.068752405093186,9.481602996205512,17.3715686936317,7.949891257279503,16.808962283569493,23.501450481344307,17.563256251561597,17.036029038759096,22.92653310502202,16.434516965696904,17.05913422879671,10.178681292140732,9.068752404726371,9.068752405093186,9.068752405093186,9.068752405093186,13.610203354320001,5.2945543333368255,5.281273949041646,5.286911839091849,8.849919506462445,13.183727217053622,8.633088486984585,12.75782225613886,8.418414033804076,12.332547648499657,8.206065398976294,11.90797093058432,11.029418174724192,10.44265864647689,9.331551958831968,8.920595085988685,5138a660
28.68999999999869,6059,2241,719.7600000000002,14.612539634110085,6.663493386819681,8.195128899909403,8.635947289165081,8.785422710817816,8.840210223015404,9.165107831339975,9.174808148509038,7.504543020657555,10.09410755767349,8.577665575395317,11.258217752149001,9.077186573983788,9.94061578406458,8.195128899909403,8.195128899649605,8.195128899909403,8.195128899909403,7.256115009950631,8.193043788033233,9.955459398091062,7.093162546427928,8.01145077432164,7.177810032032801,7.835822686518577,7.1039612933185765,7.668797733781331,7.0347091368925385,7.510949875393279,6.970190571791245,7.286842739593082,7.147749566575705,7.433102896482156,7.280723463250363,516088b7
42.14000000000124,5274,1950,870.8500000000004,11.82042147743975,20.326065478274092,35.17421760858102,11.966606060601938,31.51714083650661,29.58386022752627,12.150475980750384,8.497422235138902,28.670197318747373,45.86514562301854,29.301712127751834,44.73919137058559,34.67436430230047,28.764837131480228,35.17421760858102,35.17421760858102,35.17421760858102,35.17421760858102,33.051187963612975,18.50383472488861,18.484668175178893,18.529334316288733,34.3905934195534,32.37703480351107,33.609539973928555,31.705391479534278,32.831240745757015,31.03642093435037,32.05589634824538,30.370299789414116,28.420883413705653,27.569020214596076,25.424185961892153,24.891765630429664,521a7819
22.18000000000029,3734,1381,757.4599999999991,19.85319437346463,16.82893320751516,6.724285552073929,6.766051242664746,27.41207146124404,6.80551450827292,6.603236797630486,27.57645261761846,27.456440997697957,8.05145567210207,11.047911504874005,6.216956646483962,9.591638042675696,6.620234698288393,30.279298605387083,6.724285552073929,6.724285552073929,6.724285552073929,6.628710162342516,8.407570935524566,7.618645163298752,17.95338842219549,7.1484003827326354,7.082213888412656,7.590555182728972,7.548544211598415,8.047777086653586,8.025465523947382,8.517640060195173,8.511197627009492,7.061878082024217,7.978930594151381,7.404105068996099,8.302180085253832,5254b6db
36.2599999999984,3835,1418,821.1000000000004,15.730750209381949,19.599500521135276,21.80632216533965,26.662678691582194,26.06656099622141,24.21889651113617,24.26939171242217,38.77758644109693,32.75508614981464,17.218240322917552,35.36512365372075,26.082576805789436,26.685272665566718,23.991817392745762,21.80632216533965,21.80632216533965,21.80632216533965,21.80632216533965,24.248040633608547,25.280556397359597,14.596369137383883,22.58190867833569,21.647474637636012,24.002512629590164,21.49316843695677,23.758114711383136,21.343502060242752,23.51488211507873,21.19857378211029,23.27285137824695,24.52343929941933,24.011960528723723,24.723734644402384,24.194940867386435,529e88ca
22.950000000000728,4419,1634,646.4399999999987,11.898427893533487,12.79510470149645,10.200968969990882,5.045463441337132,3.46781036409763,8.783005562583062,3.566851181138404,29.853371038347955,3.272227341487434,10.356314535155898,3.0760325715933194,17.152251342678454,9.043199509568769,10.78768304137983,9.03567539441754,10.200968969990882,10.200968969990882,10.200968969990882,5.128076349054161,12.811260954388745,12.782660395584895,12.765195113706813,9.805793856395168,5.10614014009483,9.454819969434036,5.157038780607249,9.153133366644068,5.278665797805809,8.905744352586604,5.466302039861867,6.074866073660054,6.55225650780803,7.656012258520029,8.104396765827213,52f1e77a
33.0099999999984,4714,1743,482.96999999999935,14.694691288468633,19.40543069816383,12.186525482116568,14.202202473554648,12.071802042666311,12.839358582722197,12.81303741833693,6.05812823192604,12.711991817537854,29.737457636733257,6.753391799967056,25.920642010161984,25.23547062202705,12.104512968655833,12.186525482116568,12.186525482116568,12.186525482116568,12.186525482116568,12.064268796422947,23.59514040792602,23.008217580703175,17.533487967834535,12.168719543323368,12.109934816096498,12.202050191939788,12.20058086156838,12.28610125360609,12.335215357704023,12.419843022593579,12.512418428664805,14.185787987802183,14.504607411662628,16.44946142168719,16.658412908555825,5305524b
27.450000000000728,5266,1948,1026.4100000000017,14.519471957922665,21.998497775249696,31.93360039675618,31.854466233376712,33.865158894663516,32.04754450918546,2.766419265841389,33.66288186669864,24.43005290066636,21.377142800691676,15.732052936972476,34.57629480142171,16.051723054880775,24.04051749809187,31.933600396578203,31.93360039675618,31.93360039675618,31.93360039675618,26.008430823582955,20.16723121144885,19.929238522859315,20.181145666913032,31.425963682080717,25.80361613257484,30.919137902822722,25.59919127555101,30.413163600955553,25.395165666714604,29.908083991485668,25.191549006567616,24.235951104666608,24.007606896957544,23.06266357595136,22.953640167128217,53134831
32.3799999999992,4972,1839,791.2800000000007,12.64733992535906,18.29336645769631,3.754652624970002,3.743532422528545,3.8346161880496346,3.755975860367254,3.564874898884847,14.790479176204315,13.584106680503103,3.5776551915451695,8.090311754793435,8.134191935304827,4.141279270969926,2.9811570568648493,3.754652624970002,3.7546526250942085,3.754652624970002,3.754652624970002,2.7282137981622157,20.647892715044367,20.51596671633319,20.702898953052852,3.359483358972289,2.744560373672541,3.2338630161116217,3.0552876581676607,3.407732536083098,3.584642746040814,3.840630355907655,4.251735465958868,6.454474413982982,7.578451142434156,10.393244981226218,11.17014563424505,5397ceb1
24.959999999999127,7446,2754,1015.3400000000001,9.367498108452514,12.48713027085431,7.830396881738737,2.680669590339661,2.8879489865553523,3.069246238842695,3.833062244541304,2.623264423869877,2.1976118047611335,2.429350237418026,2.2606741375434383,3.679427609748404,7.848187896740287,2.412196751446076,7.830396881641782,7.830396881738737,7.830396881738737,7.830396881738737,2.6272359318559984,13.605627588178761,5.566091413498227,13.714326947811415,7.757875997946883,2.687344837717525,7.724708852138592,2.8795827588215848,7.731401934833533,3.1800774213744853,7.777852343827361,3.5615318192999394,4.801450320347961,5.4946311637256855,7.1825544440689795,7.692979251534996,53f23031
90.29999999999927,6067,2244,786.460000000001,11.929685535206497,23.60303303851204,21.539607585828467,46.054197722128755,38.3772849695701,38.54033322145793,24.36565228392819,34.233421364307965,38.52909588849233,38.35260919902508,37.678516494354795,45.14579754800439,30.351871923545218,38.416595975427725,21.539607585828467,21.539607585828467,21.539607585828467,21.539607585828467,28.31954903787502,21.087498799148104,20.969868095074563,23.247933388943064,21.509173068294988,27.935542041367405,21.49331349162709,27.5640559035854,21.492061121587355,27.205603537537115,21.505418510130003,26.86070674985883,25.144668813129613,24.849750102901574,23.428136376812027,23.383564472546304,543198e8
70.35000000000036,4146,1533,696.8899999999994,10.152094281806445,16.038886353055005,22.190791022253013,14.10691524486618,22.241199645015573,31.65664642149527,18.979089428350115,14.813781183091763,13.793785374995688,11.603807299250208,12.699908368742765,24.018043193210794,14.646952047018438,24.49455774762287,22.190791022380015,22.190791022253013,22.190791022253013,22.190791022253013,11.096239594223242,16.014004372259055,16.03456913761162,16.048966325460782,21.573051431021526,11.298065643416338,20.975457703152166,11.506353423827221,20.399780381830258,11.72075844924903,19.847926575744797,11.940951210762082,12.434727683726779,12.755242775276027,13.404016083299386,13.64459827706562,54753541
15.829999999999927,5762,2131,637.210000000001,16.95299336885423,7.68275632674413,5.608173238571993,5.583154211462699,5.5992854568589205,5.630918377501986,5.612472666229235,6.779327653740729,12.928815460940944,5.678692460935933,8.030011705314656,17.890325095033926,5.608667475534993,5.617952046028952,5.608173238664444,5.608173238571993,5.608173238571993,5.608173238571993,5.595359029243512,6.591526217480793,6.375462651403178,6.843218867150673,5.380290335085434,5.36546890871421,5.18190607457445,5.165228801476851,5.016521354635252,4.998203532250393,4.887487278471501,4.8678133227321965,4.5034338759337915,4.49447901925585,4.46260265634614,4.641008019582315,54a7e3c2
20.980000000001382,3966,1467,872.1000000000004,9.245833644040879,10.953033764142145,9.805528604733476,9.007545706380162,8.814490570701045,8.959063588794544,8.716181880614096,31.66154766360189,22.27785656410005,8.933460596453239,5.036282865599059,21.25366193609302,8.911860719724478,8.756843029008243,9.805528604733476,9.805528604733476,9.805528604733476,9.805528604733476,8.7768706067921,9.609402311468234,10.309418265218003,9.608132642949327,8.99497214200741,8.131243052047653,8.209757554946856,7.521690941080357,7.457893606430215,6.957702262483576,6.7505331372365,6.451238024764068,5.792880268928182,5.396212022498278,5.240520603299461,5.418042676781857,5542c301
38.79000000000087,6125,2265,534.4799999999996,11.864841241357228,14.947633214877834,15.120684914266329,14.131916631582047,13.821040626428987,13.895815684845715,16.551120255024234,22.156293950161363,16.596762774607914,13.997653109528256,15.727725132365846,10.816620515291174,14.057684580501935,14.052375267044356,15.120684914084638,15.120684914266329,15.120684914266329,15.120684914266329,14.968096049982925,14.199917994589551,14.170129924368242,14.178340970851322,15.045617927745285,14.902121681632508,14.977219599570184,14.842734882234168,14.915581671348683,14.790015005800933,14.860788263428724,14.74403356876142,14.45398533884435,14.440481721018346,14.242037076767625,14.279927924594485,5567d551
61.539999999999054,4801,1776,753.2900000000009,28.761384268366903,25.83515609352923,18.10591254825655,18.931929301670436,24.784469060608945,23.591213447134955,17.357299307477575,26.16971475144317,23.83502182323924,19.61545336221131,25.746423255355115,22.270800915528493,18.735299003059435,21.882121752230326,19.32217095346616,18.105912548047304,18.10591254825655,18.10591254825655,18.24109027502557,24.869805779970317,24.85221369865916,27.150786194913085,17.823856269874714,17.820128617338046,17.618454184954977,17.485313910179496,17.49240680466026,17.241665529140793,17.447434086026956,17.093082430685513,17.057045203769782,17.253738585275716,17.994615431044778,18.48017263454207,55efee7f
43.43000000000029,5042,1865,934.1900000000005,14.317155627161005,15.995051237233431,7.283079627150007,4.779817450289224,16.532779692374394,3.6046626746939263,18.124177625302668,12.285644396130733,9.138823932704577,17.29153993556517,4.801668652648316,33.524441948382034,7.680518142549121,16.454244497149322,7.283079627150007,7.283079627150007,7.283079627150007,7.283079627150007,7.49078649313164,15.088152345266677,13.696449030505368,17.81362943237996,7.590695990107138,7.82378030955332,7.923371734084708,8.174692523690386,8.278086187166194,8.541314937399235,8.65212918715653,8.921711009725172,9.50912771369829,10.094168111647146,11.021108738770286,11.484127362811426,5663b2b7
13.179999999998472,3538,1308,713.3400000000001,16.736724410164584,6.436462476282413,4.633229679900302,4.639540214388304,4.6450372960670885,4.671374518570397,4.692983735279924,25.18018248817068,5.343385973587371,4.34052750154352,4.778933770690438,4.786267697078952,4.717426000544907,4.733995213594003,4.633229679796873,4.633229679900302,4.633229679900302,4.633229679900302,4.594309603462745,6.55684945595097,6.6047592173229805,6.469719783838466,4.643155749482314,4.60895812964839,4.663297122279061,4.633580438190222,4.693522288943863,4.6680187062006055,4.733638092676039,4.71205771756282,4.872957842643673,4.969601409621133,5.232071485611108,5.325694003835727,5693dde2
27.220000000001164,5324,1969,574.7000000000007,12.349622740906382,15.426800372754226,2.472181851619188,7.228159203114636,14.546078508132279,14.654139889607928,6.253597091721204,9.697323912820579,10.919293974789747,8.003307557777138,14.921744997159495,9.93209698526454,8.750178606884024,3.0550477249697767,2.47218185163588,2.472181851619188,2.472181851619188,2.472181851619188,4.558333003255461,14.78848689638206,15.202280842234742,14.496888776686609,2.3167350400785707,4.678764219972408,2.433432065056364,4.90197611855565,2.788310279618899,5.214787195175108,3.305527045188539,5.602208626809777,6.438020446625687,7.184846091537037,8.582517993968187,9.216658197203234,56b00794
23.8799999999992,5564,2058,738.1299999999992,10.536662188846671,13.73493756719886,10.901050214024018,8.337618201799211,10.903659761958096,8.378966711037375,10.88447997450043,11.135705802265756,10.998333397581725,10.752744922257538,8.394613161636604,10.989424960472773,10.996786628512085,10.887196598553459,10.901050214024018,10.901050214024018,10.901050214024018,10.901050214024018,9.653456886645987,14.933344559903572,15.712661086017139,14.956564475247728,11.038874143538544,9.840673432597706,11.17719731888384,10.030290309604693,11.316001432216332,10.222173943255177,11.455269000890802,10.416199062067284,11.140548624494796,11.390788476612599,12.187982608889083,12.339902019617721,57796579
34.10999999999876,4442,1643,883.3400000000001,9.313825150423913,17.494400246421485,12.923540375517781,12.002545756829965,22.52198713050267,25.322235265955953,17.723268491281328,37.16354686713904,11.544112812287867,11.96916380192825,18.535729946378517,14.81066754245736,25.302156814807432,18.862780360885996,12.923540375517781,12.923540375517781,12.923540375517781,12.923540375517781,12.364829623359743,17.592585888750126,17.60404677239087,17.579753109918293,13.038910541545413,12.537467275641172,13.169090919248681,12.721664882243669,13.313647074515776,12.916927911844,13.472116257896795,13.122762422550473,13.595250884730584,13.922996089810166,14.604378532815867,14.865759153204975,577eec7c
63.789999999999054,4729,1749,956.6299999999992,16.224971359284375,36.72935492570787,31.56459573810698,26.859951907084188,20.21333336150679,20.229172555249722,27.338830951020956,18.065429120787275,28.999101220552475,35.845986909685216,15.858572555241295,7.998027384507794,25.55328197414506,20.495942988181028,31.564595738465567,26.94328881236754,31.56459573810698,31.56459573810698,15.736168632806535,35.60392388284396,35.722692238247646,35.5845702144066,31.817248837768624,13.98635331250321,32.07057419997395,12.44510818983603,32.32455601929795,11.198880295091874,32.57917894285392,10.35474215050233,10.156414563207582,11.234483862955532,14.877832798493182,16.75881918322249,57f05c51
21.109999999998763,5050,1868,831.4400000000005,20.809487848429402,14.64719088601917,8.135054191058988,6.076237413496807,7.948830120662215,8.920619415339871,10.730545536806634,5.957461048729851,6.974951993278226,15.043767840305712,5.001079825186459,8.344489761716176,7.791625174101549,11.023532856422348,8.135054191058988,8.135054191058988,8.135054191058988,8.135054191058988,8.02012145499935,14.638591161314965,8.978921103240886,13.614171587717378,8.424361063813471,8.31503598531629,8.71992947722366,8.61631106316143,9.021143993651584,8.923302463385339,9.327457635008047,9.235440161944261,9.850726769394333,10.310043666503363,11.16655095240453,11.506631148222144,58850d2c
28.360000000000582,4472,1654,709.0500000000011,15.074514124930053,11.888547877665083,10.940495634266496,4.600377600746677,10.940634956964981,10.907016863694917,10.921377934297066,5.2562609893827235,4.363130150936401,10.911300108120574,10.910668912234197,10.761208621796618,10.82686783250254,10.886906053174513,10.940495634398923,10.940495634266496,10.940495634266496,10.940495634266496,9.785529182549292,11.399642394079297,11.375312106237836,11.679466088320885,10.950728145381849,9.84701890811305,10.965070958083096,9.913819023505498,10.983507970069736,9.985822957810873,11.006018605857136,10.062919005862549,10.142923032854576,10.268907778542781,10.446078466107114,10.556417255911656,58fa8486
34.330000000001746,4868,1801,818.0300000000007,15.05770616465201,18.031871149062816,8.621759971132951,11.885917579296972,8.491828313778727,8.66815812646819,25.682398037753835,4.402010014561098,11.880329924343966,9.685798658042938,13.508548061867916,8.638252034924458,8.463533212619316,8.652064368280925,8.621759971132951,8.621759971132951,8.621759971132951,8.621759971132951,11.79054190312804,18.16966275748248,18.19192734489109,18.17539255463889,8.999471499522054,12.064458897004174,9.39498253538044,12.34411916830831,9.806139592521893,12.629141184622089,10.231056537545824,12.919170079252066,13.550222913853961,13.972501208788637,14.812326448176885,15.123341031820903,591cc951
28.850000000000364,4647,1719,752.3799999999992,11.955529243983054,8.569138199456752,8.416930301947385,6.244161363287674,6.196984199191466,23.957764347155752,8.602538970500222,9.587971884748935,6.612065449545793,6.547060244633338,7.546820276859488,12.910641085122808,8.065850732845448,19.528967664857372,8.416930301947385,8.416930301947385,8.416930301947385,8.416930301947385,3.026509550217142,6.796048059531651,6.954815051416013,9.243400360579477,7.957343609066897,2.807109208496628,7.5232754540881945,2.659502841029052,7.119394949277208,2.595966066147778,6.751122126721506,2.622616150694121,2.7709566822528426,3.034725554462715,3.561671027378081,3.9357231004868845,593876b6
22.729999999999563,4138,1530,892.960000000001,12.155371659317419,6.535643612800459,10.31067349151024,11.651824820189711,10.723805764374466,23.12994882005387,18.203888314939018,19.133125345015593,10.228839558157553,9.855134011477482,11.862046517229496,9.87572020723489,10.181130541877787,10.247321013776906,10.31067349151024,10.31067349151024,10.31067349151024,10.31067349151024,10.182326507903289,8.62941306605937,9.999749799915426,7.246450001682138,10.077832041304207,9.954792809392279,9.847863308278919,9.730234321588766,9.620973293067411,9.508861831933139,9.397384995567307,9.290903079642186,9.622098901724883,9.246679794810078,9.289680858898272,8.960057931971589,59f8b2e8
32.97999999999956,4974,1840,827.6700000000001,17.458213624099393,18.95607866345528,17.847429592546373,16.76414797659143,5.8587601587158815,17.9147985967819,20.854394898861663,27.07508610175036,24.948777592572828,5.103271470017458,24.652920801586045,7.532727154543653,20.53469758754124,5.310747601211318,17.847429592546373,17.847429592546373,17.847429592546373,17.847429592546373,10.69249322529981,20.86283454662107,15.713527200883329,19.276832898855442,17.896220921178188,11.094628254335877,17.94574810048489,11.498668794848852,17.996005055015278,11.904420827079207,18.046985687973933,12.311715137447665,13.687291511125494,14.208998181015591,15.719288180768778,16.041212158909826,5a1a8fd8
22.600000000000364,5879,2174,946.5500000000011,11.50060668843762,7.273217586709342,6.598727297012015,6.700844209258012,5.925086005963209,6.798200865912607,11.153373986307788,18.994617159862184,18.728801191232993,7.047817600770664,14.429819161005579,7.788684661398322,13.505211993672212,5.849306900302217,6.598727296853295,6.598727297012015,6.598727297012015,6.598727297012015,6.151743007140075,6.824561997189387,8.663760311109762,6.66264969201642,6.289777918507556,5.830091467620639,6.003982194894427,5.533616669777718,5.74479675338948,5.266572206624026,5.515973974518639,5.033644266278538,4.862800611599393,4.684366088086426,4.71061157632614,4.758623401705622,5a5269a9
23.31999999999971,3976,1470,868.3400000000001,14.659956392857731,7.239033173200967,11.783938141533532,6.646014318153375,5.226393026576152,4.601416474359848,28.069651179070085,8.608959321298682,11.948355570431552,13.338375262303694,3.692798985446233,2.4356804029982047,5.022662525861044,7.443399227954388,2.516396455376687,11.783938141533532,11.783938141533532,11.783938141533532,5.7133001735987685,7.815162288434581,8.472431088910794,6.868744531106343,11.480658605061587,5.713849822793663,11.182017199697121,5.723435074998861,10.888395569067281,5.742010680458809,10.600210858681288,5.769489803073733,6.0208591016047555,6.081492389944417,6.403147666067072,6.457612022111108,5a5d1982
29.6200000000008,5878,2174,742.1999999999989,11.188778502437128,18.381222162110554,8.743834834916871,8.818278956771659,8.627339002365146,8.750176691601414,8.838498988947855,8.096682304054221,8.573098900655147,8.846059530222664,8.260904141548437,9.210306786349879,8.754471146978204,8.668812268893246,8.743834834916871,8.743834834916871,8.743834834916871,8.743834834916871,8.700803167157536,19.659234388286922,21.8307510410745,19.65925584954917,9.002856288262983,8.989706161219797,9.302698043851507,9.314906996098445,9.639551663026811,9.672745328822586,10.009681186451475,10.059738884085936,11.23874650286406,11.85931983959491,13.429293201655753,13.89256640527619,5a63b5d1
40.840000000000146,4929,1823,1116.0600000000013,11.377786603469028,6.559438408718735,6.507488573640646,6.286172298917798,6.289080469031528,9.575684655048914,7.787369094003682,4.911178204858709,6.232939658374106,9.757207342836546,5.964258735197733,10.63252299495661,7.257766496245418,9.786816517646043,6.507488573640646,6.507488573640646,6.507488573640646,6.507488573640646,6.10705886382284,8.542285965901502,6.294412115446742,6.232392385824444,6.478694056092505,6.012198146697875,6.453098458411765,5.928579784612261,6.430739977684867,5.856685332868294,6.411652479069457,5.796951011725172,5.537407677293205,5.5811243817228275,5.873308743070438,5.930385854823605,5aa03df7
38.460000000000946,3432,1270,599.6499999999996,7.80922637610955,31.94962444924094,22.403965050172776,38.34272653438156,38.779430502091785,34.39272959080568,20.880891938876854,38.89806089584109,34.29052805236247,11.865848391145438,28.311138122652785,30.6769326798942,17.35700934029818,20.107961027453538,38.77172882313386,38.77172882313386,22.403965050172776,22.403965050172776,28.689230383825066,32.62443203160064,32.701915074406784,32.650601826769815,22.873801545429885,28.848882261238234,23.344708329497866,29.008924174963553,23.816621916601115,29.169349705029877,24.289483624124127,29.330152556699744,29.85011531187234,30.057520430714266,30.63400827227412,30.764481849444252,5aa403d0
42.31999999999971,3543,1310,849.3500000000004,14.21301728057228,10.27447599154983,11.109076466255422,28.14466434261622,12.9736906813226,14.096719037460739,15.685546027045913,11.767845942652396,12.113445957611098,15.922379962264571,14.27066908423942,26.753879347355323,30.96148910180209,11.223374464983499,11.109076466255422,11.109076466255422,11.109076466255422,11.109076466255422,15.724238593961038,8.995021597963873,8.555048871343477,9.133294836452466,10.996415390846263,14.973204308004078,10.890314192372424,14.24159820572001,10.790966370755452,13.532571668812965,10.698560065101264,12.849862909948131,11.662089524569689,10.82603492421748,9.542081701354913,9.15339305035454,5aef5c6c
40.73999999999796,5984,2213,473.2000000000007,10.170356165699122,13.549641722525374,11.023147964359513,5.315449363486009,12.672040660545777,11.076262300633964,14.000626798527676,10.813198780953359,10.83866355840702,11.192901319028046,14.820317269766132,10.256280603256991,11.19884774462944,11.621608281574341,11.023147964359513,11.02314796425317,11.023147964359513,11.023147964359513,8.49440439602911,14.122722021839085,13.953626664499641,14.178059171302753,10.799365069885773,8.439379210531996,10.610541295488522,8.424721636103357,10.458570316058049,8.450641727305012,10.345076381094147,8.516769007756883,8.821643592894256,9.092562422395465,9.853218912321452,10.14978941899719,5b7b6324
12.709999999999127,4468,1652,904.4500000000007,6.7719067190988325,3.050817353826665,9.363214188752332,5.9229552627534074,9.54962595087066,7.806760657181653,9.698033492404504,11.657245422489183,1.8009595158521976,5.862317281970904,1.8435057624099689,9.507821832503236,1.4344734643192671,9.519661835208552,9.363214188615668,9.36321418847736,9.363214188752332,9.363214188752332,6.634611688798833,2.6096921735760166,2.608897462790014,2.7035759088138005,8.996522951048354,6.395572104260022,8.631413920636668,6.159041468724864,8.268096705181648,5.925320251188013,7.906818309499753,5.694754370281622,5.143459514899513,4.845648809083761,4.2183520164579384,4.038993818668537,5bd25f59
25.68000000000029,3489,1290,874.8999999999996,21.683644048815285,13.997335355269549,3.852161503357762,2.537289441541035,3.830445107552435,4.397406477123721,4.475800710782057,20.769585385690647,4.19810895980918,3.8287816818107756,4.471200219688539,4.139804913021118,3.773242844231388,3.9752212312357953,3.8521615033783103,4.167025594308374,3.852161503357762,3.852161503357762,3.8726768593141134,15.071707024173326,15.360823808719783,15.216294895687454,4.050804063692121,4.072900377556901,4.33205671897601,4.354790245802949,4.681052639092536,4.703686623807027,5.083859630538594,5.105871795847408,6.271621611458456,6.971474758101403,8.618409466572915,9.139082972550277,5beded95
20.219999999999345,3800,1406,620.8599999999988,12.350997163532838,6.326385618977432,4.710762156068089,4.713882173180254,4.940702877704023,2.392026643445572,2.712454934723329,4.782359656065488,2.174119427551214,2.304127299389272,4.126799723053731,4.772062190389949,2.374828477708967,2.285381827936114,4.693429765228401,4.710762156068089,4.710762156068089,4.710762156068089,2.7292152169581674,7.0313809903584765,7.037382153822754,6.211848150700883,4.641279476411363,2.792990823328379,4.588455377970347,2.8787762900318836,4.552869734951872,2.9846743988306073,4.534928376679097,3.1086303666006954,3.5050180700224565,3.7432576131124127,4.3823750777890895,4.5631034254657745,5cb483ac
48.44999999999891,4198,1553,788.1800000000003,25.168451125117873,14.51023397205443,17.203093061783022,17.00719510178779,16.658264676112612,16.98629378105858,17.74427370338389,17.768074328039262,17.722457564217372,16.377678471888853,18.00663691483003,27.766708474423087,17.33640035257233,16.440693263889333,17.27929268577697,16.4835192113356,17.203093061783022,17.203093061783022,14.39329483317531,14.233286425580205,19.279482236988027,14.035803309233604,17.008595773954863,14.370723029317116,16.81931056537596,14.351116909804684,16.635415353117875,14.33448864366509,16.457090825243483,14.320848603863265,13.992540570599738,14.026169333906628,13.891365191972522,13.944309396889693,5cdd8dbc
46.04999999999927,5579,2064,786.6000000000004,12.081406855973587,10.031390597981453,17.789063749648232,11.648935042372099,12.655976961486036,17.871518996587348,17.02183587716643,28.78267159482712,17.483907440535333,17.072347870372877,11.373379433816899,16.80353733920253,10.854325391447901,9.080149255982555,17.789063749847937,17.789063750049152,17.789063749648232,17.789063749648232,12.555070618799478,10.366172414405481,10.105940646500851,10.388011196886447,17.178725558060826,12.2930194795814,16.579417187204065,12.041273614858401,15.992378700295689,11.800492585931748,15.419011592123935,11.571360893757097,11.547158735550296,11.218643742857726,11.024617206342354,10.80121497814454,5d11dfb5
34.470000000001164,3502,1295,225.9300000000003,12.225230978899933,13.778168089597289,9.316201336735308,9.742683178527095,4.6863231935080165,26.922004219026007,28.47394963006677,20.107801474693957,9.910249332328622,12.694994518858035,8.125660677183458,12.972557258538092,12.445132319638509,12.477815105860806,9.316201336735308,9.316201336976484,9.316201336735308,9.316201336735308,8.357638122734027,13.295319661446593,12.535167755885215,13.290188566604815,9.039936996932171,8.359948645003806,8.816204872338039,8.399691453440942,8.649082591478654,8.476340040861594,8.541893518302919,8.588906407279376,8.897557603332157,9.184435741383576,9.808910070954171,10.115897763563606,5d7198fd
27.350000000000364,5838,2159,848.2299999999996,10.482993679488418,14.429050638541339,33.949534791960666,7.639029223115412,7.4160598217515625,19.92599147200957,13.932181582875252,12.649518086667637,9.863869401679162,8.331071111270916,20.823835036620792,7.9867332324272615,7.895967547842066,10.802694398145835,10.737125710778065,33.949534791960666,33.949534791960666,33.949534791960666,12.312803778102497,15.89313388629287,15.811796511059216,15.258820913033595,32.921418430498186,12.370335047719054,31.8956931905969,12.4335681472183,30.872597404319052,12.502416562979214,29.85240142127618,12.576788076489118,13.150798490694214,13.241255820238582,13.835989440254139,13.878427803340323,5def1ce5
25.80999999999949,4856,1796,898.5900000000001,6.578539315370584,7.33424079615688,1.9754550445963244,2.043217013040579,2.0053053377296237,1.9909989077966168,2.3663741235043876,2.6928046765685854,2.6099404847126917,1.9391922351321156,2.85415137431016,2.6673425323601037,2.0721999773710693,2.093357733446218,1.9754550445963244,1.9754550445963244,1.9754550445963244,1.9754550445963244,2.0495129086466637,5.661293228708473,5.324038427076354,10.179549248346536,2.018983442387061,2.0849969539046467,2.120008327196851,2.177035012214521,2.2708690260504802,2.318902887695047,2.462422916338352,2.5021390393520573,2.740118340173576,2.967326209404881,3.4809236177120075,3.6690809446848442,5eae34a8
93.91000000000167,5192,1920,748.9000000000015,16.354938293712898,57.38681167110693,48.10153508125428,48.13153312814994,53.63058025380918,42.98012200550239,42.93136156293549,66.01776781917961,41.71366611953753,43.10833907667977,44.282567528039614,64.38052591910912,48.01553182801795,40.7269447096316,48.10153508092127,48.10153508092127,48.10153508125428,48.10153508125428,44.81040960733981,63.10435563108729,65.05220707774345,62.743557365135075,48.55254016723957,45.42475334664663,49.00517586874357,46.04099167627936,49.45939741726395,46.65904952924646,49.9151615198045,47.2788555478631,50.24751449979792,50.94838523826185,53.900696730979156,54.241470103834146,5f4d2a52
21.339999999998327,5887,2177,911.2400000000016,14.403002324698623,8.952612303848168,7.474653508570135,9.8853120015317,15.23061329755568,17.46511508242665,23.325887911200546,20.522267466577443,6.763704125187787,17.84097600573416,10.006177527818435,9.98324836812393,16.02088893216462,7.452178953521154,7.474653508570135,7.474653508570135,7.474653508570135,7.474653508570135,8.761556072809618,9.124333198131053,9.130824286383142,9.123951452841682,7.511206740604137,8.737576338305626,7.552226848868129,8.71708663298939,7.5976414829321275,8.700111615085483,7.647372351292781,8.686671889246718,8.724851191431235,8.71635337533734,8.770844621943752,8.772951741974419,5f6756c5
19.75,5347,1977,810.8600000000006,14.030357461076935,7.181557200925962,15.305071650489745,15.329916966725895,12.420488407657139,10.294513250213543,10.573501126181831,25.082841346826708,16.44410977083615,15.100234810464263,16.171219586092715,11.694275100105125,15.446343946085495,10.18499814815915,15.305071650489745,15.305071650489745,15.305071650489745,15.305071650489745,16.091884986203553,5.937548862712489,12.708464796453102,5.82648261182984,14.83167729998637,15.58925062351963,14.361490356286527,15.089250442284328,13.894836429229592,14.592155225685271,13.432083753269794,14.09827225813063,12.44923592737668,11.849326677619446,10.159932981625657,9.820227003339948,5f75f796
24.150000000001455,3546,1311,765.7000000000007,9.757658050144352,16.610545719608574,4.142574604986796,12.52394841365454,12.5504736174791,12.81637613457679,12.6476552483284,24.064245954489248,13.05525668668312,12.363421159186936,4.045469841171524,12.273207123179917,12.722664891153933,13.055783686748654,13.013454321434677,4.142574604986796,4.142574604986796,4.142574604986796,10.472854745683543,16.796913380070535,13.121036039339314,16.85777536123144,4.331078718058756,10.758665859623424,4.642118161171887,11.047770344691509,5.053115755517557,11.339916316015078,5.54187660555054,11.634874665184576,12.300752761032786,12.715139914994674,13.560020111349793,13.855983566375679,5fb1c15f
12.0,4543,1680,1048.25,12.153488842637751,6.4094081362353466,1.8269285984624746,1.1971455102939248,1.8269781891551502,1.9134699388533827,1.3009051870017387,7.48166162011104,1.2845206374941918,1.9071107657718505,1.9307237472214052,3.5053835351516702,1.3679840770859772,1.8419811522224918,1.8443655112068886,1.8269285984624746,1.8269285984624746,1.8269285984624746,1.4868067016815598,5.691743250380904,6.5692603707094905,5.606666831995149,1.751755173113511,1.469934470623996,1.7397094343660269,1.5233680744619682,1.7920648125428944,1.6402508939930511,1.9035147269015291,1.8083211724692188,2.0919565148377397,2.445202262595313,3.0167841282600536,3.3279817353223744,5fffa282
51.47999999999956,3388,1253,875.4299999999985,11.556061215533164,25.835536048325796,28.81877426948603,31.301608431850415,34.230295545801205,26.614554250707364,28.84211653693019,36.34198755789653,31.97221438359232,37.636753180316404,27.18991383329944,26.71737288602069,37.80403080512061,28.82929592514059,28.818774269244717,32.73021256805461,28.81877426948603,28.81877426948603,30.902986175472652,28.207265266477588,36.43891825557293,27.19926735027887,28.627808685481938,30.643700234637834,28.440775995499603,30.38494235448443,28.25775429287595,30.126726141526618,28.078822010253916,29.869065643802386,30.065801243782015,29.636456308494637,29.520612387404057,29.148218583182356,60e37807
10.8799999999992,6089,2252,1068.5900000000001,10.826693061909161,2.8714226939053664,7.6753715504482365,7.717501172269629,7.709319478112478,4.594012626946461,4.462986129281679,10.739072281091158,4.874074963173749,4.672367084589306,7.710510783831423,6.760684417414389,8.669171193840445,4.528532057864271,7.6753715504482365,7.6753715504482365,7.6753715504482365,7.6753715504482365,6.76883062978955,2.5984212395383874,2.5684115559697345,2.7500479160937923,7.337518884506547,6.481960674293443,7.00244841483611,6.198140438445616,6.670579412860186,5.917808735469128,6.342414452162367,5.641485636584924,5.259244691511901,4.864996847594688,4.315129917376513,4.039660538459593,61f27424
21.659999999999854,3827,1415,766.1000000000004,12.072005117069667,9.764152402808996,6.38050672918947,6.332592792061493,6.133239654658791,6.350265199061716,6.257684469054675,15.247908448922619,6.411307142163297,6.352806123637689,12.516303436038717,5.1846947139241655,6.422307501230398,6.182518678731135,6.380506729096603,6.38050672918947,6.38050672918947,6.38050672918947,6.411387740765809,9.88192301540313,10.610083089048373,9.408407837963825,6.240631527500514,6.272742386396754,6.136240077882396,6.169218131115704,6.06916365040106,6.1026026146222065,6.040645431397172,6.074110306392837,6.034416050725279,6.1896282086002445,6.602922819411574,6.843431993477148,62569ae3
20.139999999999418,3835,1418,666.9099999999999,21.299530775182806,7.368187167695436,9.944987421033842,14.470168069305016,10.228908932774031,9.694505867334264,10.186475551749284,7.255751877689061,10.906572068921468,14.412255012166657,7.763640900760999,10.25646955182759,9.874648485146347,9.97748055532701,9.944987421033842,9.944987421033842,9.944987421033842,9.944987421033842,9.8928138227831,6.980084334319655,7.263317831347383,6.998500472652269,9.780054304885992,9.728052613216342,9.6178896046335,9.566252377005837,9.458635711650343,9.407565892271638,9.302442122522336,9.252153375084076,8.822886258037272,8.633656110276037,8.185857207559591,8.078451039757647,62a6f539
42.76000000000022,5820,2152,740.7000000000007,16.232308113188836,14.612879886971742,4.0284975984365605,22.66707067420786,8.850622536754257,3.9610903361584526,12.251354419380563,9.96309864955293,9.450031711481806,4.0921734340829214,7.714739935021834,19.119527185722088,8.814247396025946,3.996039425794288,4.045249744938671,4.0284975984365605,4.0284975984365605,4.0284975984365605,8.22366037319998,13.227672006102551,10.72531446042087,14.236862968439665,4.1647464168560795,8.530019928246865,4.402543075257389,8.838639384271321,4.726585589932044,9.149290054448931,5.1205263543005515,9.461771873282641,9.651392995789262,10.138932916650479,10.646368617528005,11.037493084153562,633774dc
19.94000000000051,4241,1569,943.7099999999991,11.883639895470301,5.967263122038906,8.625442981839177,9.579542954667678,6.858988526525668,8.248328232362732,7.223305345958958,19.121218231030362,10.446811430038826,7.04958670823487,8.458038452751682,6.533010894489262,9.319052503188162,7.971194445605104,8.625442981839177,8.625442981839177,8.625442981839177,8.625442981839177,6.074670822764462,6.324629673689995,8.317812073450128,6.0655749836358615,8.353924464153286,5.923009988839229,8.09067171042868,5.783355103798599,7.836517782310751,5.65659547706897,7.592376481205203,5.543615763341143,5.443736988625818,5.351230258556966,5.3565636298202985,5.346936966406847,63559d57
21.150000000001455,4260,1576,1028.1299999999992,17.190052580165506,5.97684562023105,2.9792244298922377,5.087152239553222,3.2856459676644505,3.3693038968842517,3.3552094982431164,5.9268412114699105,5.329827924588611,3.2625803627630194,7.415074832501285,4.257248987495539,2.2567451782442287,5.121259055050495,2.979224429724112,5.079669219642086,2.9792244298922377,2.9792244298922377,3.078578048292724,7.187098273729676,7.209323573330612,6.516181476360739,2.938781381314173,3.093421456978919,2.926360748095452,3.128794989705801,2.9423174312376044,3.184014467735964,2.986196564474943,3.2580709691383714,3.794509986796859,3.935342344848451,4.621777107142927,4.718874299744108,647f2a41
31.790000000000873,3684,1362,1036.0400000000009,9.887849885455609,7.616108804888076,4.347023441539688,4.809633232925518,2.24913596377816,2.263374127194015,2.1822030376453565,2.5749529234399944,2.348263176388484,2.0894845642315936,2.2489831010218495,11.507501331743033,2.0446031398092632,2.9219448526093017,2.007817503837788,4.409798489317695,4.347023441539688,4.347023441539688,2.502189706354089,7.022268950320371,6.687450372226538,8.192366887361942,4.364548891349657,2.6472123545955752,4.403603580143241,2.819262748531254,4.46362243021329,3.013715466227566,4.543774768883273,3.2265226868405184,3.560454356125078,3.90886089360798,4.477621556655246,4.761664437721317,65156b96
6.130000000001019,4341,1605,550.6500000000015,8.910040788669653,2.629381721571239,6.34543922895047,2.3819414168942066,5.755417507330894,5.873063046387743,6.027797675021999,2.0429688644202333,5.02362202118473,6.179768182614233,2.881176753033255,6.620586100964291,5.887934504683494,5.789284497446241,6.34543922895047,6.34543922895047,6.34543922895047,6.34543922895047,5.882448264423668,2.4079736525275184,2.4184249845030306,2.6508599744252175,6.0465770749188215,5.605614763390953,5.750817412869185,5.332135415341124,5.458664560862901,5.062553823874417,5.170729923181151,4.797527099640297,4.12573063668471,3.797791798482216,3.091570416243322,2.921057650066068,653612bc
39.61000000000058,3574,1322,781.6899999999987,17.54846503438117,16.385248927027597,8.7138845283562,15.018380598812001,9.717645745432643,10.198672561614826,14.771619828224091,15.43566778324873,15.138876137942255,15.490310165927962,7.991689447554604,15.12302926566685,16.527022364263868,6.114875410059551,8.7138845283562,8.7138845283562,8.7138845283562,8.7138845283562,8.625348738967526,14.861592976629863,12.830468928776117,14.92227019650708,8.686729539912314,8.586798535793942,8.720658662708704,8.61167202659437,8.814966580150953,8.699425203237869,8.967748602224752,8.84818740836985,9.250707048412556,9.635252153286132,10.422534820364984,10.859391014828873,656a067b
36.23999999999978,4465,1652,766.3500000000004,10.66071047194875,11.723424263472127,15.216471332714043,15.218405976694381,14.743090776393332,24.748160822680767,9.638026489122089,14.99115864102724,10.34971160849379,15.387841474916835,10.447921432598012,18.535426417928164,16.187308866352303,14.192175294204507,15.216471332714043,15.216471332714043,15.216471332714043,15.216471332714043,10.823283904619569,10.613514282268577,13.778513714444967,10.641151925957006,14.778038822747398,10.504069496096328,14.357188375266558,10.21523008802884,13.955510725446404,9.959408807635372,13.574707957895495,9.739207879369161,9.214198683116427,9.082029671359964,8.838423068782488,8.93424227058946,65a5466a
22.350000000000364,4482,1658,615.369999999999,10.520368529852648,9.143347446159918,17.933499329717183,16.011125787689878,4.867909107082122,4.878783117793212,16.02777598394846,19.402782433904324,19.450058371174936,17.988790675960324,19.833482274936028,3.4613200397921933,4.841063181103146,18.000185383699055,17.933499329717183,17.933499329717183,17.933499329717183,17.933499329717183,14.56293336876139,10.095955783462161,10.19175799094609,10.042485435466668,17.453591367158236,14.253194356511166,16.975872861679196,13.946017113730717,16.500533979885827,13.641574697185625,16.027786441933184,13.340054348157832,13.041640232722267,12.604903901415188,12.097503226105383,11.77272273836307,660d9546
33.25,6098,2256,666.6900000000005,17.705789753674527,24.617714014360512,9.949403051261976,20.231477430808564,20.231543803113436,9.936357709071297,20.28261016420333,19.96289438727871,9.74765702926766,10.045385862035483,10.585390892220529,10.172914239999027,9.908659975104747,9.845718725602902,9.949403051261976,9.949403051261976,9.949403051261976,9.949403051261976,16.04496204704073,20.329483903328345,20.314874259252946,20.326114440265975,10.616733252132223,16.458833549579225,11.298822626161495,16.874959100665386,11.993153232073649,17.29317598360764,12.697717120750458,17.713336068214574,17.297083863341143,18.01439149066604,18.149519017734175,18.787012131353993,6767c111
23.789999999999054,6697,2477,731.75,15.33998093917831,7.48177654935517,6.414030120587088,9.007903281303204,14.331462785438893,17.676092609170077,44.92584544779645,26.099792119646295,14.07564684592631,21.212959567726198,19.916824012019454,9.34725073562783,9.729399075416326,6.286499663889734,6.414030120587088,6.414030120587088,6.414030120587088,6.414030120587088,9.767496860720723,5.596917026372007,15.296171208864779,6.441231564962515,5.877942229141424,9.168363630553086,5.360257229542407,8.584899486470608,4.866851193639659,8.02052476565506,4.405888533725726,7.479561927884937,7.01759538484167,6.298674195007808,5.594702429486867,5.232326881743481,67847288
27.789999999999054,4851,1794,726.1299999999992,12.129908439357102,14.358354702504307,11.195573805316341,21.764913401388707,4.037444366158612,4.163818173499225,10.374423025619164,19.196331469793883,21.888110591281457,4.1762517277926765,22.085292210087793,8.790957135844664,3.687127641785949,21.895400861669813,11.195573805316341,11.195573805316341,11.195573805316341,11.195573805316341,14.672793542988238,16.665666245793687,18.211277666900788,16.314381283156937,11.325262849251773,14.61873112362222,11.458630714893317,14.568540619457115,11.595550465468927,14.522262175817215,11.735897784808449,14.479933302055429,15.131744198538962,15.015593442704253,15.50796917104612,15.369964741780496,67a8da4a
35.479999999997744,8358,3091,985.7099999999991,9.672149195865932,9.71859070423194,15.556307732927102,14.558792459650121,12.80141810755191,14.955731614401598,16.122264109500033,11.569748070305769,10.449588254153344,15.56675056900456,8.516512100435072,14.660001154445158,16.12287562848864,14.175914962719673,15.556307732927102,15.556307732927102,15.556307732927102,15.556307732927102,11.950178242624725,10.186159306696366,8.191621630896273,9.863925761024559,14.902102760643205,11.665139728769141,14.264204657127683,11.39290397827796,13.64490064883641,11.134410111461888,13.046838863772022,10.890636680540844,10.515977737583496,10.251116162926255,9.943341630708046,9.824444098457297,684a6fc1
30.23999999999978,4744,1754,794.9400000000005,15.44821946230468,10.385886754448608,11.788256559285061,9.261983537677931,10.523425617453215,23.338230941495553,19.87054927121064,17.10798485403141,9.97729382995139,6.665355489412,5.983711358979495,8.652381006962505,6.115833249302306,19.82392623691813,11.788256559285061,11.788256559285061,11.788256559285061,11.788256559285061,14.466481767962843,9.800435315726293,8.859748939149029,9.803706748991981,11.62473930091432,14.229884820017903,11.469327026512802,13.995752242695941,11.322353491574054,13.76420979521858,11.184151387360632,13.535390401996544,12.868425229348913,12.58545361817258,11.878554367343954,11.71104929299123,698930d1
24.80000000000109,3996,1478,424.4899999999998,11.93040333330928,9.793560450688673,8.244550223854924,8.444113889004564,15.862476432649805,9.52336122407222,6.535638342659277,16.23857026601577,16.27784317019866,15.460497415971435,16.142628751779355,16.323709332176833,16.338262393414915,16.398556127286344,9.146014092053397,8.244550223854924,8.244550223854924,8.244550223854924,10.825935137203738,9.770874850561688,8.500637546012987,9.774025433421317,8.303557598943124,10.769926736744651,8.364795451178187,10.714338811760657,8.428215161997844,10.65917794063001,8.493767858236739,10.604450787537324,10.49006273702174,10.415923679088229,10.274886838764267,10.224219811595807,699ea575
39.030000000000655,3391,1254,721.6499999999996,15.398184077692648,19.871524318427223,7.25652648076944,16.56136811261896,20.8062463477775,9.144414876278876,9.511112439581503,9.445808055531183,7.6371144590790925,11.217601100384504,16.364365900028385,13.80382774687181,9.56595182772097,10.392370772288176,7.25652648094039,7.25652648076944,7.25652648076944,7.25652648076944,7.17289027759751,22.487765559355214,25.119666169311394,21.893944275983397,6.642940620319935,7.2152176701911,6.188621952110217,7.376434224543231,5.930288467625839,7.649026242390137,5.893767811377701,8.021647448718168,9.521746069808621,10.37439861076198,12.768147720503336,13.436655926292872,69c1bdad
16.679999999998472,5232,1935,637.9699999999993,12.24756378511474,4.101619652397789,6.527294838725597,7.70677923628541,6.7660322412014615,15.863932021584853,4.461811292579956,19.006160139486227,6.555843846240939,8.113849950484044,16.993394576929287,10.232080361561684,5.531840909847226,6.233178585953138,6.527294838725597,6.527294838725597,6.527294838725597,6.527294838725597,6.067447513881927,5.433264774735518,5.301467281099118,4.747494017449269,6.225409282085652,5.830077615066989,5.930886559933833,5.599799280652131,5.644879262094181,5.377523620716389,5.36874847799255,5.16428406664814,4.32421122059602,4.153284765329478,3.769133600137754,3.7400196381039277,69e41fa6
43.75,5760,2130,753.0799999999999,8.636126145352286,28.57079474864986,43.54960473351696,5.40185813200799,42.694115185961685,43.55100054787933,43.63219350781785,43.80072089493515,43.61073042900828,43.62800515569653,43.32824440966049,38.27291123311373,20.11450934819342,43.60011505427223,43.549604733342896,43.54960473351696,43.54960473351696,43.54960473351696,43.316007473928906,29.533359597195396,23.162802831264276,29.789695493063974,42.792760827337226,42.572536500677366,42.036480801025334,41.829511069138235,41.280795646077415,41.086955351135664,40.525738640283706,40.34489528218986,39.15374807337322,38.08802636998812,36.389508016768744,35.60300993077634,6a0ff78e
23.030000000000655,3400,1257,667.9399999999987,17.62328124798607,15.103545562510547,2.540736911061666,2.2589281112729687,1.7378944833592693,2.345868442183451,25.185258105280873,27.609857315451073,25.189675353432964,2.600518660052743,3.3542399346722185,24.851513416714365,2.607284374043045,2.2449381892655516,1.8724204571954215,2.540736911061666,2.540736911061666,2.540736911061666,1.91604564607397,14.603496633058446,14.569521039605732,14.60852004925196,2.5175864603848184,1.9715057069990154,2.720313668623608,2.293695148595539,3.104986096875945,2.79174478842902,3.6139643334965608,3.3889879521494994,4.593383465996672,5.592900887011683,7.37294609641216,8.133715583766081,6a8fa194
15.849999999998545,4342,1606,724.1099999999988,10.59256882955723,5.275346592161905,6.46202980150437,6.371014908324694,6.507298289731125,6.530819714730438,6.471549211423767,9.529606794989165,6.613910050099693,6.5451334069751015,6.117804949803842,6.466760072655916,6.6748123891940425,6.425572726280375,6.46202980150437,6.46202980150437,6.46202980150437,6.46202980150437,6.347068250384222,6.480068953605679,6.68076563227917,6.01263940093196,6.380573805557009,6.281172457575421,6.3009859077393795,6.216350711329276,6.223337779650161,6.152636958926435,6.147702922104702,6.09006597567908,6.116014332920902,6.010674095439265,6.091046263701529,5.979949126882671,6ae68655
39.97999999999956,5341,1975,763.3400000000001,13.541689660754292,19.876009915357873,19.020244268361672,25.03942818988326,31.74110315581734,24.78175430810873,31.723738524818263,29.308495814572094,31.472823137659923,18.792704665067767,24.191016014377073,31.240269857109517,25.052049095883522,27.608177941723266,31.419278253582895,19.020244268361672,19.020244268361672,19.020244268361672,25.36567660710038,20.339377756257,27.810362965280678,20.310679520944863,19.042631870888734,25.082836773841453,19.067235153890987,24.80069894915441,19.094045552446055,24.51928736660611,19.12305378346971,24.238627321322994,23.83025508535544,23.424526778094265,22.818303482502582,22.517040003109837,6d1d74e1
31.899999999997817,5725,2117,777.7800000000007,14.324682803318623,14.41747167085514,10.377396600166511,23.868371450082957,20.596655216218508,10.08514902398763,11.350243419293479,27.664398610917143,24.916923921408205,40.87479964608391,10.769302429954045,11.790941468035015,13.078748299557216,13.397250127890768,10.377396600013208,10.377396600166511,10.377396600166511,10.377396600166511,10.788733380274408,17.722691056121125,17.730929631775087,15.671304126668733,10.548449588371476,10.928228265367062,10.723789548744616,11.073305610437012,10.90320966042633,11.22374894218377,11.086511830092272,11.379345435704328,12.698088233897954,12.837219459444976,14.072161100918676,14.088674298697438,6d590e26
63.75,3873,1432,756.7999999999993,12.704767953523506,41.64919908634377,54.53829612153526,52.873013168970125,52.15349177233194,54.54147049251055,15.16464931473578,50.464398863769404,54.58750360062914,54.52942946573852,54.28768495258372,28.67212035998574,54.38453408050787,53.09823034716233,54.538296121710054,54.53829612187864,54.53829612153526,54.53829612153526,48.94852570456531,44.93601128607367,53.87469969076398,44.83093021221261,53.881920013525985,48.57491221645998,53.22652302593214,48.202083587121244,52.5721417777345,47.83005817014393,51.91881467588282,47.45885485444824,47.732930212871956,47.11193247619201,46.92793046791302,46.38968914863408,6d6d93af
21.94000000000051,4871,1802,977.4599999999991,12.429973175847259,6.574970311148653,6.760767314051938,3.7101739208049063,15.878323592630796,19.21710988841217,5.811942923686945,16.029903037386653,11.486523020964698,7.924733928741163,14.420653841007631,5.679373243949206,5.875991352496165,5.5605868137207874,6.760767314167764,6.760767314269744,6.760767314051938,6.760767314051938,5.154824222113968,6.696579495920894,6.885662030124823,6.6082268935826685,6.568003491936063,5.091357270499673,6.38958351267703,5.042593652076623,6.226740516588281,5.00896280812431,6.080726096152415,4.990770669495667,5.101435626824837,5.125441756909728,5.341406885631403,5.399748759193426,6dbe4b60
29.780000000000655,5171,1912,717.6299999999992,14.972939172468568,9.480352639690404,10.981758182886782,7.600031191395938,11.206016444932862,17.0806166477001,18.30570281278859,10.070337915739692,11.264134990965234,10.81164895123957,8.097744065779365,6.982113917958218,10.939041785830657,9.974332270742439,8.021721665842653,10.953829996505442,10.981758182886782,10.981758182886782,9.59114989498818,9.773051626645334,8.49521296373244,9.714873497185978,10.601715230040131,9.323282943263683,10.241848515905383,9.076301733502476,9.904357546000593,8.851954657609914,9.59160455542733,8.65200260914086,8.412902721101858,8.252199368923387,8.199970455819066,8.195628229836963,6e6d122c
44.719999999999345,7022,2597,312.22999999999956,7.369576700478248,19.470697071028987,24.045078113571957,9.33948986956949,3.017711493379588,21.333789960696564,36.376913570823675,5.911035947200592,6.169064976073735,31.792390969815674,6.522541956340751,13.200963413960013,19.709444928319044,9.511782477318501,24.045078113571957,24.045078113571957,24.045078113571957,24.045078113571957,16.045647059958,16.52330455251755,16.374902142156753,19.323966059150887,23.791766603635622,16.210684159018406,23.540569274283158,16.376496661652666,23.29155452936054,16.543061252071148,23.044793121927736,16.710355440427854,16.14864665033602,16.472831977688593,16.236773326138096,16.55249255834065,6e9ccd38
24.399999999999636,5763,2131,1188.8500000000004,8.729224080597527,6.916729390574272,8.112443232713137,16.24686673386506,7.794419411537158,16.133184751289125,16.009148098970392,9.392380366959346,16.031313328383064,15.287600684782793,7.017511856874453,15.485418684211554,7.823593263894351,16.04588712862498,8.112443232713137,8.112443232713137,8.112443232713137,8.112443232713137,8.53558668079791,7.132635803847108,8.535531132021251,7.167515529468467,7.92073673602921,8.234454631435664,7.7390805194750705,7.94708540275103,7.568198315338278,7.675025078119584,7.408835657617783,7.4199577984389276,6.874105329398467,6.6270696756216045,6.263890859235884,6.198745965018726,6ea22614
23.18999999999869,4833,1788,673.75,11.658686346234969,10.588529773110276,28.930307410448698,13.948328962005938,14.387360233813027,14.358498907753988,13.938720243312524,47.213137644426624,25.30381989379745,14.206100362481282,18.82722696513958,21.436179424793007,21.61395216681587,14.467411871638545,28.930307410699726,28.930307410011032,28.930307410448698,28.930307410448698,15.707791188679002,14.773006925571813,16.184281703562775,14.592530724602351,28.000936203916037,15.357228663644285,27.07206481107318,15.013063184754728,26.143746506205797,14.67574481630058,25.21604237450791,14.345756564174714,14.832758948735835,14.310691366491312,14.520676101701675,14.073943059994976,6ede926a
45.76000000000204,6192,2290,885.6499999999996,17.498845011344432,31.232063481182507,9.709636644335804,30.49201443131295,31.197058056015415,30.003931630285248,26.35610147084804,71.40565494451735,36.64109590056205,29.56470891308756,53.168162749925735,28.771870041936612,29.671142310865125,29.875403963011887,9.709636644335804,9.709636644335804,9.709636644335804,9.709636644335804,25.98963202658879,26.962694702198732,28.65951049667253,29.89658988589706,10.491460765357447,26.24942494470003,11.350756279519771,26.509506437970145,12.271259150679928,26.76986809548456,13.240209517573676,27.030501821496106,26.254061555485407,26.748953753221326,26.443675642003395,26.91917508798968,708caea9
24.55999999999949,5893,2179,1008.039999999999,20.938948240494895,12.835267608693682,15.01132392780482,15.852439477181187,34.483693057624244,23.069127392983088,20.503095052864648,44.77798532877602,21.522256034187574,34.4385588158545,49.72838051084179,32.55923733141356,28.09554224564405,16.563274693698933,15.01132392780482,15.01132392780482,15.01132392780482,15.01132392780482,15.181160402016634,11.167041718220538,14.49995917184192,11.138427562851678,13.99563527455373,13.991999028907973,13.007617372177236,12.821477134832424,12.054076279559503,11.67520228664304,11.143865689055295,10.561072595617794,8.883389006741726,7.518378010430242,5.910845762842132,5.552852012547879,70925e23
25.55999999999949,8277,3061,895.0599999999995,12.572830714628461,8.598625749614646,21.888904425533436,28.21766455262829,6.005998473401463,4.7716110152454005,27.703003566360877,31.959043131905883,27.70823670986729,13.809154357563465,17.344277409080714,4.451080071234863,8.226471156133856,5.926545330032558,21.888904425533436,21.888904425533436,21.888904425533436,21.888904425533436,20.2730645561925,7.182076808306217,6.2914106459450805,7.268868288826566,21.16927751106853,19.635209204706,20.451933465275037,18.999770483084134,19.737121201747005,18.366999215755218,19.02512609508235,17.737180888109613,15.893038747907196,15.090543560948186,13.079397962710289,12.585346913832394,70e1788b
26.079999999999927,4860,1797,1245.58,13.524082439487962,15.22550312980088,19.18740512480424,19.63398925302581,19.405256627999858,8.441694614403259,19.61496963790985,21.850627270998057,19.0665850648734,12.928929234437078,19.805044742971806,5.056600470789708,19.114883186910422,4.588389065920618,19.187405124657367,19.18740512480424,19.18740512480424,19.18740512480424,15.75795647591727,14.86252277268935,18.062629179624953,14.031977399963012,18.05710692000726,14.833250103357761,16.960997290001426,13.950923600654006,15.906145720314797,13.119530263863302,14.9013166577324,12.349361268026756,11.213946025415185,10.49666871594232,9.924251297059756,9.898580512618034,71642c7d
14.840000000000146,3375,1248,851.2199999999993,17.160012227562195,7.519898923670664,3.787448770714291,3.7964466565298287,3.5442024082481027,4.352272110093524,4.529474546899089,9.093184128853283,4.326584763085926,3.5923839270306894,4.830667941229845,3.498000601871914,4.037316494062271,3.8142404023298395,3.787448770714291,3.787448770714291,3.787448770714291,3.787448770714291,3.9031369294397638,4.358534204846603,3.898071656221785,8.818635636474468,3.4837735478019063,3.58064059577303,3.222288861931554,3.2983317218781463,3.013995740355959,3.0673267032244564,2.8704969207134368,2.8999120583888693,2.8094369186300496,2.682003479369699,2.651796435202277,2.8289581324445825,71ccf778
17.079999999999927,5523,2043,511.0600000000013,11.613563602301694,4.722502075755609,7.189726082078098,7.700066136952249,7.1580616645751025,6.963714673430072,7.136905990216652,8.235733833148466,7.251836388599448,7.130819843102721,7.443953207126421,5.836177127028107,7.373101169348163,6.9387424970967615,7.189726082078098,7.189726082078098,7.189726082078098,7.189726082078098,7.100094371742326,4.788446949664401,5.214315195896871,4.801700450201917,6.990641732259788,6.916672164255798,6.796209597651485,6.737362535995717,6.6068404199360256,6.5625026040819145,6.4229820291418145,6.392457531279908,6.12111805829256,5.9005068137197005,5.574646899108146,5.438528258801007,7224331b
33.340000000000146,5311,1964,992.6900000000005,13.320558397439772,10.991754779435219,5.908617105184915,7.155620757248965,7.817738745798819,7.4609622238484095,7.814823564841091,18.42036123437568,16.241965732640796,13.490073028071913,15.68561882940561,13.5125421823993,16.09219791666713,7.858881450165217,5.908617105184915,5.908617105184915,5.908617105184915,5.908617105184915,13.604981090870446,12.051044487686786,13.547498625144783,12.137803518798805,6.089154157111872,13.36847504270602,6.282354480872513,13.140394003711487,6.487086751269374,12.921184129132792,6.702294266482452,12.711304384127185,12.795817655650863,12.488400644201255,12.40840380216352,12.183876559568114,722cf0d8
24.88000000000102,5090,1882,965.0,13.111887713304803,6.756022844532067,16.153048085822928,14.739288377380696,13.711396032426839,26.977116193658613,15.136837127746453,28.994816317786658,21.815719902255008,24.23546805026428,21.534020541914575,13.360097801220174,8.546407091783278,28.815461415520463,16.153048085822928,16.153048085822928,16.153048085822928,16.153048085822928,14.152268139432692,9.840909942033969,8.118956306863875,6.5041666892999315,15.279536703878637,13.41982900430977,14.414044018209532,12.696802548091332,13.558105755744895,11.984892440537678,12.713651798774317,11.286202465979493,8.755952448198578,8.043751670651659,6.1921273093031814,6.006344997552661,7256229b
22.55000000000109,6292,2327,839.7800000000007,13.057145179237429,12.664792363992015,12.340429040322705,12.353989481152428,12.43659869543697,12.450257477615109,18.33235451158461,12.513272938863468,12.464201060291614,11.928230157572692,11.976279483183937,11.587555853091585,12.435040744550847,12.439736417410858,12.340429040322705,12.340429040322705,12.340429040322705,12.340429040322705,12.376393007697322,11.510980509851088,11.025817850198177,11.498391410895652,12.355467036784692,12.389825774844995,12.37063209779336,12.40336456584994,12.385923756622425,12.417009033904312,12.40134154496198,12.430758831022953,12.105038070818251,12.158691489671789,11.929517128148095,11.99989977069337,726f3dc2
10.600000000000364,4208,1557,1017.2600000000002,9.516783603140608,3.345072975724833,1.5729484138974361,1.566726376300703,1.568450248248172,1.597706997568093,1.6249756022165835,2.7845792413424135,1.4968750175981753,1.59989165492707,1.623555331373767,6.770723304463464,1.6450947362204207,1.5697765038198084,1.5729484138974361,1.5420473340872198,1.5729484138974361,1.5729484138974361,1.4974066053468054,3.2294578351091494,4.863274785058535,3.2125853985486943,1.5307026373458401,1.4731283853369863,1.5071849122728374,1.4671981548492292,1.5032744593723084,1.479836511057901,1.5191227024934915,1.5105774595451757,1.5879967422941976,1.7004140124464173,1.9350888902004868,2.0551063735452635,7271dd80
29.73999999999978,4630,1712,842.75,23.98481784222155,22.282637953539655,8.370089063428585,5.678724580451122,8.857532021956802,5.976055730633009,8.645574611903546,8.292034555825001,5.56181331816371,5.597342676506491,8.473728263880774,6.1452994890556365,8.51767927051707,5.551651393987483,8.370089063428585,8.370089063428585,8.370089063428585,8.370089063428585,6.785556999899948,19.21056373923698,20.396087187747977,20.70390863130472,7.555962518787097,6.073854880322696,6.909130555361789,5.574399020312516,6.479887133808973,5.347000821977678,6.312774848900902,5.4259739369924915,6.001148948461766,7.023830295591675,8.958038445165323,10.136683826764571,727a3a10
25.81999999999971,4216,1559,773.3799999999992,17.14165858407285,10.319993627771376,8.671556421688232,8.658071855559749,8.312897275015496,8.678230579918388,12.310306573586875,8.846034892949648,8.651141884702673,8.583358640946258,8.658025442888803,8.221237129559524,6.599035083205353,8.563030107733923,8.622970196403504,8.671556422172465,8.671556421688232,8.671556421688232,7.257446696551272,9.623840883653722,9.993593169400018,9.632319650781614,8.269538336814156,6.979832004406006,7.9029308672187115,6.74277037135967,7.576875790095004,6.550665994137912,7.296811333966928,6.407563723236514,6.299297929959499,6.306184502097305,6.550863528859314,6.752976213273323,729665c0
27.43999999999869,5422,2005,801.6999999999989,12.68216746492661,9.922284609411694,7.009742308032297,13.126930824386271,6.941491730588367,13.120798217917956,13.200706309633706,16.712694815463752,13.705519542589371,7.138148424233441,6.369490235768628,13.016229404593787,8.439592644556013,6.326911562468803,7.009742308135571,7.009742308032297,7.009742308032297,7.009742308032297,6.349738226400387,7.858410062173648,8.71932128685623,7.850020245399874,6.953733198603301,6.385116914062046,6.922008515726155,6.440403385586286,6.91490250895265,6.515090853727326,6.932490883293125,6.60852155901547,6.072474576947729,6.334866760277629,6.267464302711273,6.560531335684263,729e9750
20.51000000000022,5542,2050,697.6499999999996,11.13912992762631,5.022095302819791,1.4586159754484644,1.082525869884108,0.9642769150041223,0.8820633736204632,1.6133804628506931,1.169919529888768,0.9141979429153294,1.283243967496743,0.8337443096835272,2.1452290183203413,1.4624686481312732,1.070741112600859,1.4586159754426764,1.4586159754484644,1.4586159754484644,1.4586159754484644,1.1913497512168434,4.323510294505032,3.6721921199352976,4.410177816009295,1.454436318090208,1.2289002906117281,1.4919912269245004,1.3102616064285024,1.56828537497284,1.4279645964694516,1.678043084006446,1.5738767927425372,1.755665874592587,2.0043251628210688,2.422140835552092,2.628370092877652,729f4217
18.029999999998836,5057,1871,754.880000000001,14.007265925919016,6.703671566966159,6.571275718407705,14.570311269027505,6.564760972648005,6.545618999510043,6.711503962087617,17.772133466526594,4.397462959450979,6.435150063553098,6.616562064938427,6.534351578062937,6.731578171425853,6.566137108227178,6.529917234059196,6.571275718156134,6.571275718407705,6.571275718407705,5.607202016852062,5.220269086320642,9.16515269093335,6.6291510230594195,6.540097463654375,5.621039245071671,6.512784800011678,5.639693268192134,6.489386536400639,5.66311648756656,6.469945141712077,5.6912500184060555,5.205213590973071,5.3253710246318455,5.066344789215255,5.220495750960364,72dd8501
21.209999999999127,4151,1535,604.5,12.245039724536865,11.495949115283889,24.048348148692916,23.313762657164837,23.258261526814522,26.930150375053284,9.947144420466394,25.80756438616122,23.414069654543894,17.655722823125192,19.190757915448675,9.34577117679356,19.132931806683917,19.85728844393599,19.812302118978405,19.23973648969331,24.048348148692916,24.048348148692916,23.333465826838527,9.554134714716053,9.456920488279865,11.928840907089047,22.38886298786438,21.6877974491171,20.735545687467006,20.047430665498368,19.08999884451619,18.413782386414532,17.454420318912547,16.788813973977945,14.03082176695885,11.764149173120233,8.119022532064776,6.66008201426623,73348914
33.26999999999862,5343,1976,1155.4399999999987,12.82525684763737,15.061836062003923,23.50584578418566,22.822481193441746,38.325485502246124,13.47559550364061,12.169025007208257,35.83532389054382,23.774347722119668,23.940237460314947,24.51647810240117,19.618794069627413,23.342440678605787,17.902625707755103,23.50584578399152,23.50584578418566,23.50584578418566,23.50584578418566,24.51214004999407,16.67111927589943,19.52448293060916,16.637451254917593,23.071144382614925,24.01863979554768,22.6373112615455,23.526534064946357,22.204397314850006,23.035912230099754,21.772457371973882,22.54687116031159,22.072852280575663,21.345169837784557,20.480110885957643,19.920490455440532,739a914f
52.210000000000946,5491,2031,1104.1800000000003,15.296558060518084,15.640405251014172,13.76555929892982,19.423288436529212,28.227132004779815,15.523092089275885,13.061333335481859,4.327493155640359,8.262837943420903,29.88328482851975,9.963782320194252,19.9566549493032,28.228528415884416,15.009943634032057,13.765559298447508,13.18772437407991,13.76555929892982,13.76555929892982,15.902040428069423,16.19535839678846,19.032427197549772,15.670904965815833,13.786363570252009,15.819722490189184,13.815456857089988,15.744325494853431,13.852786934376136,15.6759493058594,13.898287431495064,15.614686155107636,15.725293435258386,15.646770151255025,15.734199955441202,15.685197286284303,73b1447d
19.970000000001164,3758,1390,744.7099999999991,14.606883688784501,16.950080767522163,12.809885351847745,12.86712520427334,12.556061921700467,12.93324218984079,7.541293262542283,13.872581593853864,13.474554478112045,12.40215976148322,13.404310712604007,7.020171199002651,12.506656549018498,12.808988237402716,12.809885351847745,12.809885351847745,12.809885351847745,12.809885351847745,12.740486194749769,20.604512986926153,20.58734291415538,16.32071279139356,13.012911279950389,12.946113828322114,13.216473772166538,13.15239781626621,13.420548412753773,13.359307753885606,13.625112189112475,13.566815001794785,15.076786843064381,15.26044856479667,16.647801920852235,16.67596110122265,74b6186b
32.710000000000946,5260,1945,846.1200000000008,13.153088536331726,9.425901878161444,7.754156565083308,9.174631673802654,23.99217610931559,8.885683036450637,7.9893151302995395,14.56008544702901,15.480891808232919,7.940006053849608,14.605895247328258,11.45655818854495,7.781017857150237,8.940383365226019,8.148129825947226,7.754156565083308,7.754156565083308,7.754156565083308,10.747206136729046,9.256785813291442,8.882076728738905,10.161294449327054,7.771303001306757,10.590255799717506,7.796313000998082,10.441112280684942,7.829111204350818,10.300114708521754,7.869600235067706,10.167601976665479,9.502970537931073,9.41822831718439,9.013768301039855,9.023801707088216,75c20ec7
20.049999999999272,4679,1731,764.289999999999,11.950903340270655,5.926898307887309,5.290906703485783,15.324736097495073,4.533408641906359,5.241068740866009,21.359274529934098,15.476094051984695,15.440764575151332,5.097389193699992,5.298634596448852,3.390459992026509,4.455727816832518,5.221008738655983,5.290906703485783,5.290906703485783,5.290906703485783,5.290906703485783,4.9787476169567535,5.658311817727263,5.779819654478947,5.636830064296555,5.229939327083597,4.858899996472976,5.178407611647342,4.754831209195505,5.136595548334112,4.667596789570555,5.104741978726468,4.598154962800134,4.555765798230757,4.526316477409324,4.5847004017743025,4.633101213357599,75cd5f11
43.840000000000146,5111,1891,934.1900000000005,14.385547564183645,17.071840809374642,7.604976184939004,21.348402063568702,21.975853919205854,21.613673553560428,9.487099962256103,21.961027285189054,23.34254690351333,21.492548610538513,7.260380008903647,7.822752547496528,21.59698520788351,9.744116276503828,7.604976184939004,7.604976184939004,7.604976184939004,7.604976184939004,19.328550716965605,15.999997317061151,17.296164828804343,18.95675427945381,7.839453340602604,18.878114573719994,8.119528032358351,18.454071301725502,8.440662482281692,18.05828026336896,8.79836187560601,17.692637599920253,17.316264762637303,16.87662835417203,16.40147389711604,16.20188682387164,75d20a82
29.30999999999767,4276,1582,734.1399999999994,7.5619051346795425,8.126114520954866,3.8905839507562106,4.072440146095733,4.040792735955174,5.193619526769489,5.3693125291084085,31.425915167893596,6.292354547999565,3.815497211995847,6.110485499308913,3.9882246519548556,5.1683697084567815,3.972811402345463,3.890583950653461,3.8905839509776983,3.8905839507562106,3.8905839507562106,4.006579437331098,8.104129502336855,8.264295499207654,8.071225097780816,3.9214137115834027,4.027990959332718,3.9825689154196455,4.079423130767154,4.072683695536648,4.159762555933946,4.189889909158929,4.267376886825306,4.522260204999012,4.78167624658239,5.327077853049238,5.573034895412289,76201745
14.579999999998108,3354,1240,686.210000000001,10.806134201693899,4.669163415494986,2.5760142052546056,2.9469367459342912,9.179560742757804,5.04335595264678,19.424207162072346,14.306937776438243,5.469256333574829,3.006540538906805,12.696456837643707,3.377872811789613,3.753054007679114,2.7623581329550784,2.5760142052546056,2.5760142052546056,2.5760142052546056,2.5760142052546056,3.201742542481248,4.933065017925614,4.418401092822318,5.087906950578339,2.6173477382623584,3.208235345642961,2.6687807014130964,3.223476532177988,2.7297422833350895,3.2473429245705683,2.799610095452521,3.279646228146413,3.0116862287790824,3.155745254533721,3.295044278698811,3.4286859295809955,764072a5
21.529999999998836,4324,1599,734.0,12.752470882895505,12.316214703982562,13.03683266556443,30.660402956173236,31.520190948617596,13.094664805268017,13.178958715150857,15.442133430226393,13.123537061633275,12.147370824464257,12.47597145732116,14.889143338300848,26.23485374895527,12.10793503212441,13.03683266556443,13.03683266556443,13.03683266556443,13.03683266556443,12.029119395184377,11.257050681927844,15.065507404904649,12.06945763235873,12.992415236235512,12.037320911145034,12.948831779998882,12.046181366470503,12.906090745757785,12.05569930827786,12.864200530303844,12.065873180630144,11.750901509784605,11.801178156386124,11.586851607209548,11.655222447955799,77b0d905
39.36999999999898,4774,1766,676.3400000000001,20.214496714914606,17.848873116623373,7.227549104364481,17.466045061089567,7.284427232091508,7.04554313747972,19.449533486512088,6.564526615382359,4.737483104967789,4.716517410178644,22.115468444521834,10.442734726185298,4.684559029478485,13.047094180453856,7.192823697283255,7.227549104364481,7.227549104364481,7.227549104364481,7.723018378022069,23.576203913965575,21.095471652357855,21.27945965195441,6.663970299256176,6.8962888109548945,6.229402112786501,6.173139115430709,5.952169155548657,5.593885446658803,5.854664898163424,5.206776634324242,6.370578157159123,7.000683897456481,10.384520839347022,11.00209417857254,77e4821c
45.25,5630,2082,1229.1000000000004,15.893483943087004,13.217017535064668,24.864487772342688,16.01100889245705,17.00719359180863,15.43622386523732,26.091911582249818,28.529096130968714,36.755814812301274,14.652069475490183,27.528183150533415,17.361932890044308,16.38795074629526,14.595824657055662,21.928414176673986,24.864487772342688,24.864487772342688,24.864487772342688,13.042958828757882,13.420661975795424,12.717116792749293,13.446210814772714,23.98763743229532,12.982091304968522,23.124560738877285,12.928318387052997,22.27685865487566,12.881728921542418,21.44635437721558,12.842401088729837,12.873598835364536,12.838497388081663,12.896566085761435,12.889285426137956,7850c72e
18.980000000001382,4560,1686,206.61999999999898,9.116714436922592,6.170902058444469,15.804432058487949,15.992915801020404,16.622070635432422,3.936672604650741,11.859485140435428,15.197829639408148,21.272615842717073,4.8328357005899925,4.739667501741207,6.216366275902193,16.475779997154046,16.02965232911276,15.804432058834612,15.804432058487949,15.804432058487949,15.804432058487949,9.805370682066078,6.19702877305198,5.64970962613556,5.79260608940545,14.91197841757695,9.27094171143102,14.025886540973797,8.747740881257569,13.147442773915191,8.237907813235816,12.278288766172043,7.744083164451252,7.361190190566329,6.709281052293905,6.160049717235585,5.788873035101688,78a4a386
22.56999999999971,5344,1976,986.7700000000004,12.410169617334343,12.66620421255705,2.1837454458483245,1.9872997263071983,1.9552081392664693,1.872074303385977,5.172361284252272,1.914926486357641,1.8672794016939516,2.0869072290654924,2.059735455116112,1.8708796861413695,1.8908178767083466,1.9238597128318613,2.1837454458483245,2.1837454458483245,2.1837454458483245,2.1837454458483245,1.836648891273999,14.70350820062012,14.882149201570291,14.587886219867046,2.177317547834563,1.9614613017167624,2.352639826569517,2.2578995272311615,2.6742010995089665,2.669385446245304,3.096776357001528,3.151167338433941,4.809714540334061,5.560805649475218,7.5696774642117255,8.071147101236702,79507629
18.950000000000728,5890,2179,1145.2199999999993,12.974202766792363,4.837235580837024,9.958408454603756,16.34203878696378,17.069465235407243,17.1952405360719,16.542144278706836,30.791049303840673,17.18780144481431,16.154015833607602,25.037823580254205,28.13958394410784,24.752093306705984,10.347729677216016,9.958408454419555,9.958408454603756,9.958408454603756,9.958408454603756,14.949796472630673,5.777567606987075,7.640652412387417,5.27882503357901,9.466918421272677,14.307048201513703,8.982281421027855,13.667960638434774,8.505668953308003,13.033072312129798,8.038508496306642,12.403028093115553,9.694458183871982,8.990161735586659,6.492592655956152,6.174068544706822,796dbd4c
42.52000000000044,4171,1543,1178.2000000000007,13.818778304650557,10.481853924179713,13.174937706938573,17.038272204221258,17.054467227005546,12.623487804273386,22.14110181337943,27.842350144760903,14.614309865528226,11.829424274102045,13.87518110192182,9.441491828089704,12.887143156510163,8.93556110830365,13.174937706938573,13.174937706938573,13.174937706938573,13.174937706938573,14.40613561706757,10.54751823423256,10.279816002549477,10.51959429395128,12.939003224428644,14.03727936720777,12.71101318340507,13.680058954400085,12.491402591482466,13.335409491494314,12.280620998271012,13.00433050806428,12.426028331609013,12.028834619693354,11.425009578472519,11.213544356224507,7987f2f2
19.1299999999992,5144,1903,707.5400000000009,10.504216434327954,12.06158087417591,7.578341683041452,17.164302920342035,7.398552509031128,6.869258939700404,17.208218449169564,18.06317109370695,3.280866051748429,7.761876001083614,3.2379143052688497,7.899947094581809,7.060314977927055,7.5557659208765955,17.119318224803926,7.578341683041452,7.578341683041452,7.578341683041452,7.246051208088912,10.822991867978786,10.806280348251367,10.822991867978786,6.8632389878829345,6.538506187202415,6.190907425711313,5.874935759542037,5.576837698169607,5.27197108928339,5.042360685114801,4.7527350149746495,4.150710359588412,3.9781055235528364,4.443210788763875,4.944820405164853,7993a768
30.670000000000073,5063,1873,882.3399999999983,13.264229404895222,13.171571546243289,8.143368605814414,8.126925879718565,8.140718431498383,8.12099216899272,8.108182317768817,6.007397321761467,7.933497896386266,17.295655923987727,8.966559646774066,17.870140936647957,9.42348727004816,11.25871423877746,8.1433686056375,8.143368605814414,8.143368605814414,8.143368605814414,8.194478022231243,11.939835794810547,10.982923683643351,11.972155741344613,8.23589532581415,8.27882679068973,8.351649322334897,8.387007875018853,8.489680559750187,8.518113303599577,8.648922512535451,8.671103303633346,8.693171785190614,9.021369186835663,9.378073815312153,9.706950039614336,7a5660b0
37.19999999999891,3323,1229,552.4799999999996,22.635399288548363,11.697705483216415,15.931959180676392,16.867172281152733,5.472491291106532,16.594553290944635,15.679307316487963,5.23134091267394,16.019240544318254,3.3474211054733987,15.770322717038173,3.5776677729633075,15.852186212142982,9.917478949819465,15.931959180771614,15.931959180676392,15.931959180676392,15.931959180676392,16.692131651622606,10.486066644858216,20.832067698581547,10.48437484637729,15.604978676209416,16.330821787597383,15.286370509622367,15.977293345756452,14.976669020587432,15.632074279165415,14.676438064778074,15.295727217012073,14.323048853143167,13.924375766504795,12.925105099974967,12.719603338768398,7acda2df
19.75,3089,1142,520.2799999999988,12.155028967255744,4.379054416024628,2.061321113774066,2.558668765006907,2.1824043689024464,6.721429768700953,4.7090071644064695,9.604273727067648,3.664525605884986,7.798507316728239,4.859163944628961,5.3613075908312675,11.295037320226836,10.50108164340707,2.061321113774066,3.8850448955866157,2.061321113774066,2.061321113774066,5.673743399872791,5.405350996132588,5.452685151757649,5.373805034039491,2.049242973149023,5.522911768561459,2.0575564233862367,5.378011973773896,2.0860176776193717,5.239536174876562,2.1338206838371776,5.108006853621817,4.636273218831216,4.5389681744446,4.362664339882973,4.340125860469956,7b2c7b3c
29.789999999999054,3794,1403,653.0699999999997,11.500306046196965,7.376324451536673,15.841139797690717,13.394203041004227,8.776019360124574,7.550142276932769,19.9037543332415,7.20574082516301,7.158917143012078,8.558734343941866,7.538946413892421,8.546122008962387,7.45800275510826,9.22403090472567,15.841139797690717,15.841139797690717,15.841139797690717,15.841139797690717,8.169118836630838,7.495564353421001,7.783644970032163,7.4743668797450695,15.280023087308436,8.109361769181724,14.724818957791614,8.05149205286815,14.176222115330237,7.9955506682650554,13.635030103339659,7.941578365643235,7.828714517269882,7.762239724705365,7.664476535359569,7.62118884349922,7b38844c
30.94000000000051,3865,1430,666.6000000000004,12.431773223799084,17.177049443395966,6.004862082493598,7.271068331321845,16.059461028748935,20.354685320249295,9.607704646034934,6.032849295925645,5.896642897806156,6.799174584897767,15.551698925608855,19.432522029265183,21.77827074211499,19.578487514906705,6.0048620824090815,6.004862082315114,6.004862082493598,6.004862082493598,11.493017930931703,19.82117629331549,19.89060276017249,16.290428142182513,6.4719687000446955,11.772549984358866,6.961611420933755,12.052780656981584,7.469359597380307,12.333662329336232,7.991763041470559,12.61515151714248,13.959709078205611,14.278828811939736,15.62331560373204,15.77727139364261,7bb17b96
27.020000000000437,5111,1890,862.3399999999983,11.177916657180097,9.737369882897223,4.753569535305104,5.789633590088794,5.371054415204566,14.575727059666095,4.305605780898361,7.944827259640427,3.940019785078324,2.397787769887581,2.4031973268725877,16.68194623242058,5.825949328968494,5.545147543110018,4.753569535305104,4.753569535079294,4.753569535305104,4.753569535305104,4.390031245999796,12.769088164062023,12.740677685006649,9.653989980294583,4.901758280164154,4.542130380648984,5.068287528035669,4.7163666781270015,5.251412763820901,4.91038420941182,5.449461155446374,5.121935544236934,6.432571885983729,6.711864714326088,8.131923406133396,8.268198247211824,7c607683
30.899999999999636,4957,1833,1028.9400000000005,12.15608952216303,8.71777129388339,13.238047944551646,8.593556274674519,15.780489527228823,8.801189535104044,19.657748502696567,20.15983715648571,30.666517590201295,8.73720612903861,14.274078396933978,11.060838999936214,14.120232574097288,8.935743776056725,13.238047944678469,13.238047944551646,13.238047944551646,13.238047944551646,7.240037057760474,8.338971744035891,8.304237452842203,8.742850595440272,12.755814916137288,7.209193571854921,12.287100949429915,7.190120444950337,11.833512584283854,7.18291144084289,11.396855934754685,7.187602257970197,7.264821762502695,7.302397631201861,7.435850334320311,7.500146552570701,7cbbd047
26.929999999998472,5810,2149,787.8299999999999,8.743686644749445,10.046972597001071,8.690995707966792,8.136899592589756,7.7060247583841495,8.080521957333424,11.082479307316706,10.501746435319209,7.919738709830389,7.60679635987942,8.544472380138814,3.792812048315909,7.024461843933284,8.4339786074986,8.690995707966792,8.690995708297367,8.690995707966792,8.690995707966792,8.511011381330118,8.469850028239453,7.897425000284404,8.477468960886592,8.735213565533503,8.565784727048324,8.782204895619511,8.62320044245716,8.83192542854481,8.683206111517665,8.884329343043563,8.745748424407871,8.4350178930464,8.571395432162005,8.414534044115612,8.561005465832837,7cd4bb31
10.1299999999992,4741,1753,606.7000000000007,12.953016691104652,6.289112098303761,2.358365740961115,2.38114415612486,2.241440482397049,6.229140534144078,19.191103358759648,3.9076150552627094,2.4666596808996433,2.33607414589727,2.1048451523635583,2.2053663528362817,2.267752456819937,2.293676873454446,2.358365740962471,2.358365740962882,2.358365740961115,2.358365740961115,2.273038266417113,5.607580074537404,1.6454681874134678,5.61474293067859,2.4084757820933587,2.398024905540463,2.4886499520070022,2.5404466721394217,2.5961043777582913,2.697543419439964,2.727616846756608,2.866903741833666,3.05188603006772,3.338450124979062,3.7226344400936426,3.9640799709456456,7d50373e
42.73999999999978,4487,1660,910.1299999999992,19.378776786539067,13.9410964746678,15.396222946305937,19.645158057953562,15.365939608070406,15.381656138140693,29.734318331991755,20.01643585375968,11.939619906823028,15.492838059291113,11.470146777740288,21.17910231865746,15.412356425297455,14.895133431003087,15.396222946043979,15.396222946043979,15.396222946305937,15.396222946305937,15.202695169719581,15.369835779318072,15.494916737656848,15.441603471220608,15.320362839286881,15.137206142510244,15.24480084412954,15.07195127359932,15.169541415669872,15.006933617570805,15.094589079567625,14.942156270969532,15.244034779249379,15.109600125084361,15.275808577242165,15.1381424868875,7d57c75d
11.25,4184,1548,665.1299999999992,12.262596628877358,6.645421508945249,9.641704574377862,9.551572256935687,9.795334751263006,9.59496906288304,9.618821831708889,12.130114870205459,10.161399861135646,9.62608497037373,11.763235733476451,3.317530390000515,3.1641275442287617,9.826227547400874,9.641704574377862,9.641704574377862,9.641704574377862,9.641704574377862,9.796286444013237,5.788531075947858,3.4835323637722233,5.816600647520844,9.48589021871352,9.63092280672586,9.330521652913275,9.466130288778894,9.17562152235654,9.301939243952697,9.02121395709515,9.138382092653037,8.551985055388073,8.351934532076108,7.737237999531372,7.622219502143137,7e208414
51.95999999999913,6060,2241,937.3099999999995,11.396952050746583,39.69141852597312,18.303428893628013,45.526317929403916,46.949959291961015,41.01420553886337,23.988340341656563,18.773936864829825,46.83221982267176,40.18348885379273,26.597303699046098,23.85011136257215,45.46074805866739,40.1733037702983,18.303428893438888,18.303428893628013,18.303428893628013,18.303428893628013,30.320745851464267,45.27964496513162,46.458192753387905,45.07514811446886,19.329569781333085,30.785010734083528,20.364490906290342,31.249845731881464,21.406918860195766,31.715225777146888,22.455808236964575,32.18112722364947,34.78504699504124,35.27266471711503,37.77457743154218,37.96470427677123,7e721392
40.969999999999345,6963,2576,1070.08,14.760695322075188,15.844241291567354,20.743487553507812,20.63793710555846,20.662999612714614,20.444857028736127,20.712743202991696,19.036385826874774,20.852803941250592,19.434153495847905,18.494849815079625,19.00390707390381,18.111920276194525,20.587331099186624,20.743487329133487,20.743487553507812,20.743487553507812,20.743487553507812,20.47737051079274,19.36780335153619,12.89762933349522,18.402021716260204,20.41754867785834,20.16466279290182,20.097987153833255,19.858415021480933,19.7851119974413,19.558930642498616,19.47924540015965,19.26652505485866,19.99631165880985,19.470860266816572,19.744062998716743,19.270366161536646,7ff89f8f
29.459999999999127,3606,1334,837.4099999999999,10.499143735106962,11.038705748315282,9.982108069394513,6.999003573182949,7.0430669841315,20.02730266768993,20.106674873682884,10.471903126529929,9.700120143366744,7.109718654905821,10.375340287370243,19.81214701768886,5.782721531426012,7.136206770246396,9.982108069547698,9.982108069394513,9.982108069394513,9.982108069394513,8.832658006352803,10.907332377077173,10.870920262281034,10.90693167654371,9.340110209317986,8.328507109769221,8.732439770774278,7.864709367704723,8.166763030300565,7.448806329887402,7.652398372459174,7.089232510122019,6.549950237055532,6.376870531590247,6.485680084210987,6.694871226195725,8050c789
37.11999999999898,4014,1485,570.3700000000008,13.896449845463392,8.71834189088483,15.071153935051006,14.32051073292926,15.027587165666814,15.594371330261167,17.74959483202586,14.669164385236508,15.53409938643512,14.91990462843965,14.52648542792524,15.763967675238135,14.39484962811258,15.583584650217116,15.071153935051006,15.071153935051006,15.071153935051006,15.071153935051006,15.1342115018926,8.730643067706227,9.489452111170882,8.672247847901211,14.560414989789127,14.622819288235567,14.059492116409587,14.12110926784835,13.56947245192542,13.630150653547615,13.09158037944234,13.151147614868426,12.337748779393015,11.718840488782789,10.758967476181544,10.387346659775067,807f0298
15.920000000000073,4872,1802,825.3199999999997,9.407673243848414,4.432118185845727,12.490383986584154,12.439039568746793,12.324218685730104,18.137674659869198,20.461814982066823,10.172246556820213,3.3642942408246754,13.269042326843842,3.582200868522038,7.533030173031806,14.36683494773255,12.146790804554007,12.490383986584154,12.490383986584154,12.490383986584154,12.490383986584154,12.394542676485951,3.6054941227878436,3.4650990390713985,5.061333834546532,11.807924329550929,11.73055766177774,11.12979264644795,11.07105659785554,10.45683098619471,10.416891166229144,9.790105552812674,9.769133287287259,8.975771056866577,8.049046567731459,6.82341067532195,6.178545672956264,811f52b3
56.44000000000051,4662,1724,846.8000000000011,19.649512045196342,33.38954772814953,31.761024070783503,24.01178141797914,24.628812956825488,27.69254595906398,32.01064678707208,30.384077262273646,30.367263126903037,31.742419766356864,32.2261796115818,37.050872356602696,31.669085800699087,31.69457519488218,31.771330487502013,31.508699095981065,31.761024070783503,31.761024070783503,32.15724850370169,35.26913567426647,32.073715847109604,34.988384091008044,31.840360671461216,32.217824558020936,31.919927211959784,32.27851370011255,31.99972197705631,32.33931529329917,32.079743263706575,32.40022870451572,33.08524597984449,33.11441155783558,33.70668501803094,33.67390664613845,81bf5923
42.76000000000022,5588,2067,801.7399999999998,9.267427123711311,15.411957897166136,27.81274495696326,9.68967925897306,21.488645273717257,31.300138497521015,22.301665104425435,31.36284289189629,29.162575579377677,19.411704841104935,28.141053304359108,16.20809352307308,17.01553892903365,10.464457801038874,27.81274495696326,27.81274495696326,27.81274495696326,27.81274495696326,25.558862260119795,14.650192612232715,14.733757155271753,14.608217516963022,27.062267571271263,24.94978877162211,26.31915093343883,24.347047125641698,25.584036454699223,23.75111938416513,24.857634088418244,23.162531479447505,21.736455562272845,20.979663691615052,19.374669104111792,18.90412858619512,81fc01c6
46.73000000000138,3897,1441,802.2199999999993,15.247932249740076,27.990163714098568,23.609946330145142,16.80855820739225,17.346427397639527,47.8973782640067,7.2354258304097465,26.805240646778483,22.978077299491844,49.30493877600725,29.74224272640525,83.68570213756742,27.438514727323174,34.716155877301475,20.621253236290183,23.60994632971465,23.609946330145142,23.609946330145142,27.683988752961586,30.105632434995233,29.924698967382366,30.074986898182832,23.803399328104142,27.671606620361274,23.999961466444642,27.662144857050954,24.19955698283576,27.65560646045873,24.402111443417915,27.651993504295607,28.301795173924297,28.243912575434436,28.767553590876478,28.674971595627927,8255c867
25.109999999998763,5759,2130,752.0900000000001,11.64858943475943,5.785257801621378,5.78092391560568,5.743799896063718,6.454924336731794,10.551918768700837,10.416486134475303,12.200861567935004,3.745745494220817,6.597636336421391,6.7480842934154905,8.573574396478984,6.200530379065702,6.59054816799808,5.78092391560568,5.780923915704188,5.78092391560568,5.78092391560568,4.006210891301105,5.250371719697269,6.084151812850829,6.025405869165278,5.639132940919744,3.896323569392413,5.50919882396761,3.8073665168874498,5.391978800769149,3.740833197978592,5.288318394648331,3.6979341558454095,3.5740315464289045,3.6201553840259884,3.7141535408018727,3.8437961174836874,82aab6d2
16.850000000000364,5400,1997,424.8299999999999,13.491637927640962,4.711401859476765,9.474315482594175,11.794927811859997,11.93148287323402,10.079188857995604,5.2246939114847875,14.8178589922857,11.72367409589528,10.884048751109038,14.225217413670391,6.115044876334895,9.062570529106907,10.1804448386612,9.474315482767206,9.474315482924954,9.474315482594175,9.474315482594175,8.788131868956304,7.196324710109087,7.654667571463984,7.060992381202636,9.078395187937419,8.418866496132601,8.688466888138288,8.056211809783123,8.305374579001562,7.701101783471454,7.930109033425591,7.354629354733564,8.032288127264707,7.437801617839759,7.645987898305068,7.133911186098969,82fcf37c
28.950000000000728,3925,1452,762.1999999999989,24.14245559597957,8.947389191843696,12.252187060459672,4.142388812392236,6.211885248340402,37.69611881450326,14.007110778673026,14.278635627839954,15.49142334380323,5.441370309952729,5.719570584487763,10.79292425943948,2.918235685189487,14.11392756354663,12.252187060459672,12.252187060459672,12.252187060459672,12.252187060459672,9.269758936128557,9.333839635645344,8.837750631767134,9.23736289056404,11.707217884988365,8.927928948503284,11.180675759633896,8.608790987086133,10.675287690312603,8.314958303166254,10.194200365559926,8.049202648813601,7.442785352616298,7.259543625111907,7.053330915323498,7.095247768674856,833af382
58.279999999998836,4876,1804,532.9599999999991,15.664840673972494,34.767256484542166,10.278679144259666,11.053075988029828,10.325713884171146,10.529534688294115,10.434706098775147,3.324742081045779,10.195391856893464,11.212998361263834,9.945566839560033,14.677592425954074,21.173822526628033,10.326800159822541,10.278679144259666,10.278679144259666,10.278679144259666,10.278679144259666,10.376509662544429,33.22000981690801,32.18004804288903,33.571421328633875,11.434412554178309,11.524232372169365,12.609704659132525,12.692250771946458,13.799558990952125,13.875440405532117,15.00051068203476,15.070228337230834,17.04903953032378,18.7910889647547,21.628626544171766,22.929621562168283,8382f4b6
14.550000000001091,4905,1814,832.6200000000008,11.266012565854686,4.764888090157303,6.125041270912648,6.08141525535767,3.945195645092771,6.08355579742747,21.702461831591986,22.496022840911003,22.08776598249138,6.178545473669262,6.311291166167217,6.083116577017188,19.47310471141074,6.04395658857569,6.125041270912648,6.125041270912648,6.125041270912648,6.125041270912648,6.132287992951221,5.224476712696812,5.574884057341958,3.989375408104535,5.980481976482762,6.022118941995104,5.841442284298621,5.915184134782839,5.708325537286357,5.811662104685086,5.581555527591044,5.711738418685278,5.829361839629462,5.641896961140555,5.64078373902064,5.4708357058288,84633df4
18.80999999999949,4890,1808,806.4899999999998,11.583179293165626,14.969073569790647,11.491762555559301,11.705170001544431,11.174654920280576,14.18992624540661,11.511298749587334,18.482585794244333,17.714556421028444,15.070412318826067,17.410538009033903,9.17204436107261,14.192269411369253,11.25006304130937,11.491762555559301,11.491762555559301,11.491762555559301,11.491762555559301,10.334464913379549,14.198790709330718,16.304731430303637,14.502709751033219,10.296757020898475,9.121066835528557,9.121998650543889,7.917623121284035,7.976438386442888,6.729476358786613,6.87468799320977,5.566430520224406,3.608728871028359,2.4513638410059495,2.9502374328646446,3.919776173383078,8478df29
36.470000000001164,3859,1427,802.3999999999996,17.296886681817366,20.132668307881215,26.39219014374679,26.318532855261815,26.36523060655976,14.373867795663584,26.25709387914188,27.047485365942745,26.55043625095599,26.26619179053975,26.584627643885135,26.021168578214883,25.891682886433273,26.35157625396108,26.39219014374679,26.39219014374679,26.39219014374679,26.39219014374679,25.391336200287906,20.37771646997489,20.396346523090884,20.363156686676945,26.07397815926686,25.124339085266495,25.756195868929606,24.85768772355538,25.438859375964952,24.59139336246096,25.121985574074273,24.325467726390354,23.868067187463193,23.490157527744895,22.86068582999302,22.585367084041643,84815d5a
63.35999999999876,5028,1859,513.1900000000005,11.44350065205856,20.48924181785398,19.389597158760658,17.914563901869094,19.44773402792975,39.76845870045718,39.87405603883824,49.2441175451494,30.843108369105554,16.81233416696066,22.708408497579324,8.856529525874778,31.430270968439356,19.956259717646,19.389597158760658,19.389597158760658,19.389597158760658,19.389597158760658,22.16783949769576,18.124423707404613,18.11662456311475,17.930468973825356,19.41446736030569,22.072320242921304,19.44262906391439,21.977931885032586,19.47406798994246,21.884689056665437,19.508768294387313,21.792606461764713,20.721270632012644,20.686612124744265,19.85647173297943,19.906918337960906,84c3b497
24.970000000001164,5968,2207,624.4500000000007,11.759115399991703,16.882035319280615,5.226501703608697,26.84267667578026,26.96276937569849,5.3548020853566864,5.361526254736282,5.87550858770994,5.397212581244218,5.330750819324452,5.777063056973746,1.8877601844548841,9.747376970564913,5.224730087764281,5.226501703608697,5.226501703608697,5.226501703608697,5.226501703608697,5.246773560895413,22.569795902883783,23.000767852755,11.514802009370381,5.587646426985455,5.632113975751329,6.0060310566318735,6.068495750810401,6.47056175602357,6.545718549142156,6.9720207794321185,7.055499966462935,9.701971072431341,10.38309944889953,13.253378183828785,13.608844337314615,85380836
45.25,4969,1838,623.4700000000012,17.719241783642115,18.91393545556765,22.242850442660817,16.359094819079512,16.452516808295464,20.823671341374276,16.38726674913007,23.99881699215671,16.383444649808315,16.286355441879607,16.452280375440303,20.109287156641038,15.950408667302629,16.452910581624618,22.242850442660817,22.242850442660817,22.242850442660817,22.242850442660817,17.89613138963112,19.095930168593878,18.873604133405266,19.125800151493934,22.064281679222983,17.9389036897646,21.88680864877794,17.982570928364996,21.71045822268439,18.02712660198512,21.535257979700113,18.07256413964673,18.185029623400418,18.252733650257625,18.412528829841996,18.460869961911268,8612b37f
20.0099999999984,4587,1697,1002.1100000000006,12.023500492854245,11.341897750487075,12.47666180230905,12.530869586157548,8.297999614465372,5.374594167811602,12.574856967394568,7.0049957602506145,8.303022587138987,6.073865939134258,6.86302751591651,18.679183395598628,12.510253631114146,12.451131642065505,12.47666180230905,12.47666180230905,12.47666180230905,12.47666180230905,7.849145803254249,12.300489704909303,4.986933683622895,12.472512174859585,12.415477241799502,8.002859531117169,12.354720672870744,8.15957884773078,12.2943984406795,8.319133893220439,12.234516969716887,8.481364628278962,9.10838826320165,9.315129169124523,9.992165814342277,10.118098514561565,861e71df
51.17000000000007,6643,2457,475.7900000000009,12.689070616744397,25.83278706917906,33.878744963155654,21.586502361933093,34.02231926040435,33.87845131710873,21.19164734451893,21.843133096015453,20.730548682663162,34.16463498108018,21.111338626664118,21.08328186395743,21.57381024172647,21.560624541290775,33.878744963155654,33.878744963155654,33.878744963155654,33.878744963155654,28.80932934445862,24.836187884751396,21.204556644145274,25.758714523678474,33.4671909850856,28.654270192795188,33.05639569900176,28.499804227833206,32.64638774518725,28.345941146961096,32.23719716464733,28.19269082099121,27.574667634851377,27.393829652030636,26.770385080310216,26.67205819748077,86454a6f
20.93000000000029,4443,1643,1113.6599999999999,15.419807999094722,5.304450693905963,10.651948443864487,7.9180659641443505,6.590717532589715,7.363250505851313,7.749979175850124,39.14117026867437,10.701849359860558,14.730129533292656,11.134262753112264,14.601180734091631,7.902756693134101,7.8893388744891,7.5708990615077285,10.651948444272858,10.651948443864487,10.651948443864487,7.779440336210611,5.1138255537154125,7.828422730875875,5.311429863355026,10.128552566886999,7.407787957539179,9.612853234070863,7.046606479725425,9.106158149817485,6.697590112373702,8.610057139725177,6.3627410542677065,5.324433297914909,4.987837990635861,4.160789418960638,4.097883384237184,8648abae
19.3799999999992,3871,1432,749.5599999999995,22.134583925072818,7.969958397874082,17.51388821260248,3.7895213185830596,3.6801708743448507,13.86764338827556,13.964832095141771,17.634337897005757,14.696511671218369,3.7396825768418767,14.584519285362113,3.2325503678784644,3.556121563933499,3.800724828530007,17.51388821260248,17.51388821260248,17.51388821260248,17.51388821260248,11.709472747141234,4.995699925671058,5.716096641166629,10.928513551596133,16.990213536867472,11.480715412098863,16.468768603783186,11.254909603933156,15.94977210537497,11.032236558077964,15.433471051374072,10.81288981797214,9.56188258506847,9.341531703500564,8.16738214571029,8.101484537091798,865033f8
26.01000000000022,6317,2337,759.3200000000015,12.349057352453062,7.000926127703258,4.786279423367465,4.762633617206141,9.329374237277817,4.856571586461351,4.938299690221615,15.85587576207614,4.726126480433664,4.153006906921299,19.570876886111584,3.369627769528295,7.726645255448733,4.209989718923765,4.786279423367465,4.786279423367465,4.786279423367465,4.786279423367465,5.073080972979604,6.900129699404391,6.858433029864605,6.897464008710967,4.498774293203016,4.8623182554809175,4.2412099344899055,4.678788189650681,4.019346392170441,4.525804997623413,3.8393777199813557,4.406551335939303,4.0789529172832335,4.114296354247443,4.2461676740115735,4.4338490447532966,87695469
13.100000000000364,4111,1520,1041.8900000000012,17.434061684375894,5.3231499824651,1.9390709422680932,2.5873547703608555,2.1177061228684746,2.6502907251081416,2.269754131100989,17.45213303595696,3.986310854858933,1.9396968878885095,3.303946031075762,11.328899236127691,3.2776323698043544,1.947803433836872,2.695043509369117,1.9390709422680932,1.9390709422680932,1.9390709422680932,2.410419722181555,3.693578546109069,10.94320586860009,3.9900074895259516,1.7353950845566295,2.1982532013945213,1.5720439011930916,2.0189093221136862,1.4625915022559401,1.8817960509854161,1.4195603985329297,1.7966083928356176,1.8867192093689875,1.8788591971229982,2.0615463352995076,2.222729664738901,877ed19c
24.18999999999869,5324,1969,837.6599999999999,12.933939566120477,7.729239710759898,4.0347848290340504,4.055408449665149,3.8772348646061343,3.924016813562489,3.8743873258727293,4.348861639311174,4.067216096560384,3.8823000545212745,4.766487507194267,3.846041463283785,4.002330577137643,3.9001804277579986,3.892719820457044,4.034784829281465,4.0347848290340504,4.0347848290340504,3.9121490147577305,7.389767937682819,6.953841859292909,7.371071519246762,3.985483320248138,3.8576372943773336,3.9697649536807496,3.8387862181597914,3.988026841819776,3.8561188149411243,4.039808189358049,3.909153815548372,3.9367039444873266,4.172118237771709,4.5988227778646795,4.864199127588068,87aa3730
34.47999999999956,5879,2175,818.7900000000009,9.07005153582979,20.392849592670174,13.518651331503447,2.084290131852306,2.1012713915362426,15.054080745292547,2.193528042871257,16.22791538088787,15.617344122791021,16.65302076299504,1.2338061765725146,15.547114274738622,16.706484016367256,14.321561960983534,13.518651331503447,13.518651331503447,13.518651331503447,13.518651331503447,5.134987878575484,18.99712058691154,16.632106271415534,19.02263413158975,13.826922349432435,5.838783704524625,14.140480716059107,6.561380382740492,14.458982450180235,7.297194847982111,14.782108019410916,8.04260004696936,9.12968629136859,10.239810846241587,11.916124255373392,12.758719173856441,884ecb5f
21.329999999999927,4769,1764,753.2199999999993,9.185654179149973,6.139936243037661,9.340748618013878,10.453536786511247,10.318907781505319,8.948522539892478,7.789546159150547,19.998627800650173,8.443644673907343,13.529104085747422,10.131567404572333,13.514428540965394,4.90702391582213,7.610618624794354,9.340748618013878,9.340748618013878,9.340748618013878,9.340748618013878,6.248513689852892,6.756162996533566,6.849296731496159,5.603379941117683,9.151187629967437,6.193040646825425,8.963653049862529,6.142406013424091,8.778274752093873,6.096730342882987,8.59519225577219,6.05612583864277,6.007954179220736,5.98303557149412,6.03962150923712,6.034036084552082,8902c3f6
48.48999999999978,4160,1538,468.8000000000011,12.334068064257405,32.480320902255166,24.992505527829444,24.963209057451483,24.96982580254511,24.83859989287112,24.958799922152647,25.445302021239094,25.291111015392357,24.895833776271296,26.337627691078072,24.781378988480707,25.036758062780823,25.034740221820947,24.99380046211419,24.992505527829444,24.992505527829444,24.992505527829444,24.993900641901995,37.22168790671527,24.87113484949707,36.77156575699584,25.357757766613545,25.35916699034444,25.72422120968114,25.725633392639654,26.091844822506808,26.093249286402376,26.460580249525155,26.461966764651542,28.604325136542244,28.985292173528425,31.044271060871722,31.18380990749202,896d15b9
24.98999999999978,5985,2213,686.3200000000006,17.97369752649387,12.814088818456284,19.475037002980365,9.158263955152956,9.88613883020115,9.546148807262496,9.746158810940315,25.07778573252081,19.916811168940416,18.730943859499174,25.059253220925463,9.869973977490018,9.645436961766839,9.918483852361252,19.475037002980365,19.475037002581782,19.475037002980365,19.475037002980365,15.168950522969222,14.428706351718176,14.223174333470237,13.096553899535119,19.106182260238224,15.027689945899615,18.739832996872096,14.888521021119004,18.37613906225069,14.75150294807219,18.015261275233474,14.616696213648094,14.861781495035475,14.630824773285438,14.696447596886042,14.49180692766532,8995c945
25.23999999999978,4611,1706,839.2299999999996,11.815362563822934,9.115629658844709,15.952697904705907,16.12302668543069,12.095627893967427,7.518122965279044,16.921559199201457,21.657807074129575,11.773789999291031,12.54343524210135,7.852962918797544,12.456427554882834,8.035551422476399,10.606931157411257,15.952697904705907,15.952697904705907,15.952697904705907,15.952697904705907,5.813044880538097,9.11315162924712,9.724348557553224,9.096856291213642,15.506430866000738,5.856830389594163,15.066053251874074,5.917696998988549,14.63209682846568,5.9951244742074605,14.20515009529579,6.0884810323006,6.330028309139682,6.52244039189758,6.9499558828116905,7.129940888371285,89969c7a
30.549999999999272,5473,2024,379.1800000000003,19.15745675144519,11.257486638159959,27.76904888711718,10.606821663087597,11.88061117168676,13.520237904211221,13.886599124832118,47.655693276099264,33.41393917575561,12.054813010953492,49.03769076149794,9.243666557058042,25.141298734350123,24.260825106660686,27.76904888711718,27.76904888711718,27.76904888711718,27.76904888711718,18.011505228129497,10.403386240873672,10.643950964043515,10.395519412832837,26.05928493246711,16.863804649402617,24.358752584738937,15.733224783520104,22.66952943875247,14.623737042554708,20.99434551637744,13.540527177923899,11.713844611290376,10.351882620796884,8.406757432723825,7.795496358929786,89f1085d
18.720000000001164,5140,1901,916.2999999999993,13.620333032584506,4.572088269911101,5.872982757591121,9.657463947802492,9.605420961442757,17.413953879970855,12.967835859305415,10.575987432105668,6.308944137096299,12.587906578323095,7.401592798675908,12.889890523739851,5.032156768629204,9.299388555995101,5.872982757591121,5.872982757591121,5.872982757591121,5.872982757591121,6.551946835941435,4.330170614264312,5.241903393498121,4.4669484574371685,5.599915449454661,6.359155237635817,5.337081628808173,6.172179797891543,5.086068057501692,5.991565046331922,4.848710855470757,5.817903409059774,5.322146893670187,5.1336314194224215,4.699981105352462,4.621819213616174,89f36adf
17.989999999997963,2606,964,633.289999999999,15.97692266108035,12.69231574201005,11.503830760714154,11.550830781750097,11.519318139357251,3.0952364829179615,4.057526116882088,3.3307261187023203,11.502555133865737,11.589375039450182,3.14422668378722,18.217101107256067,11.529268055601726,2.817077740364581,11.5038307608592,11.503830760714154,11.503830760714154,11.503830760714154,11.49591284402639,11.355408517941958,11.37232002450762,11.406740352951322,11.562430166574732,11.554862977166515,11.621124340050331,11.613913125938097,11.679911852458066,11.673061772506067,11.738791301478138,11.73230742713097,11.451799783680512,11.574781394862105,11.423319466156105,11.54943951317349,89fdb2f2
25.829999999999927,4624,1710,808.8599999999988,12.635846077068344,9.575215122214228,10.177606049942636,7.882782806661811,10.729633036637185,7.852889668858116,7.979746586311187,10.889926811673298,10.731874419465933,7.297260628296414,11.148690684340773,11.437971262501833,10.763807776672277,8.874721254405902,10.177606049942636,10.177606049942636,10.177606049942636,10.177606049942636,9.56027316651903,12.218820673650644,12.138690338574479,10.8375193733534,10.114188584046392,9.526911747529844,10.053993682092267,9.497041946328201,9.997079555825628,9.470696799799834,9.943502540429165,9.447905793110326,10.085843633459255,10.012329997217778,10.581234557100313,10.472153512358094,8a3da6d1
37.840000000000146,4070,1505,784.7399999999998,11.353782045532046,25.384421116701148,3.478161821568033,1.6591509127008621,1.622275059484541,1.8356050038635547,2.0849317453171685,1.2684659553903428,1.6624419329077778,4.009924057207098,1.6998820205848044,3.007586518755876,17.665343206092956,2.073651154329444,3.4781618216446435,3.478161821568033,3.478161821568033,3.478161821568033,4.278872343910953,19.382777291405734,36.554529615094125,24.26981687821694,4.035393889477955,5.300507032331871,4.833034879400265,6.33615679787865,5.77226788739074,7.379923647166125,6.794626928548286,8.428792618869515,8.746407976478128,10.399983349213025,11.77448055493828,13.130529004406721,8a89da23
9.579999999999927,4631,1713,526.9799999999996,14.748651708833359,2.455055624900656,2.5211662683577707,3.0631452633171095,2.7477728702090545,3.3813334710573955,3.007869347204083,2.6967243850744236,2.8078098859013716,2.942512826996206,3.0268068301166435,2.6382975120892405,2.9110299685992,2.9039167577279192,2.5211662683577707,2.5211662683577707,2.5211662683577707,2.5211662683577707,2.652231936464532,3.2810066047346664,3.0243360834093256,3.368483338880547,2.464300521651615,2.6053120522907944,2.4119257110557286,2.5615686626840937,2.364340304739773,2.5211671139178065,2.3218387936962857,2.4842704558440105,2.459307601425409,2.433423429310205,2.52849965176062,2.5113516056357943,8a9c8932
44.6299999999992,4946,1829,535.8199999999997,15.409160746464504,19.92401262684949,11.229660008418579,11.440302613355248,11.500560632251442,33.06118089431464,33.91049830414319,11.412400318178952,10.27911594021989,11.338156494002096,11.518650798699822,22.951520357580605,11.192116655895596,11.14787622335113,11.229660008418579,11.169983648006893,11.229660008418579,11.229660008418579,19.256110501866527,20.267224237811817,11.48454561091562,20.560685974540768,11.514172026171366,19.283750703828595,11.823345067867,19.312014087220284,12.155297501148095,19.340897920024048,12.508215847633776,19.370399426725914,19.526777329956293,19.561784125843097,19.723170342614537,19.741117272622997,8ac2f237
31.69999999999891,5095,1885,823.3400000000001,19.256274322599058,16.708598993154666,18.814069538325406,18.38147311207854,18.08288627819744,18.467345790787842,19.442999667850263,28.86256294954799,18.8335043428087,18.259128511436096,28.628035554845773,12.207565102582723,18.360909953054136,18.155888141318155,18.631957534526787,18.814069538325406,18.814069538325406,18.814069538325406,18.588890827492666,16.291425203821966,16.439630344642392,16.218624525268694,18.68480400671146,18.47580033509715,18.557779784942817,18.364516004163015,18.433043208455242,18.255070866227445,18.310641029304914,18.147498197097807,17.794058852827757,17.667150867757513,17.311043587131785,17.24117252657716,8b12bab6
32.04000000000087,5430,2009,818.1400000000021,11.568022284568418,16.219886415776195,8.265888787848839,4.375596140633272,4.097217001704533,4.620888777473879,4.545019761743647,19.210009920168634,8.693133434407256,4.369057603320463,8.765170670561558,17.486376865097306,4.513887421626197,4.571272973637979,8.265888787848839,8.265888787848839,8.265888787848839,8.265888787848839,7.092477776725854,18.15222233628301,18.079925348510997,17.03822586876522,8.075682513371301,7.111669097247219,7.966217200184876,7.206916249652084,7.940832621605332,7.375273178372414,8.00032916749398,7.6118903845966015,8.666110365620044,9.237125121451044,10.941236027223999,11.415928779732635,8b5be31b
21.219999999999345,2032,751,560.8799999999992,10.653219972202638,9.357621901296582,3.3062925963560974,8.473817381815213,9.190320025069912,24.00147397593091,11.61215768745895,14.925058513972337,8.550303613582537,3.629048344214851,4.491927375591733,7.081466976163759,8.51250552324823,3.2705944532220768,3.3062925962973893,28.773473913408672,3.3062925963560974,3.3062925963560974,8.479408859207327,7.877059351407322,8.822511027854674,8.885391113848982,3.256758660342193,8.477786556902277,3.2739789104631267,8.481196662201517,3.356926203545406,8.489633110872807,3.5009318561475027,8.503080942061137,8.075284675605484,8.163067340739254,7.90749233222326,8.034057728810987,8b95d6d1
22.349999999998545,5717,2115,873.9099999999999,12.614143440762554,11.061606156787024,11.923631188760156,44.032241227949136,20.727362613701782,15.661702212907334,40.18410905353768,38.95657014735802,27.602052925823582,5.042052000304921,16.106160157364922,9.407244588267913,4.3651104074685465,9.958239033572884,11.923631188760156,11.923631188760156,11.923631188760156,11.923631188760156,18.15967017215367,9.305049882439304,9.241137665107539,9.294150491393165,11.796102516842012,17.79312079122891,11.676353044174395,17.427341355561296,11.56462442964102,17.06238138295537,11.461151248770937,16.69829460435323,15.411055817261786,14.962581110261347,13.608212768281987,13.345675666001977,8b9d8326
14.349999999998545,4659,1723,736.9899999999998,10.93519263268585,6.448780734028007,20.353402636014412,13.443115746696975,3.2709473050175086,14.841000403561589,4.478377972992701,25.842969082718486,21.555712674122358,10.137856674726432,24.72995473176046,14.65373610625976,12.962736234772882,10.041176490348743,20.353402636381585,3.6487190734557373,20.353402636014412,20.353402636014412,11.992099951622567,7.871456243643013,9.224999247602984,5.0124932392898165,19.10879381720938,11.133523248398019,17.86727623054673,10.278726183466071,16.629542240062666,9.42873678421356,15.396504369322896,8.58498317391843,6.535843568227513,5.465206357564167,3.4305179405361863,2.977885179968654,8bb9c1e6
46.36000000000058,5430,2008,791.4500000000007,15.335300260419984,13.940501509589126,8.836812888662617,5.394104161512944,17.38129094502773,3.898820716532395,29.350597218298688,6.907706554579606,27.897626570054857,17.490665384921574,19.470200114877546,4.340729941697509,27.72942439756636,18.381172474183682,8.836812888662617,8.836812888661797,8.836812888662617,8.836812888662617,15.96191933583437,13.464417999401661,17.617759266302624,14.178614403051965,9.041060066538439,15.774106546026093,9.253093349331067,15.593950318257209,9.472389890796766,15.421718986297806,9.698457004196799,15.257680925276563,13.583389712173547,13.57659641589713,12.673751419336481,12.794301556892442,8bda1a11
56.77000000000044,4265,1578,734.0300000000007,18.03654885515465,20.84870687272888,20.72789957924225,21.034147883805762,16.054326543884553,9.138536449833797,12.417647658878655,18.874001567054506,15.723073123691767,12.316254430882843,16.6446284409543,15.870954789407222,12.380651710945939,20.689118591039282,10.464137838721511,20.727899579546364,20.72789957924225,20.72789957924225,14.993989947683177,19.91615884918489,18.042066838448353,19.87345994711598,20.678701208991754,15.231576896901935,20.635222738846014,15.47677895324395,20.597500390591343,15.729239986578108,20.565565838713525,15.988616141789393,16.203869345390736,16.629260944025937,17.155252634635076,17.507845307276444,8bfa881d
30.270000000000437,5192,1921,893.2799999999988,12.606434515862802,10.971324186743685,7.794769098296025,23.730638870771084,21.90496562824415,10.271778158569884,28.362436682766823,10.904576239335263,7.919501946767776,20.295351774432927,6.934377367762282,20.28569415142708,21.782612771083645,20.27822269054854,7.794769098296025,7.794769098296025,7.794769098296025,7.794769098296025,10.345429636460407,14.048401755764463,9.419092123810207,9.448768345520019,7.812430510713777,9.94600901639158,7.848212871777265,9.578185446721802,7.90187001182431,9.24573077997976,7.973041056825796,8.952586160790876,8.316001655667952,8.246919685584622,8.651381567511308,8.789307915425526,8c167025
19.06999999999971,4074,1507,714.460000000001,18.389324245989982,5.598599915272658,10.27658978350748,10.33570834787366,10.300295149489472,10.317906422644523,10.314722428121614,10.266499385107249,10.475818758005571,10.50217298422483,10.30468966278228,10.580280633104982,10.318432433709068,10.310038382160103,10.27658978350748,10.276589783739755,10.27658978350748,10.27658978350748,10.314702913361964,5.099098070160179,5.14345444834969,5.090750653778797,9.989509288827836,10.025786338211141,9.705351734308476,9.739778956795476,9.424381515178359,9.456944721959294,9.14689235765924,9.177577008142332,8.542482976142429,8.17419563418061,7.42454460682407,7.190823381388624,8c8348e8
18.80999999999767,4238,1568,960.2000000000007,13.692661897954343,6.078785676405249,5.595665568528334,11.208945629239064,12.306998357883028,5.460998618436739,5.5648894591565785,10.129886287461686,10.280337956375975,11.65300613367717,10.324221623785755,10.902702842611548,12.252459991369317,11.717366054589297,5.595665568528334,5.595665568528334,5.595665568528334,5.595665568528334,7.376048066959109,6.208403790908108,5.552939024287957,5.338392571971489,5.602390575738355,7.264425878629358,5.611046710004608,7.1566638398572415,5.621625050729478,7.0529388908398865,5.634114770800049,6.953431698789581,6.7975156351326165,6.674375107708561,6.5098668976854706,6.436428727439051,8cc21f01
14.039999999999054,5906,2185,967.380000000001,10.791612760891805,4.2037731910337435,4.350451907614123,3.6236444283911933,6.283572969488807,9.718586125909555,28.273961322398392,34.941078600220344,29.132328969162188,10.36920761617704,27.04720104299722,9.375469847344476,5.955877252119337,24.249271245221305,4.350451907614123,3.427857810832387,4.350451907614123,4.350451907614123,2.9191016325007686,5.332300908932561,5.636662875420568,4.354761110302498,4.148124617884977,2.9181713440154367,3.957504194594077,2.9255813225707987,3.7803619687328593,2.9412685335902378,3.618677844011705,2.9651016050357866,2.230437996540937,2.3332602493915244,2.6728222998178124,2.6532022547289413,8cc800b3
23.139999999999418,5316,1966,604.3999999999996,10.614919106527442,8.434430719233761,8.922961631609795,9.872367086512758,10.453448503794823,9.287460279675827,10.752722940939769,10.810883852412566,10.289001895271397,9.324082152983182,9.017910235223678,9.872208891250509,10.222935201332977,10.33413425152296,8.922961631609795,8.922961631609795,8.922961631609795,8.922961631609795,9.289490322977944,6.80341242720322,10.803238967880521,9.492263613603942,8.868070050490854,9.22268318783229,8.81613615126856,9.158141755520596,8.76721249492016,9.095914256081516,8.721349740751293,9.036048494912361,8.44990047374185,8.417204534256772,7.92770097924397,7.9550664035300915,8d5d46d7
23.459999999999127,3532,1307,447.8199999999997,14.27357390324215,7.787321995515168,2.970036294360741,8.722167608253393,2.6814892178552783,2.413063984273022,2.471351947478339,3.2810626720231726,7.563120553113999,2.3877396498294536,2.7351758706432623,4.260859273826083,6.869705142847342,2.3915900500237908,2.9700362943659937,8.53857693607135,2.970036294360741,2.970036294360741,3.373667144771168,8.071447652933736,4.627732574047246,8.106135733086575,2.9999467572860907,3.129813182612395,3.0711875079957043,2.938713157441252,3.1809828792328636,2.811146277714989,3.3255162986614843,2.755949142676898,3.0132557600813947,3.2416562078390525,4.040073953282213,4.343499312645564,8d92cb49
29.73999999999978,5950,2201,762.539999999999,14.403793197900248,18.68167655055425,30.394441564081514,15.2481903796816,11.83098924747316,11.99174702567068,6.137583242911818,36.28168128339759,15.49765404611806,19.09235178106231,40.6970798834467,27.42855520983178,15.219761493296605,12.1397880437111,30.394441564081514,30.394441564081514,30.394441564081514,30.394441564081514,21.925902237686113,15.355293648836595,17.541425668131183,19.691565212572296,29.756190984338513,21.742382319376723,29.121393328505057,21.560783813319194,28.49027940339516,21.381155677482706,27.86309952547384,21.203547988535224,19.787793952409242,19.657660941104215,18.42753961840363,18.44406793073048,8f201368
22.829999999999927,3872,1432,701.3899999999994,13.136531882951108,10.50488671335999,25.15814255901394,6.945507569702295,14.484781819853522,19.631515185825574,9.297562960582242,5.329770323174492,13.967534740980067,28.785642113747553,4.736796648453396,15.549108099749555,14.364104370140339,15.05468689552463,25.1581425595491,25.1581425595491,25.15814255901394,25.15814255901394,16.59026664699993,7.34728633247957,5.7024745176981995,7.445838195312846,24.3893925362425,16.25863935372219,23.6222738107133,15.92886191207741,22.856950630474454,15.601051629858544,22.093609589510876,15.275335153926395,13.414353593706016,13.096034667991432,11.40991898441343,11.306826969320403,90386ee4
22.230000000001382,5685,2102,787.7399999999998,12.805658583707745,10.939608981193738,4.697319602280217,7.920494563640949,5.2537595341142485,8.059955443635012,8.0373786271687,10.007741112894895,9.692136612776213,5.852281813174135,7.381366929211594,3.044731670756204,8.56526952892071,9.838693176199182,4.697319602280217,4.697319602280217,4.697319602280217,4.697319602280217,4.782735999451624,8.554309746149226,8.033411698526672,8.443502376588727,4.440233724485157,4.428483737171486,4.257646667437358,4.147448941904669,4.159380999142274,3.955269546618314,4.1514287880089284,3.8652220625060405,3.9091067123315884,4.091488387117684,4.584833083246759,5.018209648626757,91abc4c7
121.84000000000015,6214,2298,798.0300000000007,12.503386607135145,43.62074793511021,23.354390731308786,51.286818143287526,28.04510503207917,24.191021849853062,35.571194168697396,23.77461949718304,23.818020906744792,60.45897630885064,23.417675967843753,27.14131365629551,23.786667831944865,38.30570800657549,23.354390731308786,23.354390731308786,23.354390731308786,23.354390731308786,25.251446379276846,44.903273993689794,49.668841416526526,44.987165908821524,24.246471528393833,26.12671840221144,25.16007208158341,27.009261646711643,26.092932053532348,27.898386063382173,27.04305843607072,28.79348199144415,30.98442537393173,32.2204592340064,34.90553826309072,35.764613172888716,91b301ce
63.970000000001164,4122,1524,854.1000000000004,14.482472757065878,41.933787267892555,40.92203863689816,34.17411363746789,40.105097923471845,34.293658912097136,33.633786210470134,32.151154423767366,32.32199656685905,34.60801726867022,32.896217738122566,40.632456071202654,33.75490745176161,34.453280838013036,40.922038637092804,40.92203863689816,40.92203863689816,40.92203863689816,37.83363431763368,41.23972950259045,40.57833943910333,42.505950387167076,40.96332222340791,38.036740060465554,41.00560512025159,38.24006524281173,41.04888423937352,38.44360638287701,41.09315643312343,38.647360068556296,38.842381115639334,39.15002006145292,39.52137633573756,39.76183464664612,91db7070
11.25,4746,1755,756.0,12.754717301537264,7.500792399494599,9.317444127576648,3.9605434238767767,13.622832818136754,5.631348787231547,4.2553130895127795,18.87224779196761,9.972268113730385,3.999521485138348,14.755077801376963,4.760244494676912,3.2905556828833884,4.3565156804016905,9.317444127576648,18.29501571000112,9.317444127576648,9.317444127576648,8.049279385858465,5.727625875253334,4.911271586964231,9.698246911278202,9.176297010714086,7.976934235795725,9.039250876605815,7.908806200887768,8.906495035348593,7.845005149431935,8.778224139437036,7.785637457292796,7.024152141380027,7.028569358340446,6.467312081355338,6.549362744588341,925a7cd1
15.06000000000131,3736,1382,772.0299999999997,12.208414699838206,5.301641225017124,11.453358615178557,22.675137541269507,14.41820271402856,10.43721672590682,12.59371187249124,21.647766357327896,22.033506323369302,9.406119617235547,24.013370089187184,22.94041171630062,10.772398418908663,20.024996275870304,11.453358615315581,10.085764558736937,11.453358615178557,11.453358615178557,11.740510650649968,6.277821895499321,9.558699696203853,6.04453813128515,11.0684304311314,11.312114563325451,10.686952390338398,10.8880800041644,10.309307499612283,10.468936965511903,9.935932839617815,10.055297157524691,9.975964224699824,9.329983462004071,8.840794421857984,8.33296703546439,9283ae69
42.649999999999636,4239,1568,725.4899999999998,21.338412128594534,12.689831416255236,10.710805468581295,10.175359258424344,10.124484754903216,10.711039041919395,10.143428984114443,13.709633681857083,10.422101304155369,11.866386933217367,10.851248707355797,10.439643812805217,10.112885721542382,12.008727485217307,10.710805468581295,10.710805468581295,10.710805468581295,10.710805468581295,12.777944991586162,11.177872557597643,14.644111486420174,11.324215923816476,10.795657491141773,12.757356801535607,10.882221078384799,12.738444003552699,10.97045571451671,12.721214070122107,11.060321406813998,12.7056738475514,12.01170199221558,12.063862384386582,11.62699645126112,11.716390574529028,9298ad5b
14.650000000001455,3281,1213,727.5100000000002,14.886792607387806,3.9606355760676974,3.031342201699802,2.855461146785859,3.3755768205950796,4.50358277732632,3.050092790422614,4.407626734401842,3.0687606625501105,3.5871789455432177,3.010624575123302,10.089831542631336,3.086044079512762,3.028878405494976,5.5764519156373105,3.031342201699802,3.031342201699802,3.031342201699802,2.9954423289750625,3.746421842636052,3.726361235645104,3.748316090482803,2.98379084798664,2.9368319568323304,2.9464022423483893,2.889502554097145,2.9195668499567184,2.8540154079123736,2.903577289737819,2.8308159173769756,2.7916654970399395,2.8130834319752323,2.87959333132052,2.9434062232242835,9314ff13
17.69999999999891,4599,1701,584.6200000000008,15.709383724180325,12.321680002602989,6.462450451427639,7.811476224273145,8.075050599406708,8.326533726551995,23.220961060921866,23.187602541010207,9.124318310467874,6.720942781223404,8.77225432461612,6.61278813432278,8.189550886133123,7.588138877373544,6.4624504511659335,6.46245045168861,6.462450451427639,6.462450451427639,7.676096405930337,11.263023308249611,7.30658046198072,12.872244674213006,6.665279581067803,7.858218555637662,6.883866730757709,8.048098634217562,7.116760053302472,8.245200683242656,7.36260207821407,8.449019286916815,8.613329991205422,8.937317304526152,9.31676989889839,9.587332979545671,93209a3d
67.52000000000044,4838,1789,1019.5100000000002,16.68693360807633,15.394602748986134,16.353090653449563,15.008411254680603,16.230427869635296,14.822793931067432,34.261210057048736,26.427453258008427,20.656691965454584,16.54913702831142,20.80817919150638,14.288423311277684,14.34828267547824,14.331364265996465,16.35309065336837,16.35309065361647,16.353090653449563,16.353090653449563,16.186062816688924,15.120959608135209,15.147485990465078,15.091372134365132,16.221883374594892,15.96365719725744,16.098607774442062,15.757829223405444,15.98344737811812,15.569236386965718,15.876578776933211,15.398511961522066,14.923780210301851,14.7953909698995,14.507781567156584,14.511654812864894,939d9c34
48.23999999999978,3775,1396,653.4499999999989,8.688865895659998,19.59501716969914,23.50819128860524,19.96159437184703,13.537116342603365,19.81281475421437,19.933582832810572,19.240421136293868,20.923552961188033,20.139813050285543,26.189420664908212,12.142391249084831,26.234692801834235,20.282080949395667,20.053012283595,23.50819128860524,23.50819128860524,23.50819128860524,18.523158498363788,19.864142396263958,18.232427323842206,19.849076366653684,23.30723050095017,18.570912681272258,23.106741730106016,18.619311760453265,22.90673736990218,18.668350720079626,22.707230220353246,18.71802453092715,18.901745535254594,18.96562331265316,19.165818110968036,19.20582818660029,93f5d2e6
24.530000000000655,4108,1519,936.8400000000001,10.682610598902862,12.01298142476639,13.711629966483768,5.249913124922778,13.41741732655226,11.6421950224312,8.04485163724294,14.691825931660153,13.819682533954213,6.144483767351759,13.79130501545831,12.377033176177372,10.810861814760406,12.52279326759759,13.711629966065923,14.338219380427967,13.711629966483768,13.711629966483768,12.643648339311941,12.913964086502254,12.963002313978878,12.96504874172776,13.613766450125453,12.600425272474011,13.517099668283612,12.558367864661214,13.421655478702052,12.517487865342405,13.327460148077538,12.477796846870273,12.660486519331256,12.584913944158506,12.702599049087931,12.627751681717308,940a48d9
13.650000000001455,3642,1347,658.8700000000008,16.62388691126154,8.029702296665787,3.4262908909767984,12.442753792764588,12.609101014642276,3.4223311939089465,12.566121439953177,19.80945250621129,13.085033509094817,3.297293126081529,8.208715869819654,11.26698062990296,12.345828190496551,12.387821017787287,3.4262908909767984,3.4262908909767984,3.4262908909767984,3.4262908909767984,7.242344958339324,6.2440633045587255,4.318021737361301,7.054270000033916,3.3154175316333307,6.6718033820706815,3.25588091494347,6.121543066163282,3.250503136328286,5.597548384896283,3.299549019188597,5.107909122143703,4.468955026439898,3.941023223406266,3.4440634354356696,3.445870834074035,940e709a
18.029999999998836,2864,1059,591.5400000000009,13.823635201682878,6.102864015929343,13.574826127661165,2.8318720525133134,2.917127596443743,13.300135147278281,2.797440402402252,14.055297501553543,13.523223507747087,11.576855911250844,11.590920566736763,3.3242878346917135,13.22383271641844,12.870513421743183,13.574826127661165,13.574826127661165,13.574826127661165,13.574826127661165,8.551717782358748,6.403217144878532,6.6875785146540485,6.380550631546535,12.968448379516584,8.198440044768208,12.36955100904922,7.8569060729980045,11.779275053073636,7.528714275744227,11.198983846929027,7.215685413415317,6.611448033592557,6.274605419601473,5.789405585624838,5.665137694763475,9426ec1e
46.090000000001965,3735,1381,981.2099999999991,15.725841426101464,14.98312968309485,9.776193071454543,7.826701888097378,9.741257367765018,9.658810127512394,8.622888617477537,21.804704415362117,8.225664639813212,9.913952594641726,11.554315744147491,8.92906237805042,19.377811230561875,9.32212463319449,9.776193071454543,9.776193071454543,9.776193071454543,9.776193071454543,6.891985453181256,13.232863790441987,13.334895341236047,13.243552901967329,9.957809396457655,7.211329098127084,10.151021994334716,7.547485523769805,10.35518177677988,7.898308337668421,10.569654406758684,8.261929433107314,8.535000711031415,9.125989315538195,9.793062987728717,10.286854407973564,94467f50
12.010000000000218,4406,1629,725.8199999999997,11.197366323715226,5.197432042953808,4.504950798882048,1.9935922567472772,4.354485899328784,14.100773487036443,14.12548782931007,15.40780974813091,14.868992460106913,13.773523515074034,14.09933148707588,4.887354707424332,14.132242044119389,11.744600629222433,4.504950798882048,4.504950798813195,4.504950798882048,4.504950798882048,7.3208556905163515,3.7147748551201056,3.986007559473253,5.435366255576695,4.34207246073311,7.203920477915671,4.195193616141736,7.087798966324778,4.066048495569919,6.972531810329642,3.9563740885418843,6.858162088285572,6.1156927626611495,6.013342687012938,5.3509082876719125,5.330755513534838,944f36b9
61.44000000000051,4811,1780,732.1599999999999,13.508522975680398,36.90027996259507,31.81546406533748,31.127713929431575,31.814586871241424,16.62255491458484,26.606318010679924,19.248262370303532,26.43123243006801,31.854642151390383,26.19538165014808,33.667979006080145,34.452677641594924,27.538433993241878,31.81546406533748,31.81546406533748,31.81546406533748,31.81546406533748,30.36178147507506,36.81483855244969,36.70477033761885,36.904310095108954,32.04208923552763,30.663685976317556,32.27201349937842,30.96870753422515,32.50516684886,31.276754953136024,32.74148030071733,31.587739707501665,32.19798581963796,32.64674736066652,33.474147710326946,33.80576628715143,94d813a4
31.460000000000946,3386,1252,841.8299999999999,10.025458700266968,21.757094469977982,6.705306535592037,6.674051039192436,6.810654879434008,9.657980512433326,49.310610995097285,3.7056329610207572,6.808513241648505,6.946815774892079,6.939583030451751,8.931879740574487,6.805907174527586,6.853896153562069,6.70530653569801,6.705306535592037,6.705306535592037,6.705306535592037,6.7748390129590055,18.878224001871477,15.900219717487152,19.152293466027526,7.299895317987973,7.35793720484106,7.936878195839916,7.985138717149563,8.606847696010938,8.6468517344031,9.302679557726481,9.335740659649947,9.921984005735698,11.039896035089907,12.361647840696936,13.277184507495761,95b559e7
26.950000000000728,5877,2174,785.7599999999984,15.142734159223167,16.081296888956704,13.679919836358543,13.592734879061327,20.80378518330349,13.69179911445404,13.701183699070993,18.09006849778669,2.4010834651305375,13.558733711291675,16.518386369350605,3.951776440737341,13.588582320308142,10.91090022925598,12.24198671195774,13.679919836045341,13.679919836358543,13.679919836358543,12.442235812907565,20.40973823414853,20.38799019202512,18.549692729000057,12.613584476410457,11.450267604642862,11.592769425857728,10.50947832647398,10.63059620068037,9.634871636618676,9.744451303483288,8.846099620532163,7.266519580079879,7.120786276847458,8.41219435271124,8.972742306986115,95c8427f
14.619999999998981,3648,1349,696.2299999999996,11.5702041330354,8.096357271580576,3.6318583463748713,4.067636319915692,3.3091312738561025,4.139951960959666,4.69040974921915,12.856751687223461,9.085685309248595,8.562633475597734,3.475232348801076,24.667421136442453,19.38487872536638,5.573238087913322,3.9314408892310824,4.014867266658387,3.6318583463748713,3.6318583463748713,3.750062493297556,7.7733773638911225,3.926020697125148,7.836141130206091,3.2766500011679924,3.288782292130616,2.9692371257467904,2.860415299398879,2.7258387121054386,2.482061414160999,2.56474520306654,2.179919379452839,1.8861143249430092,2.0561721697666036,2.859995730664562,3.317934407482661,96936c22
22.099999999998545,8415,3112,1148.9599999999991,9.62665431983054,6.912864611437138,31.19663228796999,33.33370794512613,31.23559962040813,31.485172168941517,33.19512817050117,33.73059923115646,10.023553728241996,6.475414362860587,6.997736383522108,6.590210802244706,31.371299447610603,35.534637687649436,31.19663228796999,31.19663228796999,31.19663228796999,31.19663228796999,26.38157556960352,7.607676794082029,6.213007738403408,5.492891201294669,29.912918003262757,25.348965736466564,28.630793088025474,24.317975066517263,27.350481060647443,23.288818600696313,26.072248995218406,22.26175072517628,20.378016275677766,18.938478639830382,16.450946151922015,15.426429632512498,96ae5806
21.659999999999854,4437,1641,755.8900000000012,22.222850733381193,18.124808746281296,4.094627266328594,4.471978093750249,4.479670808154881,4.374000504390491,5.235390149514059,24.32144927811743,39.247688124791125,5.209708489750431,7.207556295224899,4.463549426403978,5.618400498260167,5.278197933402092,4.094627266328594,4.094627266328594,4.094627266328594,4.094627266328594,7.409084244251285,20.530800672287658,23.16930919791488,20.47056636407912,4.564699925876052,7.708876625369633,5.110701956058398,8.057420428360611,5.710896572455347,8.44868420175739,6.349935507242404,8.877020962582115,10.516257101548074,11.179227026525846,13.174779674696927,13.636363745715952,96b7eea1
23.6299999999992,4865,1800,786.1900000000005,16.63437497203969,7.066095197212846,17.957954008553866,6.8676454335162305,6.183842720713625,17.94558798035905,6.7632959161493735,17.86626306649419,3.8602402560419136,9.606863184586855,3.26828126706021,5.86289355410383,6.500110708024312,6.2511914168159395,17.957954008553866,17.957954008553866,17.957954008553866,17.957954008553866,6.964271951180003,9.12125784563341,9.17362793647911,6.43680724767154,17.262388175925953,6.883744845259874,16.572151483862342,6.811439249680366,15.88793850619443,6.747619467808962,15.21056215443266,6.692528265567127,7.217587836335014,7.118691228243212,7.598319995297727,7.49388526908278,9719aa04
53.67000000000007,5502,2035,615.4000000000015,15.7067530906685,16.267182718773736,8.672435053989512,5.068922527094747,27.809451928285252,26.835603050325943,9.324461339690217,45.89366841082864,34.76556077796418,8.62338728453807,4.847406418427494,25.67525877348862,8.566141637030947,9.48194419012227,8.672435053989512,8.672435054184405,8.672435053989512,8.672435053989512,6.10895463362932,16.713113369626573,16.70952663243027,16.680972603025968,8.303077646255646,6.193789739817982,8.020471658131594,6.363426604226496,7.834011196256121,6.6113407970429225,7.750638413208314,6.929135465761818,7.799652712850476,8.481105939889968,9.994316836355459,10.574505830036546,974802e7
25.80999999999949,3722,1377,693.6900000000005,16.401159997649035,9.242929339376236,3.1355623606591174,10.329289794543305,3.1314816462370065,3.0054760457053873,2.994216555334384,18.43052187809914,3.468154646742954,2.5174573795008777,14.272482025686012,2.624509255735385,12.71733444726757,2.7634173128046475,2.7759328284430445,3.1355623606591174,3.1355623606591174,3.1355623606591174,2.638243522177589,10.044572907556535,9.050601769858329,9.302090920126483,2.9186770889285967,2.4887904249998862,2.782393525897056,2.433411623454764,2.73877064906092,2.478421257799286,2.792154858711009,2.618647968970285,3.6302013497044014,3.9958030171178676,5.270841075443817,5.5797933758334946,97cd5bf9
21.8700000000008,4956,1833,1044.83,12.44530676676771,8.705701701216357,31.015486062217757,9.395889842385271,16.044054751364154,14.811547434164751,30.749798647108978,28.954248440473293,11.70955077339657,13.921037030637677,29.051346517526714,15.459027160385894,18.273496462360402,9.0106775578663,14.381721188296638,19.105312949916897,31.015486062217757,31.015486062217757,18.602133857065887,8.685498277409254,7.439091999026268,8.577399998746785,29.77302843243778,18.031161926114184,28.534053979462186,17.4638367277248,27.299036962277555,16.9005255118514,26.068539846598934,16.341643380583854,15.22516337611049,14.468760619153281,13.091578442537399,12.583076082067285,98177ced
52.70999999999913,3730,1379,755.1500000000015,8.9245956799966,14.333793855789152,17.203706137086858,17.19075276806287,17.706578985014676,10.80958982023101,10.999050444906587,18.591364297443413,16.799878254655003,13.459353102261383,11.952580829879357,16.961538197124824,17.799852730959348,11.013220321391954,17.203706137086858,17.203706137086858,17.203706137086858,17.203706137086858,13.502195266666165,14.503850596237534,14.851813979169751,15.927147458544555,17.048873255242473,13.52041316138067,16.895044875431516,13.541191974202679,16.742248685876636,13.564519936307141,16.590513205565724,13.590383920818706,13.6327438790002,13.68670950218106,13.803403219048228,13.850889512543684,9896fc0b
26.409999999998035,5636,2084,671.039999999999,12.766073750235833,12.842129948517902,9.543610718614671,18.34291363483324,4.879699620621992,9.13198717431751,16.372380201373225,5.748501221114608,19.165464416881154,18.441887594550302,3.7574322750630427,10.425480603512625,5.37217788467171,18.46129931117636,9.543610718614671,9.543610718614671,9.543610718614671,9.543610718614671,4.511948871726208,11.252095832692318,11.077843052197856,10.56052285092989,8.925421842960763,4.524661112238888,8.356809287784465,4.619112194504643,7.8485555831161715,4.790469755202885,7.41308605652137,5.030881355277521,5.322471790681945,5.883278090378351,6.710130410349544,7.25840691913952,98bc6f66
30.390000000001237,4920,1820,780.6900000000005,13.979189185635091,13.799738348821819,6.692444058685663,9.50822577726172,13.775783593463853,8.208454346472777,14.272234479129217,11.394725656662853,9.424772322986193,19.36010303763521,4.528134286370598,20.217263335766663,10.35895042098183,14.175604104367277,6.794344389157249,6.692444058685663,6.692444058685663,6.692444058685663,7.943403989633632,13.417569698943215,5.797524219282466,14.753886348971099,6.952981111518109,8.16920302177059,7.231279780820685,8.406027854509976,7.525369776480724,8.652973233646192,7.833472751590475,8.90919763419219,9.313452453975502,9.71878896758893,10.389829680514298,10.711151560988649,992c99e8
24.139999999999418,3403,1258,766.460000000001,17.572752015701155,16.745839070730327,13.85772666267474,12.197685429991646,13.739288575461256,13.929223253122135,13.86092319042748,16.2927518583676,13.58476108802004,13.92047983777649,8.00691178850245,13.253420550045256,13.957407863079824,13.876750631983287,13.857726662954638,13.85772666267474,13.85772666267474,13.85772666267474,13.816057034993717,14.653246132366299,14.409012187061673,14.290286720833693,13.999331812024693,13.958852522883873,14.141285462323,14.102108690249214,14.283577223110452,14.245811639288052,14.426197089607182,14.389947984864387,14.0583790444583,14.322762496854583,14.22425724335815,14.473268839941857,992ce078
23.789999999999054,5541,2050,775.9400000000005,9.052451669796879,8.933678583323305,10.068403531394305,9.019687801618002,3.271516510921332,3.526703398856738,15.724563712939736,10.552373625082952,5.508659759693883,10.037667783463283,4.6874108534291725,9.007083308143493,9.050521244153348,9.081863502284401,10.068403531394305,10.068403531394305,10.068403531394305,10.068403531394305,5.710745838902751,5.815532593554135,8.14528232680523,10.770780384375236,9.613311292374332,5.524982432099959,9.180855900003918,5.376463347329934,8.774385039913277,5.268339376602734,8.397672732377764,5.203129429549827,5.145509336591148,5.086153412903654,5.047769852254343,5.1332894453099565,99529c45
27.31999999999971,4473,1654,618.0799999999999,9.34161111442549,8.494539931739004,4.252259498584316,17.408282521778528,5.375493965077286,14.267679323752104,21.735685662120265,6.124824634318376,4.524850743066749,8.940096436565304,4.702744779317638,11.166176118673059,12.131555469949872,5.856484468432649,4.2522594985700115,4.252259498584316,4.252259498584316,4.252259498584316,5.639518025346535,9.44579033321232,9.46905697380563,9.591560348181797,4.313073080341011,5.730424892032247,4.399234644642285,5.828804264737742,4.5092914110839715,5.93428451444733,4.641543936097996,6.04649403113786,6.568306261075664,6.71855227953327,7.314714129204856,7.406237987570264,995ff498
12.299999999999272,3970,1469,714.4900000000016,19.420194639767757,4.525442970649942,8.68344197883137,5.21074611840682,5.169881806798671,5.16646256195627,5.9405511274506555,18.266421331919727,8.875122413969473,5.564146503514291,23.250100919105897,6.89790383972233,5.892372940658995,5.03305290147025,8.68344197883137,8.68344197883137,8.68344197883137,8.68344197883137,6.03816336298342,3.9181713625361527,3.8860645332619352,4.6208964449186105,8.219552062201956,5.708583395615994,7.762488235332687,5.388863829136229,7.313530412938009,5.0808664370211245,6.874266986027733,4.786854450511108,4.248268988770913,3.9043695749489604,3.3949192985426513,3.2720238133813275,999daf80
19.43999999999869,4235,1567,816.3400000000001,9.023538081153214,7.446815916640801,9.312449162679739,8.156147347527389,5.646153657956142,6.212631806494165,9.472851373462188,22.411421403505,5.07488548460777,9.8467427399228,8.838206567115174,9.907046742201304,6.1058904417492705,9.2383852072829,9.699009894913392,9.312449162679739,9.312449162679739,9.312449162679739,9.142366249006662,7.783813040826661,8.301182857634748,7.818467557448136,8.900271150076206,8.722527601530425,8.504915085057899,8.32007132206347,8.12883580748324,7.937641826467929,7.774831154936691,7.578271613147562,6.874713272142108,6.529757782699695,6.087556693002429,6.021841126653259,9a6b0392
26.81999999999971,5720,2115,646.539999999999,12.626285540104954,13.028541210220713,14.814791766427456,15.09801478510139,14.162955535801345,14.113873031840066,15.179524418390331,16.324906441539795,14.418591902276365,15.047029100667556,14.053820461383102,15.4313804127961,14.086073932498097,14.948320663401429,15.017862494371405,14.814791766427456,14.814791766427456,14.814791766427456,14.977667996197923,15.918135731213164,11.142689741163046,13.080400185811012,14.71968697415732,14.875210149594272,14.625122928697778,14.773214827190952,14.531110187105755,14.671691675186132,14.437659519046797,14.570650563329464,15.228804385806374,15.003987240694334,15.411435829357044,15.170268622546553,9a8ae0d6
42.63999999999942,5954,2202,864.0300000000007,11.773833081889556,19.68154010172905,34.99986909722937,11.71440603300984,25.57716224469785,38.35563579014996,15.67765331791497,14.253980385042661,13.742861115858952,25.64332238643398,14.362907168814939,27.109506147032675,25.627029562167436,26.30866508391357,34.99986909722937,34.99986909722937,34.99986909722937,34.99986909722937,8.858580327528673,26.83883791526031,28.416746777742343,21.26635956923998,34.21766790238497,8.87390901151968,33.43646738518248,8.9785964400091,32.656339359922605,9.169582546806932,31.877362567317736,9.441631813157771,11.470895077592877,12.154976710349922,15.277098314328367,15.693392998350221,9a95e33f
24.93000000000029,4652,1720,870.5899999999983,13.601095785446534,7.394052331990499,6.975205678099871,7.111296290170222,17.97694960989831,7.056871137508639,9.61909770873232,27.24426096448254,13.35378825235084,8.918172323678498,8.945701894418795,14.494560388814186,9.417572118887733,6.442718869732659,6.975205678099871,6.975205678099871,6.975205678099871,6.975205678099871,7.159078463316202,6.87215652132948,6.773635234224194,6.9157839705828,6.839880271799241,6.951556187606477,6.718846572592541,6.7618118424367335,6.612889357329271,6.591380912459918,6.522743386893217,6.44179650806381,6.245274725600297,6.117909598197868,6.007928034447026,6.013211052312591,9ab94eeb
19.399999999999636,4197,1552,450.75,18.610490421835824,8.513042951020218,7.721919440587176,7.770124986638989,7.236522171864157,22.20888515472269,7.794969429469576,23.149303039780474,11.073900345496115,8.949707766146574,10.98590036106587,9.558382313054642,14.041452418498617,7.728657869148669,7.721919440405437,7.721919440587176,7.721919440587176,7.721919440587176,6.342347828434471,7.227016653949912,9.511747095521185,7.670654816773322,7.724796148352788,6.196049907687316,7.7317419153171905,6.076141873764949,7.742745790821667,5.9842102913885595,7.757790506470205,5.921558298528143,5.123085092506094,5.2572684430146195,5.029729231270695,5.313464998420177,9ad5410a
25.969999999999345,4858,1797,380.0,10.313050966607726,6.318061774814032,5.82692667959701,14.246141971210717,2.633791941851608,2.8461019322674237,4.352215019592924,39.860606966989586,26.92311607339331,16.487082321288476,26.835679577244875,4.2693224337178,26.90933831238323,5.036767428426317,26.78155764755178,4.417469358640449,5.82692667959701,5.82692667959701,8.4927898449162,6.064889956226955,6.371555132016609,6.3771887644689045,5.741863780798178,8.20295618899638,5.667442588508531,7.923972761464204,5.6040870781797665,7.657025637119052,5.552176072006548,7.40341691975623,7.253609892631638,6.911195142696268,6.6218531680227875,6.417519597921068,9ae248be
34.45000000000073,3981,1473,799.920000000001,12.670733698064053,18.09152747462802,17.209301769207688,20.848650656773664,14.640262832796473,20.81251505268572,20.835031142296796,3.837955671644996,20.75449143938799,17.40158317460993,20.73200145876545,18.837179823866414,17.648793603361455,20.80063162150944,20.876790052178965,17.209301769207688,17.209301769207688,17.209301769207688,18.507680249237147,19.147290690033756,21.071080443287094,19.150716605282884,17.251327178042075,18.483343132535776,17.293582020528948,18.459369429644063,17.33606461900759,18.435760558303304,17.378773303222705,18.412517921895297,18.693863996493477,18.628848883040476,18.82074640850111,18.744060708001296,9af1ffd0
18.94000000000051,5267,1948,998.7000000000007,13.018463999787013,5.338182653146294,7.8406840664218,7.929962814867549,7.9679976825040635,16.295033335662843,6.414863867749796,5.751690317568781,14.631516173957657,9.178552804468646,11.41061373909762,5.865652387291439,19.49272632409133,5.813204804793191,7.8406840664218,7.8406840664218,7.8406840664218,7.8406840664218,8.53954052512826,7.073596424418433,6.878129786240532,5.64408488846631,7.592443254115758,8.220187379678576,7.351446110696452,7.908778446342223,7.118428385815613,7.60628951915745,6.894199218435588,7.313827436079247,7.734411996951375,7.262032166153838,7.352256718434171,6.971470651975681,9b5b61c1
27.969999999999345,5019,1856,800.2000000000007,16.284325255690547,8.186872931960512,10.159419118687442,10.18456114110504,11.489356076774115,8.291892353786626,12.493219616068432,8.390397155547928,10.015917213222925,8.390462289737366,9.091723400431968,7.401606272098397,9.573826466377096,8.274241904030783,10.159419118687442,10.159419118687442,10.159419118687442,10.159419118687442,9.037611479940447,8.581207268844556,8.946526901224923,9.070505156691425,10.04819533883289,8.979057238604941,9.938047111681776,8.922019966716292,9.829010596655051,8.866528939748129,9.721123202222099,8.812613366808284,8.842284335575677,8.74836220293161,8.739108084911813,8.654749831417611,9b9e3b49
20.539999999999054,6637,2455,714.6499999999996,9.064904697566432,5.397405059574783,5.490254912379485,23.94975745784813,12.329020599253516,10.565940165770018,5.904784482426468,17.76068165038894,13.359337362239852,5.978772420012567,13.79646947000803,6.292389815817842,3.977897631093651,5.6800629693783975,5.490254912379485,5.490254912379485,5.490254912379485,5.490254912379485,3.816502420961973,6.001649795782092,10.127618658680628,5.9333616045793,5.358929061362833,3.774046529139292,5.238129285587588,3.745897868729632,5.128599437109545,3.7323801582564995,5.031075631126021,3.733652315426119,3.8173539636055853,3.8968576571143747,4.199797885134456,4.293565539545028,9bd2bba3
25.030000000000655,6455,2387,616.5,8.29968893140903,9.625165491349362,5.621643329210805,5.146894939989894,8.828515656239988,4.7441357556155905,11.463871427910624,21.184964656839657,5.064626284569756,20.34107118688616,9.938600708755262,19.36788751023335,4.54723182720918,4.961970575119609,5.621643329152684,5.621643329210805,5.621643329210805,5.621643329210805,3.659839585842009,9.266789961415727,8.425682166389477,9.27332154049936,5.61023386779423,3.4496047780288395,5.628617228972278,3.313541057699002,5.676503967906842,3.2609460963766086,5.75315741254308,3.2958183250668043,3.5576810585165264,3.928834241379821,4.782341381441098,5.2036313694927845,9c211c53
43.06000000000131,5690,2104,861.0,11.177591912671414,17.48277112686004,9.458712488248707,9.458044289993138,9.505485097147892,12.049522318311315,9.596530537094148,7.2836851297495775,9.41323416966516,19.82653431270816,7.281264291829053,8.85908114173438,9.564268016031821,11.000351079962824,9.458712488248707,9.458712488248707,9.458712488248707,9.458712488248707,10.600127950317004,18.647641880819634,14.725427755535174,18.619643691410626,9.560613803247799,10.750454781918943,9.709645226722852,10.929834477606487,9.903679333321339,11.136863276185903,10.140133037596799,11.370030949467264,12.165002860870384,12.58137290326506,13.725796048262861,14.05960025435171,9c350a6a
19.68000000000211,3965,1467,786.3600000000006,22.296737729703263,5.920615469778633,8.157504436447336,2.629042939894952,3.5110466658010124,3.223955403235178,3.559458927231986,8.400058200457913,8.130271922960564,3.0527533645346505,8.162537614994733,3.448445908611207,8.157113924536183,3.1284658612498144,3.028075537324985,8.157504436447336,8.157504436447336,8.157504436447336,3.4301076073441297,9.553719976911069,9.657252544523471,9.258881261762886,7.880750710440614,3.3337168832824493,7.6137420343027165,3.2638773588004533,7.3575394423076625,3.222315885230448,7.113310649808773,3.2101309958662005,3.252880333850311,3.433690037540045,4.659818055229804,4.712270631127928,9c8375f7
26.979999999997744,4963,1835,734.3999999999996,15.010583347906483,8.87391770721973,7.993392127910892,7.44329707902704,7.780965723150299,7.05967617993512,7.783716371359878,13.257519148131825,8.130620241600225,15.463468252136096,5.2679071739292045,15.784514813333775,7.389620027787165,14.263350976312383,7.993392127910892,7.993392127910892,7.993392127910892,7.993392127910892,4.548087334752875,9.39639502426005,9.420225671532176,9.408323862863021,7.4594711444723,4.346868963741408,6.952679755563653,4.195167465421646,6.479386992235463,4.098484991983014,6.047463087147791,4.06075329066919,4.113785698636607,4.359470885396783,5.085749693678331,5.405195769727991,9d072e4c
21.470000000001164,3604,1333,934.7299999999996,11.010312461859252,6.713079587016943,5.393907361091462,11.653271985938852,13.355533745690083,6.7987833337485,5.427078778313234,4.6078111861054545,5.5743208108706055,8.35013547624727,4.587057657228712,18.28612992653342,5.684578281659615,5.3093978388076,7.811382119190178,6.46814722452327,5.393907361091462,5.393907361091462,5.575970851476877,8.005152629288363,10.517550694613432,6.3485840246189715,5.316086263197575,5.508351666075499,5.253484714332478,5.453885642931253,5.206651714676417,5.412969843216419,5.1760153072037545,5.385913091514639,5.598774776334599,5.619498199404234,6.008978299186507,6.043227242743138,9d3ec64c
27.1299999999992,4213,1558,687.1200000000008,15.254329033461774,16.170932715659895,16.062584548799364,15.873235484415538,15.902620339240002,15.95748434374874,10.720419416466232,17.55427500094749,16.31486438615889,10.123291024342219,16.94602692276399,15.027126408900584,14.221804359638318,9.736795716950812,16.062584548799364,16.062584548799364,16.062584548799364,16.062584548799364,15.941829919943958,16.967946970704688,13.04634837364572,16.99665161869571,15.963309919266587,15.856001113794793,15.874537958452759,15.780038155469168,15.796445734242884,15.7140841221741,15.729192315564532,15.658265489914909,15.789111640855678,15.73949795544839,15.912171509363864,15.895176721974313,9d4272e3
29.3799999999992,4792,1773,681.4200000000001,9.726023368828194,17.06587659783711,17.88280909346611,17.94493056763576,17.728610834473404,17.75820022356148,16.61057480014182,4.335652956740387,6.431544711993256,17.971743098378653,4.230051605743964,18.04885135874854,8.665413712164211,3.952764094047745,17.88280909346611,17.88280909346611,17.88280909346611,17.88280909346611,10.194178618158107,17.697215781911865,17.39654915361342,17.73658650046974,17.81690624630748,10.52552017740886,17.753501692966417,10.858872835601947,17.692622292657465,11.194056926024132,17.634294198386762,11.53091273989171,12.401949081880543,12.859268277097721,13.899869682742267,14.211425566354317,9d5e14d4
24.709999999999127,5317,1966,825.5299999999988,12.582789608696338,12.599654522074413,5.099274960715966,17.260991315676083,2.3537698068710315,3.0391611461900503,17.1587235014779,18.04359785384123,18.140412905337957,2.9830656744857915,2.501796434038458,15.450304547391042,2.5709243782427023,11.109925132563802,5.099274960554463,5.099274960715966,5.099274960715966,5.099274960715966,10.86552266733061,14.305310450027397,18.848788028839028,14.248494833547676,4.585338361428264,9.92859341669029,4.155797382267264,9.01994014265321,3.8390854517701745,8.14902703784553,3.6645741307001387,7.329320002118248,5.704359035240641,5.154353689158548,5.3496837532186285,5.748429133271486,9da441ba
34.05000000000109,5882,2175,798.2399999999998,11.02417136714768,13.955359240452944,4.760032868249586,5.4506488352550555,9.303978278559521,4.942153520003255,22.719010801278955,24.32707518462412,13.028850985482787,4.230547211280232,13.129406122598555,18.251790992183114,9.314945471766128,9.33941308282504,4.760032868249586,4.760032868249586,4.760032868249586,4.760032868249586,6.85299154776438,18.400300569573464,18.093134376820334,18.481891626834877,4.868553237108868,7.163857486174053,5.054055572449497,7.48313971251708,5.308475697160852,7.809806065340778,5.622465661645373,8.142967919976323,10.086245896462811,10.457061232432387,12.402529769160957,12.55136079872558,9dede370
25.829999999999927,5658,2092,1001.3400000000001,12.536293718844101,7.965359224709269,9.191094885651726,14.775102351862163,16.36361965196682,15.058779059061623,16.32322015021516,24.425942306529915,27.80544139705371,16.55581341586631,28.16144954023498,10.072702451207926,16.524513911914873,25.02767022542994,9.191094885651726,9.191094885651726,9.191094885651726,9.191094885651726,6.813888857316324,11.974666699295579,14.410130266406924,9.375050386102712,9.033363070715298,6.73165255916729,8.883635413718011,6.663935402355523,8.742323180170523,6.611183552748855,8.609840743905757,6.573757292557079,6.6685352205711315,6.753235575819745,7.612359648744933,7.640740944998065,9def2eb2
23.390000000001237,4704,1740,760.6800000000003,13.954035223474605,12.513121313924431,17.593733046371923,3.3091403125401238,17.822079128209154,17.810340811820367,11.630509686522766,22.85336437384106,19.214170166832776,17.493056777135553,20.823395878194,2.8493252632714134,19.265401937873524,1.7865345844029505,17.593733046040732,17.593733046371923,17.593733046371923,17.593733046371923,9.386636504910324,9.836505972391187,7.249355966291966,12.375675733113615,17.285806463677588,9.521242846040314,16.98188064909364,9.658759904959092,16.68217426920287,9.799065138085505,16.386918838016236,9.9420405033217,9.401332163806224,9.696653206999201,9.469585641014406,9.76771383548132,9df1b1f9
15.910000000001673,4429,1638,792.9700000000012,13.865812491834372,4.695180496170886,3.6707153956381333,3.6332173607848235,5.346712796486937,8.151827427602754,3.6082865441566505,5.921664439093884,9.529904829819301,3.3061097303367095,4.292598609112309,9.781971264593173,5.75123369198086,4.912005175626006,3.6707153956381333,3.6707153956381333,3.6707153956381333,3.6707153956381333,7.200547501743056,5.404031344778318,6.39406288772958,4.636674219866874,3.600009981677633,6.978250115094827,3.541922376663408,6.761581635712739,3.4970813942719627,6.551100592084293,3.466001202501154,6.347422541663316,6.487757680366912,6.163243890217758,6.082568642209107,5.828641805493825,9dfff011
21.079999999999927,4241,1568,742.6800000000003,13.703217190381844,4.40610991669207,5.596615236288454,3.955645960633255,3.7146155089337154,17.041723627286018,16.985276932801096,27.314814472440766,20.010546300168496,5.0555603879203375,3.6825654039365427,12.794203668497563,4.174492423835069,16.52791332429109,5.596615236288454,5.596615236288454,5.596615236288454,5.596615236288454,6.036829550637221,6.524130474514412,4.5797436755712875,5.725526325981745,5.431034563567895,5.689289885934681,5.272542310985815,5.350894959980848,5.121796567071136,5.023493149500004,4.97950091782683,4.709377778135998,3.7501993756201393,3.507801164487062,3.2673678215254474,3.280249314411309,9e3e364d
27.06000000000131,4453,1647,575.9500000000007,9.14227078787,7.715008344876174,26.777382167928025,10.535494362001378,11.602233695232536,26.578771323103968,28.971321358780344,8.163990621336268,24.342606444625634,29.15881499059214,12.203337309380967,14.903050924150625,10.547473301466077,28.716961207825797,26.7773821675949,26.777382167928025,26.777382167928025,26.777382167928025,11.198207431902787,8.435454655154116,8.40251553690036,7.153963981684928,25.742896985646812,11.003595133288455,24.710803960855916,10.810478631441262,23.681415863543236,10.61893953455446,22.655101411032945,10.429064754344767,10.30525145322831,10.019967745472833,9.736105914042335,9.515861504514627,9efc812e
18.51000000000022,2949,1091,482.4599999999991,10.776801979821359,12.145339947267498,10.457318723127392,3.5978811160107806,3.6187046540311743,4.37401249362839,12.354978867723002,3.5754299515377155,3.524416211107143,3.621247643277437,5.137493511291567,26.019634377262324,3.5932460098729595,3.539648657804252,10.457318722983489,10.457318723127392,10.457318723127392,10.457318723127392,4.178980065158838,11.01296588876014,8.621289638378604,12.5824810348701,10.446478840330165,4.37893230492026,10.446386304558915,4.624991658475497,10.457041401132482,4.9102315133518815,10.478411343527199,5.2282430272781,5.636260696731482,6.201625548772616,7.023074209326312,7.50576103490549,9f0c7bae
31.390000000001237,4873,1802,519.5100000000002,18.85086594887055,9.670712888372892,8.034656692168706,2.67148559266132,6.934526414119035,7.38175538505077,7.224235081674164,10.16727725329398,7.5033466108818665,6.7692544117534,8.991546998290678,7.6533218063714,7.455054355353769,6.101106103981002,8.034656692210747,13.350310188484992,8.034656692168706,8.034656692168706,5.148417119756841,9.700647685815488,9.721624025427584,9.713297024850048,8.025400236400412,5.299683676647895,8.026611730535203,5.463831137296272,8.038286441528905,5.63973489732401,8.060378904512818,5.826330244513994,6.256610385599903,6.549158137228312,7.156061841376795,7.384464700334898,9ffce529
16.839999999998327,5612,2075,917.9899999999998,11.686898581331198,9.623688186192492,3.056809879018212,2.3186911606815053,3.4035803607644093,3.4185772790219993,5.187334041334633,13.054992201899136,1.9111579935579328,4.440576567140935,2.7089050273340796,2.7858553914398203,4.315996501192427,2.346673304323986,3.056809879018212,3.056809879018212,3.056809879018212,3.056809879018212,2.6413669584277253,9.16688789879742,9.188142760716879,9.153772664396705,3.0276252140379114,2.6238273929801923,3.0734189402835947,2.6930598162963766,3.190964630626813,2.8427314975328284,3.3727686417739773,3.0610657893781243,3.556701596731189,4.050116306353544,4.973792849903001,5.406673021264027,a0383629
42.93000000000029,6053,2239,950.4300000000003,11.651181034097196,8.943974376497733,11.910653889335066,11.574930764017928,9.761023287223617,11.901885601563636,9.380480277827731,11.859161546168941,20.677455354383294,9.8369769893266,11.406115746466995,15.123487389072848,9.90691076221601,12.288462577596933,12.02411599680126,12.081120129901514,11.910653889335066,11.910653889335066,10.355081891352334,9.062060796423781,11.10627644210229,9.008824128363337,11.60741676727023,10.158531969261075,11.314841374494524,9.972206699788257,11.03377587383934,9.796689494671625,10.765121834961587,9.632571180408684,9.657782701776712,9.414942130274138,9.32887978439712,9.160569517593514,a056d01e
36.04999999999927,3795,1404,792.1200000000008,14.153351853703192,16.8679222818935,18.380332323057925,18.179278268117415,18.42404136496072,4.223618641750897,5.286754361511363,19.56288402605692,2.078312305002195,18.00876798590019,4.917852433850251,11.095360747857153,2.0945929247965007,18.110472778960034,18.377999345658566,18.11975617113319,18.380332323057925,18.380332323057925,14.10959086212865,14.08805530368904,16.41836901481794,17.0726109697026,17.386269429441796,13.337914490943595,16.437459897266027,12.625316814317259,15.542193728985746,11.982342816793137,14.710250126304212,11.42075772965787,10.941833817446367,10.448210484230579,10.223570359615485,10.306060427632394,a08d9e63
26.239999999997963,5017,1856,1058.8799999999992,12.517021215123973,17.707339805792337,2.985165502529953,8.174341835207251,8.096018957155744,5.310461964309623,8.261654410768227,3.962668748237595,3.1181992516158132,8.220995792546747,2.01916534834594,3.56884468464574,8.161301895491004,2.9976574235392226,2.9851655026287167,3.3935120959856104,2.985165502529953,2.985165502529953,4.180404439262336,20.199885756421665,14.91835147205586,20.019385683614896,2.8672494831124262,4.562189996325276,3.0343086459366684,5.03570368644553,3.4451329667648305,5.57763242255621,4.025773987453072,6.169975124176985,8.059088718747335,8.980810076740998,11.392350104978826,12.016723188547369,a0b83014
32.82999999999993,4706,1740,388.0799999999999,10.535532774851854,8.384874605022299,5.3617276374417715,6.931638091163143,5.283527287940316,18.861880912495458,4.569286889281627,8.637078394128995,19.428993412193936,5.378237484565011,16.990365469916007,7.491794790930836,18.25184072801131,6.811319986914779,5.3617276374417715,5.361727637310128,5.3617276374417715,5.3617276374417715,5.555808472595272,8.221997553752185,8.203676411971308,8.257542665934542,5.464984990247316,5.653596230867866,5.575396603647219,5.757732518812891,5.692546204564541,5.867879347233988,5.816026646521537,5.9837048028941044,6.172415220277312,6.362468896290169,6.687594834647453,6.843147429864246,a0e92ed6
10.680000000000291,3741,1383,841.3300000000017,13.948821111702063,7.751404029030854,8.385603637951304,5.8089846515803325,5.837563976648646,5.931519977870061,8.455910365321424,4.406465948708511,5.7048970587866465,5.909136520744327,4.9576987028847705,5.955771037063968,5.833864764906266,5.858682922451303,8.385603637951304,8.385603637951304,8.385603637951304,8.385603637951304,6.274231258672137,6.394425683221084,6.425002872262986,6.57303962865819,8.338185839838959,6.345061697252114,8.292282464200296,6.416275729403484,8.247918796400477,6.487860723589783,8.205119811281698,6.5598045352612955,6.300049542283409,6.44167200362226,6.322182414492318,6.46249269338333,a15bc102
15.030000000000655,5283,1954,799.9300000000003,13.441980479260051,7.270353926991731,5.856773927287294,5.248391885292008,5.834222268314178,5.537587041146648,6.302388436796738,5.920362373331418,5.824451890585798,5.732936802979241,5.402909441438152,15.606556925827654,5.750536269178907,5.584455183513381,5.856773927287294,5.856773927287294,5.856773927287294,5.856773927287294,5.303792707412467,4.404532419000242,6.010045104163847,7.1772435256278815,5.824058060429792,5.288616496817761,5.803050435686168,5.287322537594856,5.793878410781383,5.299920997677659,5.796598168812079,5.326313297734625,4.741594066588764,4.8531934501351826,4.489967945667016,4.667625249598516,a247e7cf
35.659999999999854,4243,1569,655.3199999999997,11.671474314912759,13.384145006975924,23.58944242506876,23.41562387318122,20.762830478852823,23.80388604628119,23.59386931391999,4.085021529388988,23.283851241863562,8.889616652697324,19.35887218009677,22.16105809735626,23.779299260964688,23.599728879222578,15.657677818708077,23.297590332718006,23.58944242506876,23.58944242506876,22.94645365591986,14.53102365398627,15.16048232097407,14.515924527336628,23.06075685569825,22.437682945713,22.53320719212492,21.930836537798328,22.00687512443851,21.42605099427713,21.48185015066651,20.923475472717197,20.32301350159491,19.587805301389842,18.610411502659577,18.058748923287517,a2e8e7f6
23.31999999999971,5104,1888,974.0300000000007,13.572173574489707,7.390349272047574,13.80703831989127,14.320018646398808,11.614859331347292,16.578788916765674,13.499881624892375,20.316418730327,10.710866889664336,15.161673490971259,13.30869112701087,16.30989961766329,14.18672375654242,13.761983630278511,13.80703831989127,13.80703831989127,13.80703831989127,13.80703831989127,14.381138592716956,7.578645368085315,7.5727355368432985,7.524328855499505,13.478474154734688,14.019340431556005,13.150362478726265,13.658228924284183,12.822738027156614,13.297860010536754,12.495639123847953,12.938295740587176,12.275440608671838,11.771180242939836,10.892873641823138,10.532546169187668,a3518960
38.32999999999993,5139,1901,503.25,11.299719409915754,11.813877992119545,22.70960975747306,14.641865058131408,14.279948492053803,2.3613225770325923,22.439688586310027,44.19236058432338,26.613446477720718,14.052671553062542,15.359707539246426,18.560672022929197,20.622974882860365,2.8922906402456032,22.70960975747306,22.70960975747306,22.70960975747306,22.70960975747306,12.4648408684182,13.137767219550314,15.18876668115053,11.958148434084327,22.0319723375058,12.344323652574879,21.36120036047282,12.23208660919334,20.6979613154467,12.128359617066407,20.043003028660287,12.033362746867745,10.540923792024973,10.601366528836992,10.25385836126889,10.326249685258746,a3f71395
25.17000000000189,5471,2024,802.8899999999994,10.613643354256332,14.77634271528338,22.17833506211236,4.799569409813,22.2514533407285,22.210841170716833,6.774058185645339,21.041988104127732,16.089606074017347,22.68977871139189,22.22762326108425,22.391610115740605,5.117370676063163,5.165783550257894,22.17833506211236,22.17833506211236,22.17833506211236,22.17833506211236,22.392152237708416,15.287372605425048,23.143579712802463,14.75297315917242,21.791436679027022,21.995297013011925,21.405745100597507,21.599586077731345,21.02132675295819,21.205083493187132,20.63825278371299,20.811857974757988,20.15187062953412,19.597100951230292,18.70026630496751,18.298486095023993,a4719920
32.969999999999345,4808,1778,989.7199999999993,17.878785111151934,25.72381771100349,2.975063074813757,6.600897075687539,10.965094832695046,3.370038108534872,11.11172481487478,15.022581243809618,4.341653301035247,6.9438715645971625,4.134875288782842,7.082783270842508,5.935224388170057,3.8801884364306014,2.9750630747725166,5.873174347807991,2.975063074813757,2.975063074813757,3.2202435335066992,26.0510933059934,26.163319628219128,26.095235376584963,3.133649591614884,3.4101734296459933,3.7580140760269676,4.022955194185594,4.664732617944397,4.902512155783464,5.721096185775433,5.931328152258631,8.307847361589769,9.976060285884554,13.253744849041857,14.484079042068176,a48640d9
41.409999999999854,4934,1825,514.2700000000004,11.885780770850626,11.471669440704273,20.389917888977894,16.73210279842955,16.643703157763625,16.720863987559323,20.36596916235401,24.378443217695473,20.66184345694733,20.50211128920551,24.29762249962467,13.4222689994711,23.61578465295227,23.645804428913937,20.389917888977894,20.389917888977894,20.389917888977894,20.389917888977894,18.908302850819663,11.487986476284034,11.473290155323706,11.490861999223684,19.630561048501203,18.23043909901947,18.88577527056757,17.5680057508618,18.157353689171753,16.922814944805967,17.447346025935207,16.296914693415637,15.57015724344151,14.732718691725829,13.72172243385455,13.20198958142012,a4cdbb0f
21.719999999999345,5128,1896,801.0700000000015,18.480443351884556,10.046527320096553,11.163841731084343,11.123546627842662,11.291055658494683,4.835291075056384,6.417478447355769,30.89965290252016,30.928459585904374,10.081709976548078,7.490006746195028,13.199750810136068,10.852744049969827,11.049044562483276,11.163841731084343,11.163841731084343,11.163841731084343,11.163841731084343,9.364958835751647,12.550435826320088,4.468309442571203,9.56383815593991,11.096609151150577,9.392812903036212,11.030454075395031,9.42136133903246,10.965396005828213,9.450597851076934,10.901454582723419,9.480516073400503,10.300324550584325,10.268069233446326,10.934959852537927,10.841152474049405,a4f989c2
35.44999999999891,4708,1741,814.3199999999997,14.530071203134838,13.440002070310875,12.865540737442624,13.935917183561106,13.525578477794317,14.117859311912444,32.458651937419376,12.842236975017176,8.869295399677036,13.979815297543096,9.991066576339932,17.368196917095336,12.6552996235784,13.797447084590013,12.865540737442624,12.865540737631266,12.865540737442624,12.865540737442624,13.120482564461007,12.569161283796507,13.094387857895047,15.539476976072946,12.875933598620714,13.114723013179832,12.88831125902844,13.111271050485819,12.90266800655131,13.110128499176529,12.91899724317565,13.111295962997138,12.896232270771112,12.923191332204562,12.774122235441837,12.820139252569769,a5aa7973
19.979999999999563,5352,1979,1021.460000000001,14.82224555602052,11.227026255208337,4.948224861803429,13.62599296685747,10.671193442469379,5.025032965382526,3.0591973420881837,22.37894722031564,11.93547771489557,15.17935231225989,21.971643073265476,14.994609444052092,5.033086467643915,2.9167232713104907,4.948224861417254,4.948224861417254,4.948224861803429,4.948224861803429,2.2521108669603116,12.903902727679005,15.646085973113145,12.648322088097899,4.376854780403296,2.3292451781710373,3.8631811325127354,2.5255238752905096,3.433199872502337,2.8161439222764932,3.1216880809249408,3.175306337812806,4.464485606890314,5.0897619139459245,6.769395016472182,7.202301010314849,a5e6f7dc
23.090000000000146,5227,1933,1000.6499999999996,15.670321379269271,15.456307856472803,5.1485656520039615,6.312556445909016,5.104587752127317,6.280241270891428,5.145209942406579,6.419869677925658,5.066125873526453,6.144142312164309,9.450461255938702,7.496805098979713,3.2156838261099394,5.0855628358163845,5.1485656520039615,5.148565651572233,5.1485656520039615,5.1485656520039615,4.172711241652155,15.12668767595581,8.779821537652124,15.290887952356801,4.733541328795118,3.8088768941623363,4.455856454966487,3.615932023370389,4.341941729290685,3.6212957231441765,4.404522359039367,3.824133646378096,4.4296532868578335,5.334439085594908,7.088270366089643,7.8943317460354265,a612d5a0
26.959999999999127,5874,2173,989.0300000000007,12.469197665259363,10.74293077537645,16.274966637338643,12.860251292768712,14.71699943437735,17.762506489478326,14.13471550189641,19.40439727424256,15.174842930722988,10.46656507882012,10.715396135944175,11.40729594727891,15.729851046170063,16.8422726386923,16.274966637272744,16.274966637338643,16.274966637338643,16.274966637338643,7.939002902119436,9.454272614397075,9.763166745803312,10.683162906177815,15.577546271221834,7.860068140351681,14.899566508042128,7.80644268757607,14.243803632913554,7.77865000306473,13.613468597252346,7.776967048809678,7.733196436446423,7.818832240644045,7.934294521282757,8.096727997364788,a622ce4d
26.5099999999984,4939,1827,1014.1599999999999,14.07820654103271,11.24971485364493,15.51540525214912,10.459563159418598,15.033147732367818,10.477173859019947,10.361256232875572,15.932018330588814,10.62491866107323,6.4162042794088565,14.574597439992885,6.613749837332085,10.300109917438704,15.05718145694372,15.51540525214912,15.51540525214912,15.51540525214912,15.51540525214912,11.404003441463315,10.654471593287989,10.177958236958007,10.763124493196758,15.271824835473874,11.370701738118184,15.0305671760771,11.340011513085535,14.791745928923346,11.31195402182289,14.555481021914185,11.286548898672123,11.107139000835396,11.091723777730131,10.942289420373237,10.95343733312651,a645da9a
34.3799999999992,3949,1460,818.8400000000001,14.728696287585924,9.79819258039438,3.735680051277742,3.1013329313673346,5.210498880117361,3.84723047416765,15.123704634088366,27.717753640737783,28.51238460261945,3.2763344382438295,14.315587113449075,19.646385259996805,3.3616780055992943,3.0245623599251026,3.735680051277742,3.735680051277742,3.735680051277742,3.735680051277742,3.8736964206687277,9.859550977598559,7.219806258181377,9.834276750986193,3.546097799449293,3.8910865158640013,3.4309572117110565,3.960767814574883,3.3978344282082418,4.0800620314662845,3.4490931912645024,4.2447883071883785,4.6843293522057765,5.0740770427258814,5.916752269218816,6.26804855744555,a692b17e
30.409999999999854,5122,1895,684.1000000000004,10.400447894085204,13.068617909811568,7.22263889515937,7.531207777759889,7.5590906405745315,8.11530425139287,8.130146513738955,50.09819398960566,9.072612330417432,5.982909971154198,20.179578083773386,8.606779241348953,9.382258934502493,8.029243543933843,7.22263889515937,7.22263889515937,7.22263889515937,7.22263889515937,7.598560989722997,10.598615065751709,9.2711729333208,12.490441990447762,7.394962850235828,7.765464831878512,7.587068748891739,7.949329185646927,7.797494632379727,8.149006102246052,8.024799472953113,8.363363074334167,8.076614247093715,8.497012787508808,8.628903430147105,9.034982638900876,a6b8ac67
34.279999999998836,5149,1905,768.4699999999993,11.748674908299265,8.757111011105414,10.52568486528014,10.503879002103375,19.643557804629697,8.279065718801014,9.38512491565324,19.024879116892485,16.834487931654333,2.280120009784867,18.763962509501148,8.593907228316828,12.001158816416813,9.772854092542724,10.52568486528014,10.52568486528014,10.52568486528014,10.52568486528014,9.556811348829887,10.997699915780299,8.478337191588736,8.387417727243873,10.356847422377086,9.452525949286095,10.194615116809373,9.354113609384925,10.039308164990006,9.261761546444339,9.891252786461425,9.175652750605105,9.788682432311743,9.605407923533287,10.045082431643502,9.855812510204611,a6ed2eff
29.3700000000008,5133,1899,1214.6599999999999,17.388042090740413,18.825256249567808,7.371071486263009,11.87883395857212,13.059913321085741,15.234793874491025,14.142748868222593,7.860647283398288,7.417555334225036,13.65400553139071,8.738978243164983,13.053240453762001,8.703455160063015,39.51823185863674,7.371071486263009,7.371071486263009,7.371071486263009,7.371071486263009,25.763175149387187,17.816251640046882,10.939378462665495,21.820694247168657,7.775681329255658,25.38231036534879,8.217292005228307,25.00408921826871,8.69026456160729,24.62863350319334,9.189757934178129,24.256071637457193,23.217694377788565,22.73972499169797,21.583284335192094,21.28470172051248,a6f967fb
15.550000000001091,4709,1742,865.2700000000004,12.007534168435315,3.307512799920522,19.098079867640113,17.245625925648127,16.816918809221423,18.737120742659034,19.125627641243337,11.10912205159075,14.293563665224257,19.157556705822092,10.148378016077512,17.21692148885719,18.58533459601881,18.94373098813203,19.098079867640113,19.098079867263852,19.098079867640113,19.098079867640113,18.885800949922523,4.257441605620641,10.053010742791793,3.908963913173745,18.26147802214728,18.057112880334103,17.425682851268963,17.229279270032855,16.590816268940486,16.40242949367929,15.757025876206832,15.576720224874949,14.22041208567824,13.043433279451317,11.155110043207015,10.298217076674902,a76db406
29.649999999999636,4392,1625,852.4899999999998,10.605788895082021,12.947345023957611,3.6061003857435385,5.636920467212749,3.21274896564189,4.165339935396152,5.722928959930644,5.376327933760955,10.438465150818942,10.591154455024027,3.2033579397231615,14.497029048046448,11.663402910413257,6.22249627334817,3.6061003856606213,6.263706784518046,3.6061003857435385,3.6061003857435385,5.057421025420212,10.041137017525939,10.007937742144064,11.071221226013348,3.4247389764948983,5.335610389077908,3.3766519739399934,5.6394408707418755,3.467388711989168,5.964995621124233,3.6867132839253873,6.308912465737926,6.382948673652239,6.927849374157466,7.37428475975654,7.851598719243302,a7744f5b
64.38999999999942,2391,884,524.4500000000007,9.25070301978373,27.24098519210891,20.102442497525836,27.951619021658495,27.941571575459342,51.133044250058965,51.20997746359173,46.33780367265827,44.70795488679581,5.293639485627747,42.565281030935886,27.024435050610975,13.471393754647373,14.037989742525664,20.102442497525836,20.102442497525836,20.102442497525836,20.102442497525836,39.39720280812261,28.125118799507632,28.162919827310315,28.129113182757084,20.40484719778563,38.76578204723277,20.71464955011884,38.13612117840873,21.031522646349238,37.508308832925074,21.355151736386976,36.882439407518376,35.93586511243498,35.03689903126806,33.659888402899114,32.99851639321474,a783cc24
27.55000000000109,4619,1708,872.4700000000012,11.72824214072237,13.93908211069745,10.372958232636398,13.929391107991682,10.492273413276296,10.289594342971204,9.473993190311818,13.543251231662168,9.603180853435772,10.332954430086835,9.499534218744031,11.396293994721672,9.47215902443634,13.969204857613924,10.372958232636398,10.372958232636398,10.372958232636398,10.372958232636398,11.14262609831474,16.064732184381214,15.83773412289986,16.022712230124093,9.841193613029699,10.544943116239871,9.36417252526516,9.99835703036394,8.950651850978232,9.511680730163366,8.609786068921421,9.094537170329701,8.534569320427568,8.437398726266276,9.06613763257684,9.343204302914721,a79fd2e7
31.57999999999811,4656,1722,974.2199999999993,10.951505458861341,17.15900873528273,18.430435626172084,14.451264999129837,12.641045813942265,14.542468746805133,12.223647290633982,9.5686703291892,11.054310810045381,13.94184662793931,13.98811540270141,18.076983945293346,13.944076075507772,12.657231587212118,18.430435626172084,18.430435626172084,18.430435626172084,18.430435626172084,14.40911830582511,16.54904867374551,17.18731652135697,16.391307145421674,18.31590326851825,14.425274676777866,18.206277168724476,14.455526961736583,18.101646465961505,14.499786932032121,18.002098262267573,14.557926826953665,14.601672784458165,14.746344151295942,14.957838216241797,15.120432740462132,a7fc3e6b
19.13000000000102,3723,1377,938.6700000000001,21.89666233527511,5.047310530755505,8.406267239335271,3.030870354562384,3.0618922057142877,3.4905181945900465,21.16886590416712,18.30666361897358,3.583694036352572,5.190317096040956,4.402345470438312,5.555310217134091,14.864901197906997,3.441291002539811,8.406267239565462,8.406267239335271,8.406267239335271,8.406267239335271,9.274360985775786,6.617835167529969,5.681753986597781,4.854115073349056,8.113920399956129,8.953710594827184,7.827938370214811,8.638328424303728,7.549044543008764,8.328812961350536,7.278053820228073,8.025842980831625,7.880587091854421,7.457955909625582,7.177617816318679,6.876913833840423,a85bb86f
31.1200000000008,4375,1618,811.9699999999993,9.15938675206228,8.599848398663864,7.400778398623788,13.31346173498238,8.980440576264245,9.274160988571202,7.9622011560904715,15.190987693335446,10.536447747737597,7.236686009374033,34.187160176548815,10.770842127536099,6.723823901693653,6.776109323280915,7.400778398623788,7.400778398623788,7.400778398623788,7.400778398623788,10.518919207867242,8.718033541048893,8.859962542326448,8.644651051042269,7.304020706401124,10.317252720885692,7.223341539856373,10.12388022249522,7.159284494357255,9.939285812369834,7.112298706378002,9.763967370302034,9.546028841778726,9.331826518872282,9.080710491289848,8.9627255361941,a85e4bc3
20.789999999999054,5446,2014,1025.6800000000003,8.806848022849161,10.091731355691243,14.266681453541441,10.496665049211419,12.99419316240425,13.979015895416174,10.311122150059925,15.119809245701266,31.476835559611786,13.456877832000085,9.72803371460814,5.402195517942219,9.436837623047815,6.00862676538513,14.266681453541441,14.26668145311594,14.266681453541441,14.266681453541441,8.388121130027717,10.910734784110847,20.85783961075736,11.83782995294621,14.010549444086967,8.45951740995456,13.757904781324513,8.532606518952297,13.508943128058444,8.607345333249256,13.263871875159333,8.683691256889563,9.069214121293507,9.160573007924928,9.564006152510894,9.610955247823213,a87433c9
33.81999999999971,5336,1974,752.4800000000014,10.70114392976351,16.864392265932707,9.54626296772822,6.89863976119913,5.229057090284813,9.245931225153353,6.328927429002586,17.075418710375175,13.510151320508587,6.9047530729322695,13.181338727340197,7.207564186917602,9.597815115282897,5.428285320179585,9.546262967631156,3.878507552955222,9.54626296772822,9.54626296772822,8.118385048000427,17.941557104298884,16.150797060505656,17.93302825616084,9.811129460925871,8.445390982941376,10.092716870457751,8.79323186335819,10.389665742148711,9.159534323955418,10.700697291207076,9.542172506379547,10.652443550226206,11.21798759979406,12.613683090456473,13.017921379930593,a8ed028a
40.98999999999978,4212,1558,1411.83,15.423965311609846,14.026069909574074,8.277002278760735,8.192904124743507,8.184169579763886,8.196426159098174,11.415212976630496,11.62359454101068,8.388478859631604,8.181182018267576,11.337404656217359,14.128280741957365,20.087350021656523,8.198444899781508,8.277002278760735,8.277002278760735,8.277002278760735,8.277002278760735,8.195245680205758,14.055910919969659,14.077109897034271,14.019148649967816,8.522805423128897,8.451117175145093,8.775410606235063,8.712881307587175,9.034247273855552,8.980022788121218,9.298795070971469,9.252075836980096,9.8097787078432,10.209680547327638,10.972618497399877,11.269297412806273,a959858c
5.680000000000291,4253,1573,769.6299999999992,18.788527182105806,1.4616781564875685,2.8013285119927525,1.8883278163293942,2.9062722060715425,11.60842706048565,6.138469074254915,5.441473460791831,2.0195884080591893,2.9168727467358684,1.5832658559752186,1.6539873892803014,2.6030086795302534,1.751467275534045,2.8013285119927525,2.8013285119927525,2.8013285119927525,2.8013285119927525,1.6933002195151423,1.5058651615556482,1.3496095785736903,1.234137051900304,2.64618111829755,1.6056880103058435,2.4931937265557944,1.5217689063778144,2.342789528316118,1.442187743441801,2.1954994781152712,1.3677019540801565,1.1926616835196544,1.1197518383097242,1.0303276756611954,1.0167542958033906,a9c9b150
25.61999999999898,4206,1555,819.7900000000009,12.614143676045027,14.519882327700227,5.109243360570598,8.522686265485726,15.66563624670207,5.286439186819316,15.690953926697105,19.260885338225137,7.855333075248409,15.691513219431185,14.695261229224387,2.1846557192811744,7.821799190856989,7.610852743986227,5.109243360659692,5.109243360570598,5.109243360570598,5.109243360570598,6.808957247638289,15.84891847293589,13.117968349868464,15.996580930008408,5.407735835456567,7.028994877917834,5.746705497798681,7.279885455196642,6.119429659255296,7.558557305539327,6.520122138006409,7.862056848867426,8.876487860245563,9.363692893306455,10.68784863427162,11.045028282583397,aa95015b
48.150000000001455,3451,1277,720.75,15.795160945146433,14.738097863340325,31.573246649735808,20.188568140923312,22.69074877860872,17.37111283781465,24.06473173992979,32.30569025955884,28.267208597440703,18.027615934377792,27.43086676079602,7.429570044713729,16.795143524087802,16.951852689645055,31.573246649735808,31.573246649735808,31.573246649735808,31.573246649735808,25.092290662125194,14.874700819064783,14.957283289872896,15.371224683670123,30.53417838224496,24.423948424283832,29.504097463529927,23.76443630513633,28.483978952758356,23.114510150097917,27.47493255696672,22.475001587683295,21.040092028826642,20.231759866360473,18.67458883744382,18.181269671695535,aaaf3c03
28.890000000001237,3348,1238,983.4699999999993,16.159546835618702,19.690033965807757,20.945266779922175,18.073105093252288,18.140132407250363,20.323582844515776,20.3537189847248,18.29659588106493,20.14218871813792,18.31457923739884,18.48592126138768,19.39997442415895,15.626330762449685,14.146927697112973,20.945266779581523,20.037767774097453,20.945266779922175,20.945266779922175,18.939071767999486,15.47192670065139,18.603749469527628,15.550526071843803,20.872213886364143,18.968929217520945,20.80018113049322,18.99962236907322,20.729179147081478,19.031147179235806,20.65921856386265,19.063499522130606,17.862163383967612,18.037020485815155,17.159954060246825,17.408252078214115,aaeffccb
43.57999999999993,5240,1938,992.0999999999985,14.727430411840237,28.634182848556925,29.484944112398498,29.32955462461848,29.67521417256311,29.267501239733054,30.181219186309217,32.07055434462566,31.693936268284542,29.56895566930846,29.06664396065131,29.310358073469008,29.443653884701472,30.085166776445483,31.43555449040345,29.484944112398498,29.484944112398498,29.484944112398498,29.93381054176374,28.25420002825445,28.359816254962574,26.83156588824515,29.434933851803564,29.8588160291907,29.38568803317344,29.784831285113608,29.337210506120066,29.71186385273419,29.289505085474286,29.639921245289926,29.38526998204584,29.30040741283486,29.040218958901992,28.99437775304867,ab112491
37.07000000000153,5356,1981,930.0599999999995,13.20177233012492,16.2414211272137,29.48533950840072,29.58085989253777,20.107782617748086,20.232490171890227,20.189812365687118,22.50839046690729,20.525813930810894,20.167578597230293,9.920103787221068,6.265668651218751,20.108544700593537,20.164108819831252,29.48533950840072,29.467221647020196,29.48533950840072,29.48533950840072,25.649153875995275,16.599880528782215,11.336692822198797,16.57243107040382,28.814597444486758,25.16938969662825,28.144371787228742,24.690271103763113,27.474700328762708,24.21183642320664,26.80562460493394,23.734127014096067,22.896276776138397,22.218969311718098,21.075263873473823,20.584082894947375,ab18d3fc
26.48999999999978,4386,1622,807.9700000000012,13.602555039183942,10.765645968919893,8.308064683359712,9.402698586184064,13.368014312259566,12.390379155570965,9.515504722841499,8.570758592523985,12.323956027520277,10.545124038595503,4.69875351303906,26.345173002049975,8.311329910408007,8.392817217986034,8.308064683382357,8.308064683359712,8.308064683359712,8.308064683359712,6.496956144625911,10.202506754325407,17.84824147201701,12.600340797474693,8.303899157984247,6.695379082384391,8.315018891836475,6.896234830748873,8.341362755555593,7.099316903562679,8.382787219683742,7.304439610672849,7.5461569232869135,7.85771251904241,8.281972579535523,8.52514261988177,ab3ced07
24.649999999999636,5420,2004,810.5300000000007,12.985713638621194,6.554470112081872,10.273045932319548,10.676061988259802,7.618078669882009,19.656946149387064,37.750040649704765,17.267736498830608,11.762025801752966,14.829291760139986,11.147348775593294,13.526410930980818,9.618703505131084,4.415626686505924,10.273045932319548,10.273045932319548,10.273045932319548,10.273045932319548,3.4207960186228523,7.151672923789014,7.157381305943709,7.156225643539678,9.997753407802417,3.36835610147088,9.727936329862343,3.345414561949756,9.464063019207376,3.3525770231271768,9.20664455619754,3.389652657779742,3.6660089108080824,3.838221526730858,4.405174945839326,4.581054264487271,ab6fe95d
21.840000000000146,5586,2066,727.8899999999994,11.620056771162991,12.91512039437822,15.9884047193714,15.823883589399736,10.640966484644524,7.837725194958857,22.108319715707687,7.3413790365198155,7.661231819624045,22.400797079515193,7.379724803524875,21.97702614077892,22.708172897110245,10.6433122500764,15.73091368462224,15.9884047193714,15.9884047193714,15.9884047193714,13.446028698740811,12.822942118551367,16.751314767964,12.79663983990563,15.83351850485832,13.418822270675355,15.678738148592636,13.391682912619416,15.524066816899516,13.364611033161925,15.369507801296715,13.337607043199661,13.25689795306659,13.221993409529771,13.131835730675855,13.10970628040823,ab94878e
26.0,3477,1286,569.210000000001,11.676025135988345,5.913629154634388,18.609489532066284,4.779540609606649,10.347603087103025,10.453507266522786,11.044808926502135,21.26712999214568,20.946973275298042,4.42495626292868,18.836154440247135,11.017568553268964,18.683067112783945,18.592408213423983,18.609489532066284,18.609489532066284,18.609489532066284,18.609489532066284,14.09524411693986,6.025020134054497,4.972321916962071,5.9849755974379875,17.743632253046755,13.489470227950537,16.88296643785388,12.890037256977418,16.02832839928193,12.29787246163839,15.18073621837144,11.714078146402253,10.649374274516521,9.876333246944295,8.600665995259973,8.117925198183721,abf460d2
32.69000000000051,4912,1817,928.9500000000007,17.21734925762973,19.89666409428012,9.93557640966991,37.36610770947989,18.884933963172823,21.373456758424,9.942372651727032,20.41863865695592,21.484691619655745,20.932110823092266,37.97770828751182,9.964481702913629,21.420440376981247,10.906263426201452,9.935576409513958,17.4249992350436,9.93557640966991,9.93557640966991,15.832901071321931,17.984606881169412,16.852246983706568,20.16858542207501,10.391035515807905,16.024732894811198,10.854540421668597,16.218022962603026,11.325103293872782,16.41271975422079,11.801879919935379,16.608773798667702,16.45595396249084,16.78505141146636,16.882695395358603,17.171897284219526,ac6f01d5
48.63000000000102,5247,1940,536.1599999999999,19.369596459282665,19.600076282509242,13.21589609016471,13.21393455924997,13.198423557291099,15.696170709486134,13.22010681879469,13.116920484975987,13.159542559455552,14.870222252217172,13.24734639188136,9.795345429414846,13.218915660773687,13.1964921441808,13.215896090126467,13.21589609016471,13.21589609016471,13.21589609016471,13.200997351599002,15.922988088499176,13.19810333339653,18.138067096757982,13.343485770353643,13.330421306863931,13.49752783853734,13.486185519533946,13.67712854408437,13.667389437025191,13.881295864636506,13.873036246133859,13.735579696740096,14.10175734934603,14.238469138550528,14.621908000120158,ad2133a8
23.51000000000022,4029,1490,620.9000000000015,12.020149689374781,12.857051576064004,14.915310272947092,16.033380682566325,19.47127463100151,9.058052897735612,25.29334277283126,12.350723778272759,12.966629812011078,15.618718511182811,16.249589306261857,7.316390652380257,25.896038168701462,15.21146059149314,14.915310272947092,15.282667286588,14.915310272947092,14.915310272947092,13.714316798217448,13.237888388255437,16.54840328410656,12.86951617147958,14.80063220379902,13.665934661152026,14.687028381815285,13.618098649556446,14.574523927266057,13.570814538568996,14.463144495126668,13.524088117007468,13.533981549777057,13.461441116668553,13.431243046025989,13.371302280797197,add9c322
38.159999999999854,4921,1820,903.7999999999993,10.801040303659356,12.144547888914419,8.568347042768805,9.23772615620446,10.480574919704702,9.276736012478269,9.292762309341075,13.67053034167603,9.417167000830382,8.486039218046006,10.03278912194209,9.181038518492796,9.310154327603135,9.33642986178352,8.568347042768805,8.568347042768805,8.568347042768805,8.568347042768805,8.682170500566388,11.879762927857865,11.876608745668962,11.876381969660942,8.680955126679258,8.836526558656123,8.802658056336863,8.993508817192597,8.933084119238925,9.152982151743226,9.07185708580571,9.314818618604116,9.555475532755603,9.801171707468022,10.18496446889879,10.37533567801223,ae069086
24.94000000000051,6695,2476,714.3400000000001,8.400144051866937,7.378880097019108,5.363292370497236,10.9810699899187,6.717659576391548,1.8331631346454882,10.841703429330163,13.374450004110303,12.51827689298621,10.809840889729188,10.641948394788526,2.0482571460488592,11.035467356151663,10.544811533144438,5.363292370497236,5.363292370497236,5.363292370497236,5.363292370497236,5.039900183242942,8.885730945097924,8.36692263701148,8.98558430251741,5.164456113894382,4.865601648294088,4.993378568576789,4.720400800270705,4.852996268469888,4.607049685319268,4.746033787313609,4.527940885578387,4.220916572612879,4.373209184543467,4.901253018170432,5.1129957617613915,ae0784a8
20.43000000000029,4722,1747,1153.5,15.169250876032283,5.914339894811472,4.914054229299837,4.90787764569097,3.730646010836743,6.31525810266563,4.752084513827238,11.096326040534802,8.61379082546366,3.655268865324651,9.075510718666527,4.229097059023741,4.444983316729399,3.8460531620124585,4.9140542293784835,4.914054229299837,4.914054229299837,4.914054229299837,3.628921898140678,3.81338220224694,3.948165723397934,3.993082365389929,4.582281758959327,3.4343297355626166,4.270285190423507,3.2679715273646477,3.9827148323322197,3.1343461289552197,3.7252317515663784,3.0377761586168486,3.0979934050499236,2.9954889685704362,3.0188393457544924,3.0613071565009142,ae35f33a
34.210000000000946,4851,1794,999.1300000000001,9.900929896013093,18.629817442991836,5.305602774178966,18.598111974030793,5.798304060832231,3.8349172935813334,5.6669439132368815,26.346871327926486,14.10593224838708,5.636526259989232,14.332786307085959,12.310688801242753,6.732527122047492,5.7242249156848555,5.305602774389149,5.305602774389149,5.305602774178966,5.305602774178966,7.127346170990026,14.358086100406082,18.82123823665798,15.85836839575862,5.755401180618092,7.6549142528573295,6.265356095880778,8.193581136031593,6.821990440654778,8.741295229172982,7.414798880779672,9.29645758184471,9.153658060460977,10.07238145002589,10.595611990477801,11.383478923828074,ae8959c3
16.659999999998035,2935,1085,309.4300000000003,14.48948654727105,7.142813994126739,7.638465006137867,7.533800459899542,7.662038486489864,7.599879158300386,7.530915330324203,24.718425496933463,8.017461329273994,7.58510669787084,23.52896903554367,3.7583347090497954,5.084011643242856,7.658898749691197,7.638465006137867,7.638465006137867,7.638465006137867,7.638465006137867,7.668064612480003,7.323115496783155,18.39500145422334,7.348360741535727,7.590518802858766,7.617530207793071,7.544806437601358,7.56932520514846,7.501368748631184,7.523494379949123,7.460245469337269,7.48008137242759,7.479490520826021,7.4197696277396386,7.3932369955097945,7.352679792299871,aed44918
14.039999999999054,5217,1929,535.9400000000005,10.266882349272485,4.654545660299762,22.39776301058939,9.999274868407637,21.381219075258453,27.844797899865846,27.68239406147437,28.004217746992715,27.880850780809762,29.574538259276192,40.47654686747153,4.1179176095909815,12.564941159625915,10.128017661332501,27.761800437572447,22.39776301058939,22.39776301058939,22.39776301058939,17.853435225341016,5.262581991382127,5.179047431550831,4.6485025547521905,21.114717469151525,16.8041325449112,19.83313373821773,15.756809333132127,18.553314747138163,14.711888344692063,17.2756527079911,13.669920464470778,13.8674046615657,12.189126084202242,11.253551954448245,9.858891920082229,aee6393a
11.169999999998254,3161,1169,592.2999999999993,16.120729808073612,4.4444060685443025,2.1601403315670593,1.7137956515338943,0.886882290447918,2.0798742173405707,14.70379911647059,1.0665878683385737,1.3436221406579534,1.8872016181893483,1.017531735345614,2.1100120366132544,1.3092737092066842,0.939752363700423,2.1601403315670593,1.7806706352626156,2.1601403315670593,2.1601403315670593,1.0838800717169659,1.5731590979971544,6.626114207964465,1.6082795702892234,2.1101729118179042,1.126987472370749,2.0835826617640993,1.2054675927280007,2.0812657744656375,1.3129927922778406,2.1033024662304176,1.4430851081121185,1.150117433467112,1.2453542762092829,1.2396268513606619,1.3074532897847924,af7a59ce
18.420000000000073,5638,2085,703.9400000000005,14.599331062840921,8.781855290990194,6.756127350005468,6.682504821561634,5.8123385086056105,6.268185149087181,15.528988144424163,11.05245486909646,6.111842914437499,6.42925194822377,7.335961279956906,5.4534033593152875,14.32862809944086,6.141492830236317,6.7561273499186605,6.756127349949768,6.756127350005468,6.756127350005468,5.036294204460175,6.067633946883115,6.00565629241764,6.1325172141662305,6.654042763000989,4.942066785521166,6.573969684265964,4.884174939858561,6.516719552267335,4.863916272475609,6.482897040027728,4.881759324268275,4.721183326155349,4.830039888504764,4.831139222457514,5.048742498951161,aff4e561
31.44000000000051,3817,1412,818.5799999999999,8.408211106977442,13.175874998472814,12.149942573308003,8.843240194036898,22.554360410422255,13.505538391590807,12.219882060680321,24.005140000614862,24.03929932759992,22.75401033967283,12.448493922126138,5.556621607635105,11.734207141955427,22.7240127394599,12.149942573308003,12.149942573308003,12.149942573308003,12.149942573308003,10.925383420870695,11.483329444103859,11.80073882137962,13.193115677645213,12.090134771820123,10.603773508805462,12.042050003572665,10.321353372255722,12.005829125803565,10.08141712854868,11.981579734288708,9.887058221763521,10.283577334322597,10.02238654388399,10.244282063411026,10.15335478426645,b04b58a3
32.93000000000029,4641,1716,440.03999999999905,18.133454985832113,11.363643530577605,8.153367383319674,8.14174020306511,8.052657165845682,8.228001994096546,8.213280678212385,25.66312243852422,7.621895583172897,8.353083207332613,7.270296435662876,8.409426120079175,8.283542862064774,8.084428639369113,8.153367383319674,8.153367383319674,8.153367383319674,8.153367383319674,8.041113298901234,10.004132210236696,10.004132210236696,10.299770521037651,8.076386960323978,7.971218714939539,8.027448479596394,7.929583308601394,8.007066127267084,7.91665295599747,8.015457750774491,7.932568028978058,7.957577095124663,8.068446338864158,8.2540243946604,8.437731362110382,b0d42b0d
19.979999999999563,3067,1135,368.6100000000006,13.921139892242376,9.753236473859083,10.324336648761248,10.102618327726061,10.324937873469034,10.384818031307347,10.382831932331426,9.569437097986278,10.261399062258658,10.96431159867364,10.159943444659351,19.039208647227905,10.42479265603271,10.35223935945681,10.324336648761248,10.324336648474313,10.324336648761248,10.324336648761248,10.333098126362243,13.553770790485958,16.169197420507956,11.624253859749567,10.2745581208742,10.282585507939002,10.226864033597206,10.234184238645545,10.1812836805725,10.187924410613531,10.137845572265,10.143835321298514,11.200728595903874,11.031798199688543,11.832384368409839,11.606216089343565,b0f53bf4
25.81000000000131,5253,1943,616.2800000000007,10.444025639088233,8.503780801013155,4.075341635880453,8.409967485568782,8.11999787014163,8.201182197250878,8.099384051178902,8.478158394133859,8.075347856602624,4.108151143039536,8.2998854074993,8.29437712665661,15.289551481337616,8.209143749910622,4.075341636057683,8.319394579975805,4.075341635880453,4.075341635880453,5.60376549955763,7.261405961859148,7.345434405516477,9.14947546969979,3.9759831536785515,5.38924157842441,3.9224827032663043,5.210491997770247,3.916719929532062,5.071301014397982,3.9589033058730605,4.974990065322122,5.016764307580045,5.0018795443178785,5.198749108500325,5.33580934038399,b19b0395
19.3799999999992,5520,2042,586.7099999999991,14.119559542079617,8.836946119616735,16.59339276005458,14.143253915717919,13.136748061867284,14.112842855314446,14.221365998396417,17.254116165592343,14.302113675762914,13.86332829684744,14.355899504993248,13.494886469390817,11.910244182757626,13.948956511509877,16.59339276005458,16.59339276005458,16.59339276005458,16.59339276005458,14.510990197672871,10.617138994793892,10.616493250181543,10.505485887472094,16.191112585185316,14.216504959129628,15.789670241355738,13.922731383450788,15.389131295925413,13.629715488051842,14.989568168682402,13.33750721017633,13.325820862209385,12.859968340300727,12.542549689485856,12.157555357026208,b1efb8a4
27.93000000000029,4188,1549,820.7299999999996,13.129728353635349,6.630233558418023,4.567948720830305,5.829293516576897,5.652360639586772,23.176761341485435,10.832014953197309,20.53884128526194,10.701053034280507,4.65790476170011,23.008023644738063,16.90127567439537,6.2071165167095215,5.619555953846214,5.492913427444868,7.3461735255626825,4.567948720830305,4.567948720830305,7.58041872081136,5.155063978529622,7.193715904842468,7.193503801601444,4.387168916758141,7.202534409491302,4.233238029838378,6.841579835690026,4.109174473715351,6.500375848169081,4.017746012213833,6.182193500524086,6.077030215447645,5.647907988407062,5.348529944782297,5.1288823746615595,b32902c0
22.459999999999127,5417,2003,700.0,13.970505489949797,10.627860416798141,30.87798158638531,21.977851665659266,14.019521187625292,26.810220798380367,29.202440900192737,24.3310323620849,23.484279933662346,8.792019847285665,24.166104927436475,18.745125285430408,21.499482030807446,26.037200026523035,15.748351264086224,30.87798158610427,30.87798158638531,30.87798158638531,21.36640838598176,9.418772663867774,6.766842729933561,8.82325831638715,29.802405371860985,20.797017481034846,28.729139475211106,20.229367105669404,27.658452848297397,19.663607997645332,26.59065705985089,19.0999082216037,17.501327593851578,16.77412740841034,15.004582907751466,14.543653093070244,b32e4903
57.960000000000946,5699,2108,826.8000000000011,11.232986704173083,13.060849283822954,32.4443178225808,21.063185792874833,29.17961057160632,10.912499484433708,20.298393639471684,34.906616381496065,34.12722024371115,10.977000962114849,21.770175219863713,30.238899735851316,21.097173689434754,32.58296047789593,32.4443178225808,32.4443178225808,32.4443178225808,32.4443178225808,20.845547682643218,14.02713521240378,12.67305002542119,15.21124663809505,31.096873650357793,20.192525802556403,29.76184516927292,19.554310120777842,28.440980822277034,18.932398058021235,27.136349009883403,18.328449308936154,18.524371053754145,17.553413190945346,17.081501596902214,16.320458431760606,b3388334
48.51000000000022,7144,2642,840.1499999999996,13.827974577960452,31.29121971104792,14.480160307707392,14.690453284009534,8.451966628211473,13.224289284837658,45.62140539368532,18.455980241400958,17.810318853199735,31.39032118721781,18.078993752057016,21.187494168214347,14.117802756838616,15.868044121380194,14.480160307707392,14.480160307707392,14.480160307707392,14.480160307707392,8.046555157557323,29.677127424116104,29.650836732054323,29.676431893884672,13.90649544805326,8.178687119690196,13.522949263734905,8.580310133681095,13.345923196444271,9.216259917598057,13.383614727502641,10.042116193187812,11.681271231517332,13.357651117434413,16.33032348369267,17.749939893532684,b37fd114
24.770000000000437,5806,2148,758.75,11.003966012393022,5.802794820595595,9.03688295269132,9.027041524341204,10.352607973520994,3.828215383292521,5.294271300804837,2.415023879964516,4.49536324781022,9.528596322717002,4.866874831709845,10.222549827679932,10.860716140511231,8.588236767363751,9.03688295269132,9.03688295269132,9.03688295269132,9.03688295269132,6.8355462929815465,6.391233094788697,6.400447230487495,6.332146724386863,8.539315120718655,6.524225146471173,8.05248541633639,6.226993385287721,7.57846352823194,5.945964320375972,7.1198080687801175,5.683541941269771,4.98311546398689,4.775091628071073,4.452162250161503,4.462814073011532,b38e3116
54.69999999999891,4314,1595,817.1800000000003,18.983361407975572,16.962166528013473,11.400165422258977,14.517740538434197,22.085432140347386,13.600645412408873,25.79037793754582,23.542028932383907,23.427474337888043,16.30336676961883,18.340257269799995,16.615948350763304,14.571741169309027,13.666264328469063,11.400165422416794,11.400165421972758,11.400165422258977,11.400165422258977,15.255630804552338,17.89137224829937,17.987066715589425,17.793753499665673,11.499466422130835,15.217702959278036,11.623363997632271,15.193213290793611,11.771081493988302,15.182226828532935,11.941734997213384,15.184772881976905,15.060031561180242,15.174265883656513,15.432306048801705,15.56507420253932,b4d8dd4f
38.51000000000022,3284,1215,681.6100000000006,18.094230432356554,18.19759745840661,7.490498764282589,7.326942133399906,7.551797588882385,7.696133734651277,10.170756824426876,9.815972031057873,7.571655835748451,10.110718859809618,7.766930093113152,16.11584146534456,10.261235088181444,9.640417542201863,7.324438189615741,7.091280545042277,7.490498764282589,7.490498764282589,6.185850274445114,25.196455983997147,28.487283412073456,15.835542881814295,6.586293117075274,5.546284677466355,5.782591986099795,5.058572679421197,5.1268812058308475,4.7695277655438515,4.6817602979046224,4.715822980501872,6.510228014986222,7.494449507936596,11.331178430947162,11.999921211987495,b4f37e6e
15.229999999997744,5425,2006,891.8199999999997,19.081713499345984,10.162635317173207,7.3244107830690925,7.22647012231461,9.922521194845613,8.469837539897869,8.067569543560577,12.15175242646895,11.112774454388836,10.612556798160695,10.847250663190225,14.472446293694414,8.306162284020585,10.299876987634269,7.3244107830690925,7.3244107830690925,7.3244107830690925,7.3244107830690925,7.346667645176716,11.70950128135482,9.419811950337142,11.924352296700969,6.999858501605381,6.687254826008466,6.715625986543292,6.057957818525663,6.477023495793235,5.469182110503685,6.289246533906768,4.935451062308483,3.931389937942488,3.783654325355362,4.4717007175669155,4.885831479453737,b56bc0aa
36.73999999999978,4379,1620,775.3999999999996,11.945137605143243,10.509644686931008,10.579635033959969,9.782236003842863,9.162696569388286,9.691535130120487,9.622277499187577,11.99930366010369,7.615926145975301,11.665803690037295,8.562567347281439,14.452101735984733,10.00387806264672,9.620754509635443,10.579635034046929,10.579635033959969,10.579635033959969,10.579635033959969,9.778831556769289,11.407954632092558,11.27968785452254,11.409308058233513,10.558381098094582,9.791406665486768,10.538959525126995,9.80662401703667,10.521380462217317,9.824471333530516,10.505653158564096,9.84493431184358,10.099093757875915,10.122761660699993,10.398804483971857,10.402358196486217,b585b4fa
37.06000000000131,6385,2362,357.53999999999905,11.965451374348419,9.846106139386553,10.31212074163859,5.726435770296753,3.42616287401604,3.3913192082071877,11.023618913513676,27.593125717723158,24.281808345691505,10.17790295649581,23.76112735376208,21.199695491770946,8.937460015670416,8.277514898008079,10.31212074163859,10.31212074163859,10.31212074163859,10.31212074163859,8.581338193515137,9.586261071515043,20.33428616434924,9.58569062515365,10.182473534416172,8.580498940122096,10.062601520917855,8.586893531938681,9.952857904099329,8.600505833596435,9.853581102845146,8.621301656714126,8.726914244406094,8.758847633862324,8.902084970825527,8.935691789704817,b5aa9634
19.149999999999636,5234,1936,536.8899999999994,9.352308800050222,7.8800014341500475,7.792729530439054,5.2735407718362906,5.557575589068675,5.368029755828952,6.6454253950540325,5.471860510058317,4.833500074946936,6.713540417504684,7.375045124715176,5.5499561717955075,5.2474179504144915,4.50408759879473,7.7927295304926645,7.792729530543528,7.792729530439054,7.792729530439054,5.695110078732738,8.195909302161438,8.303078944921907,8.232067295890818,7.786050766395324,5.769175836700811,7.78053280595599,5.848010496966958,7.776178120234515,5.93142391188464,7.772988664345635,6.019225729634556,6.110406794394722,6.270951824095692,6.575226289895959,6.698551424228116,b7974e66
23.950000000000728,5563,2057,886.6000000000004,12.344054605857872,6.973653546694702,13.182428314082296,3.7415113438343184,5.8566856666605105,10.921436194494612,11.288398499242378,13.14352976721743,10.100344531778779,10.883045653533063,3.780634755822194,5.456065767041916,2.065204330821775,2.089297016522198,13.182428314082296,13.182428314082296,13.182428314082296,13.182428314082296,7.67018716913919,5.907841107715695,5.311473662900534,5.875185831659458,12.854297320798992,7.5987156985363,12.52717679879337,7.530629338041902,12.201148022467375,7.466020699747219,11.876300904121166,7.404980813841928,6.821683102418295,6.80514484031035,6.385509525629544,6.43042464897705,b7cdcecb
24.659999999999854,4070,1505,992.5400000000009,9.05150394228746,16.788776902357455,3.5950187521643158,16.61958472405356,15.458849786500554,13.365247474495566,28.27090384865925,23.793286971131167,21.248322257185816,3.633704714505834,3.6141482103890463,26.83590282063076,19.381476412301975,11.302088014366426,3.5950187521643158,3.595018751951585,3.5950187521643158,3.5950187521643158,12.719811188707922,16.915266974124407,17.060162190195644,16.927184750785663,4.004609708927086,12.903530748679481,4.498605228711315,13.089882810738334,5.052307401303224,13.2787565429356,5.648183968433984,13.470045870940929,13.889091104216446,14.164537020982715,14.717166662833948,14.917989086506468,b7fea9ef
9.959999999999127,3981,1472,835.0299999999988,14.57372023510911,3.3252565952507256,20.235993294933596,19.86213038315332,19.922542814033566,17.924199037980806,20.449164940631764,26.71495865980656,24.06119033656679,13.67916554018296,23.910231944352553,14.490448959378945,13.996187339080281,20.397662390603045,20.235993294933596,20.235993294933596,20.235993294933596,20.235993294933596,20.20043699692233,2.898861750304511,2.8465256832167567,4.1244876612407735,19.087419237100878,19.053513173160702,17.939369531709882,17.907112593894954,16.791951727525735,16.761342622185147,15.645304855003376,15.616342061556933,13.533512731387951,11.91340799241556,9.12272355307424,7.954523845365599,b85f7b06
27.4900000000016,3973,1469,743.3899999999994,15.88574537027306,18.937435786044222,8.194470490093737,8.497644223167995,7.960727387973248,8.295018159270851,8.340909124575402,11.717785331623817,2.117976956569229,13.89449176021288,6.076293024557657,10.029491476858691,8.215965260864127,8.164239545904893,8.194470490093737,8.194470490093737,8.194470490093737,8.194470490093737,8.272490558280214,19.675079633138168,19.542982875259906,19.75410650563246,8.682811770766486,8.755438664076973,9.181482362854686,9.2489457720731,9.688887501233213,9.751408878712034,10.203724229073018,10.261512455560666,11.520135200030216,12.237742540955644,13.801527608905804,14.305836597338013,b881d27e
32.13999999999942,4565,1689,1094.3100000000013,14.120981572367947,8.013146086781887,23.540108361015356,25.23685184791251,22.922290479101967,23.455726456009554,29.650738117396724,9.215874860642382,20.67552452870237,23.832861798648814,6.232422886328497,4.288139071138293,22.91270349948952,23.899303166366938,23.540108361015356,23.540108361015356,23.540108361015356,23.540108361015356,23.149018485864705,7.865301331693165,12.270915804327151,7.849175669180224,22.612373630504067,22.23961420273346,21.6894145127756,21.3350949014764,20.77186760387149,20.436109232547544,19.860483044044827,19.5434208421975,17.689448326049494,16.487601192889908,14.238385490840878,13.444688309563045,b8c49c1a
11.399999999999636,5469,2023,886.1699999999983,19.70635273636236,5.664917691224337,2.9905106128412986,3.0533622160092406,2.710298284429994,23.675245517366136,19.714311548684673,12.425874938189475,3.664786204818784,9.668526721979736,3.3256235475709452,2.93366100689312,8.435249941149534,10.713177442120102,2.9905106128412986,2.9905106128412986,2.9905106128412986,2.9905106128412986,3.3825519556610244,5.927475417063698,6.234053235870815,5.564002444599662,2.7207289825544017,3.42015091208709,2.4790318952213495,3.469144771197121,2.274390588387936,3.5290589792451152,2.117575601859457,3.5993482420875265,3.901664987040028,4.0162641645265555,4.396362306377855,4.4881837226095165,b95e7121
54.23999999999978,5471,2024,922.0599999999995,15.038232965613004,25.25926652181929,5.739998118521013,5.546954237921018,6.404359469459353,9.492629512983152,10.384379397818025,44.813667548662025,43.997806492772696,9.940435725816359,10.469499725780423,8.259833203986286,9.347858146157472,12.649938112044078,5.739998118521013,5.739998118521013,5.739998118521013,5.739998118521013,6.117275013869049,25.66712797332135,25.73588366617682,25.725081051051923,6.434466349793766,6.871272962447564,7.221620766144374,7.690120642826044,8.074399435917197,8.55521733946893,8.97411368820693,9.453875226461115,11.438378792120416,12.770137122243797,15.407743468835738,16.378022278613884,b977be4a
104.98999999999978,4040,1494,446.6999999999989,13.901203509155147,52.532586404832465,32.03804829446559,31.44249393619211,52.16816222738158,31.71271769164828,49.34484293207689,32.408210821270806,30.90831985963547,52.982350476588365,44.61998854165555,63.438934784437556,31.44792132700609,49.523781302687,32.03804829446559,32.03804829446559,32.03804829446559,32.03804829446559,38.77252666444386,54.85922293484389,54.69073479304351,54.555595741027936,33.03994414725205,39.45590759962249,34.04553235077064,40.139924721520885,35.054495145414386,40.82454605213761,36.06654931943449,41.509741695791384,43.57736950617771,44.46908028088206,46.79240861424875,47.36414780610842,ba48188d
12.640000000001237,4135,1530,840.6499999999996,12.907662665749053,4.3627507768593325,3.3942058521422864,3.7051741709028976,3.5537865146390883,3.688271709719499,3.7914114504426943,3.8600472815805316,3.659033974131447,3.546214349490315,3.476190344030803,3.8681525783521273,4.681187513111523,3.5262884090938695,3.3942058521422864,3.394205852304345,3.3942058521422864,3.3942058521422864,3.58267649215443,4.053490844817274,3.8712941791507154,4.065210245607001,3.3651308029531393,3.5670505080258867,3.344817833279135,3.5575987888637326,3.3334271279330023,3.5543705904979914,3.3310502186584565,3.5573828558380156,3.5697389975478906,3.591788561962737,3.638545502966496,3.6763585468745625,bb2cdd83
30.0,5998,2218,536.8299999999999,11.460967760193718,9.979042295149979,5.460375570614497,7.259952240386609,8.966400404007928,9.805325877873472,10.25591346090502,19.786469568001756,10.059897234038534,5.431090818243211,8.66521411065255,6.272648346857658,9.849837753480474,10.086125749400132,5.460375570614497,5.460375570614497,5.460375570614497,5.460375570614497,8.776732912799122,10.325938572471665,10.87613591818458,9.103136259731974,5.5395064971322405,8.820919618986402,5.641996638894514,8.866963401041227,5.766600636140464,8.914835484457617,5.911920390371921,8.96450657890667,9.140889213058951,9.21006143724093,9.435379539101318,9.479860575778465,bb337fa0
40.31000000000131,4330,1601,811.8600000000006,18.69571251749963,23.760450399012065,19.061004666176252,16.538211387826507,16.53940166055877,14.193997739202485,35.24722194144329,19.155872012969564,19.100696028276552,14.061314233474109,18.60739652096706,19.10608213066972,16.545193095347962,16.541182075924358,19.061004666176252,19.061004665823287,19.061004666176252,19.061004666176252,16.11496055279922,13.799086967318763,21.79173201105293,23.206529347682988,19.28239141740127,16.487349127809292,19.505510294674774,16.861198088923057,19.730302535176186,17.236412411326757,19.956711592730176,17.61290483481947,15.381315427766522,16.199359461440164,14.909284955032925,15.771127285172394,bb682ebd
21.219999999999345,5026,1859,869.9100000000017,10.747603674640661,12.640097003907634,16.762180108892718,17.938211329948135,17.24059518997479,20.413006656562242,20.818993042924674,18.487971051968866,17.86603668012576,17.746726836035773,15.133222658149172,15.585380997335168,18.185513075682678,20.82573594934733,17.1899781551741,16.762180108892718,16.762180108892718,16.762180108892718,17.599985007572165,11.520377647199668,15.329068097914211,11.522472396811875,16.524911396780755,17.33196823130861,16.290125557895355,17.065487870990708,16.057931500184132,16.800617035642183,15.828443283826724,16.5374330620344,15.686517713358684,15.358042166114053,14.444494661952142,14.249312496789688,bc4381e2
27.590000000000146,5759,2130,944.8899999999994,9.260751155182172,7.588882557985811,12.262093494229303,12.373513851579075,8.5167733762748,12.541932347050363,7.411607842413485,8.883226424790044,7.188493001302217,12.582553550161183,8.061333578157358,7.529244597454748,12.465190050240647,12.470690078721807,8.98432007684638,12.262093494229303,12.262093494229303,12.262093494229303,10.553998445532981,7.492396662243738,6.925106274215974,7.571137465485103,11.942138604188804,10.36231379652752,11.627439355657103,10.173844460868217,11.318434142793452,9.988772440948116,11.015602156369663,9.807290069483821,9.426732245932804,9.193345619954787,8.7567167739091,8.61117249138381,bcebcc5f
24.73999999999978,8483,3138,681.880000000001,6.515425736153152,7.015820705695716,10.80836122511753,1.593566846194851,1.52634474786936,9.388112041065996,10.628631977098989,8.431089812095895,1.6544109368985,1.886013163239597,11.205525504199144,1.520553453142868,11.163062954844012,1.9904383666178274,10.80836122511753,10.80836122511753,10.80836122511753,10.80836122511753,5.027696700164027,10.287327697876378,10.971993646702241,7.831490189921141,10.581486864186834,5.018149173416602,10.357127700019474,5.022153455682609,10.135450763795541,5.039677244242252,9.916635933084363,5.070580371888433,5.681523036168139,5.765877063085596,6.717198236053518,6.724165291150019,bd2c2f34
22.299999999999272,5041,1864,890.5300000000007,17.53429605799772,13.766865975592872,15.25684113960395,19.092638916382032,15.1928610637502,13.528032607910829,3.7809168563920434,12.60630510963838,13.724508818505683,24.507549044271745,13.510182192877176,15.857860693560786,20.867928541098625,14.106520238339387,15.256841139471815,15.25684113960395,15.25684113960395,15.25684113960395,14.22630619784307,12.778723840023188,14.254848112254388,12.124774027143467,15.173935201512034,14.199265024328444,15.091831626846169,14.172638696493953,15.010543581733051,14.146429556794528,14.930084386831277,14.120639928246952,13.778969268907273,13.772209838163315,13.486629508574802,13.51008735247869,bd4ae5da
16.23999999999978,5095,1884,941.75,13.117002601497322,10.347290431499806,5.956095041296653,6.417200732241581,4.797234936514439,6.216259476400808,6.035281864105888,14.071812609288862,7.008798598187787,5.668004712940039,5.220906775180457,6.731089601711189,5.990015216983243,5.504408951729219,5.956095041140693,5.956095041140693,5.956095041296653,5.956095041296653,5.065857544948491,9.37639063994125,5.5955946098939995,10.056535099821165,5.499875498283533,4.7345142485873835,5.094029914339019,4.46526560456279,4.751483868817011,4.269874461076199,4.486758859017222,4.158764017380025,4.2655725703788425,4.432053319598684,5.066169067674476,5.434168524636665,bd6f0e19
24.520000000000437,4498,1663,770.3799999999992,12.450910298507365,8.296889147131234,7.86506477344237,12.387774069264076,11.407415636897799,2.8995539545564615,3.15269940603326,2.931062524263525,5.62476510519027,13.224239963489088,2.783322754618942,11.58462248134563,7.579993096288981,10.822937416560224,7.86506477344237,7.86506477344237,7.86506477344237,7.86506477344237,3.842012122933674,12.703834571809919,12.497839856925731,7.706162653439015,7.750060353037469,3.9575391269720552,7.64809726440827,4.093036021123691,7.559703219098853,4.246591684972688,7.485358940004377,4.416322808343632,5.881225914807465,6.086038897416003,7.701438625469469,7.738436523093488,bd8f847e
22.649999999999636,4773,1766,861.25,20.109602294856888,15.112989786160695,13.7054509506491,14.16645994047362,13.80618271596764,14.17962638248954,19.736276754717473,11.205806450301132,11.960720298316224,13.729204770608485,15.853650695928778,7.92243630686329,13.240289610713573,13.937905611536948,13.7054509506491,13.7054509506491,13.7054509506491,13.7054509506491,12.37470358980647,18.10296408414663,18.70997600746431,17.722108299674474,13.763535498538001,12.498645480557323,13.823023297579073,12.624208164393394,13.883896310415544,12.7513437614801,13.946136398243175,12.880005694298873,14.036221412971138,14.13361196484545,15.176119543225916,15.164445997780097,be063506
17.43000000000211,4306,1592,726.6299999999992,15.277469360009334,5.290556599399138,11.056487693421293,13.155912696117458,6.2334598430344155,17.63571923148223,19.34477565457538,9.686265720419383,5.7037883057297565,5.969958225915226,11.070631666532051,5.5378917603305196,5.727534490662918,6.394438595814037,11.056487693421293,11.056487693421293,11.056487693421293,11.056487693421293,4.288110053960618,5.082083343480194,4.890246917020512,4.577435143636021,10.494780506943997,4.2793875452676735,9.940477614683532,4.277479560319399,9.394889678543572,4.282395207585544,8.85962688158606,4.294111053244445,4.401745437353765,4.4177339719652124,4.541614831688778,4.5617316760573825,be35c8f2
15.639999999999418,3486,1290,691.6399999999994,21.22228858634742,5.425331246448119,4.1778796135130145,3.318387633537787,4.440073628770919,17.614739513182876,4.599523304005967,25.381765291704816,2.8288892212759564,73.13509589399588,4.342395510874576,44.16331530202048,3.765659967207654,6.340454517307284,4.178859468693164,4.254498593906134,4.1778796135130145,4.1778796135130145,4.08918553415956,5.371988745417735,5.374201166806197,4.426763162834024,4.180001011084837,4.122418888671629,4.189429877665051,4.15997834125718,4.206117070012136,4.201747880462945,4.229976687046989,4.247603306263009,3.894426857389375,3.9587357973611788,4.074828273343645,4.072654077694342,be83e781
48.94999999999891,5744,2124,754.289999999999,14.428504728062775,9.526086544889443,7.5300037952190815,19.78076148046843,8.92549863184318,7.694243945735136,25.655742358615573,14.145760933808143,8.577318763343758,8.484463132251685,7.4507624551367,11.906910980199873,11.412557557804217,8.304718858472157,7.530003795117399,7.5300037952190815,7.5300037952190815,7.5300037952190815,7.697384556260141,9.73757638235658,9.375262688984666,9.975165907822282,7.449553129503859,7.592970928511771,7.388962504528165,7.509361656350122,7.348723178081559,7.4472574751282,7.329170361885935,7.407199319999197,7.485713777260044,7.51720294994246,7.778513896608829,7.870358420961995,beda8696
33.82000000000153,3684,1363,782.6700000000001,21.60994776570552,8.00236119301105,19.453124078438027,18.833644400400587,19.284132079127758,18.743946307304412,19.423315077688827,6.079044053834545,6.051870320244311,19.746778769051566,12.686517421163117,19.075574211926046,19.778647068617158,19.31497414385817,19.453124078438027,19.453124078438027,19.453124078438027,19.453124078438027,19.29538801862394,8.819393016911748,8.878495896633316,8.57459630962079,18.68280973480144,18.53357468294221,17.919496029334343,17.778802662581697,17.16411697369502,17.032008089174386,16.417767820591394,16.294287859008218,15.307439334766615,14.279366206199718,12.882442024347371,12.175999268556357,bf39bc20
48.17999999999847,5840,2160,676.6099999999988,13.886660478981382,15.436180147671282,13.160616285812653,15.682998661479486,13.261152199021145,13.213808141700554,13.616417682455502,13.30843186237087,16.94393119093241,23.951422366898253,16.547865558916676,28.648507792619956,12.722705260462863,15.546625292708429,13.160616285658826,13.160616285812653,13.160616285812653,13.160616285812653,11.290841596960346,17.036800444939548,20.459719009188458,15.480644097096373,12.82353165526198,11.276111886529542,12.52791227694542,11.288773328305291,12.27675391699581,11.328734082352746,12.07283174206876,11.395706964901022,11.903507379971177,12.107316792485225,12.948088991291062,13.14183657918008,bf70b410
37.81999999999789,5246,1940,825.8999999999996,16.789662780615142,17.0167492016855,10.355320670024119,10.445664292768262,7.202594518580499,14.004031425941111,15.307798444954788,6.136692689866343,12.004507129641883,19.894849214331124,10.261769269858156,11.107590363984594,13.241633511676037,13.41810374291229,10.355320670024119,10.355320670024119,10.355320670024119,10.355320670024119,10.790216788579404,19.96957394702268,20.72999797746304,18.8174932073849,10.652733883023037,11.089337704925594,10.955856386926671,11.39036446916429,11.264227276843364,11.693149890601592,11.577427179765245,11.997560818971206,13.471945727952244,13.812144826467152,15.304346169022816,15.46096702924686,bffe3082
22.1200000000008,4429,1638,841.7700000000004,17.756774077590354,7.062782357281124,11.71600643151851,9.247232897624487,12.601648112528244,11.6407319904156,12.790325700974249,31.085345361953397,16.392068061507114,9.725588181613432,17.18979501795942,8.648726809577859,15.208900489526014,7.54316759288031,13.710989998893707,11.716006431919464,11.71600643151851,11.71600643151851,10.64693642257554,5.447243664073229,5.922152102673984,8.025975004936049,11.431602210509286,10.42403018622147,11.150395655972687,10.204111187505847,10.87263488118857,9.987376762571586,10.598590803689445,9.774038762711855,8.825471976152832,8.595869433612663,7.6927315550801865,7.597990922843098,c03b9305
28.69000000000051,4654,1721,951.6700000000001,10.698565713257212,12.536003728976482,6.310253754612339,9.203726797961915,5.084015738084235,6.2063571232396555,4.960337710681697,9.34581609280299,5.990480635821343,4.8452619982452445,8.784160263522793,10.314489193640703,5.194615136992492,4.852748262991197,9.170082607496642,6.310253754612339,6.310253754612339,6.310253754612339,3.983353683379809,14.481513760777796,14.449122071669796,14.221834979371586,6.414507589852398,4.211884909551731,6.5536560363987455,4.489910902541408,6.725533578614862,4.808854627794728,6.927704601178716,5.161135848511719,6.3796093430356,6.949621568983335,8.551130141644077,8.939159528075301,c03d4aed
51.3799999999992,4138,1531,913.7699999999986,12.37497564824791,36.55042786830596,31.63785288578965,34.50563519708455,34.461080616117975,34.446146715238,34.48191461889243,30.96614383377048,31.76794475045996,34.49772102161451,31.051308291157888,31.60593659075441,31.65515425025524,33.95156306646278,31.63785288578965,31.63785288578965,31.63785288578965,31.63785288578965,33.17581565037176,33.88779841607665,37.3752322380443,33.735180548944655,31.881210811584573,33.343672145850476,32.12484053344241,33.511628973193254,32.368735914180164,33.67968463136633,32.6128909936156,33.84783764827841,33.38762886496178,33.70255968619915,33.52969505961425,33.83053326009389,c03fba65
14.980000000001382,4406,1629,967.1100000000006,13.443322611499232,4.0022156341008825,4.8028661548324205,20.611012672413327,18.529653311696595,12.802007297920321,7.049212264956616,20.959787604489385,12.800453165762507,11.240609446403052,20.760048395485885,9.368505717685537,8.33257126219873,11.555582063365142,4.8028661548324205,4.8028661548324205,4.8028661548324205,4.8028661548324205,7.178080210012435,4.392839919187597,4.832513001641266,4.348124266231513,4.715777379333664,6.861184405405307,4.632466383205061,6.550442885566671,4.55314054268901,6.246774140114643,4.478011648189472,5.951260952657601,5.645484694644768,5.2551696300817206,4.850158147122214,4.612356839606566,c07fd0cd
37.86999999999898,5811,2149,1083.5499999999993,12.650745527907695,19.948524581763092,25.506935052723218,43.11540630995388,38.44414728209194,58.338786711634185,22.91202572880571,51.680207894042866,46.95921973824384,42.803094793849745,40.742782900153486,19.585154617716945,26.101080274165497,22.950402307508018,25.506935052723218,25.506935052723218,25.506935052723218,25.506935052723218,39.577494705729066,22.651106021394504,21.4985694601187,21.754066082466384,25.200844946017288,38.56796278599051,24.897097249057655,37.559978838837075,24.595778745370346,36.553670922615325,24.29697981189945,35.54918137027357,34.41340731919986,32.92659985385658,31.000488694022852,29.86521083107881,c1708b88
21.3700000000008,5049,1868,629.3299999999999,12.719882058757905,6.506724773697535,28.285836558311658,17.977126830984187,27.567932313093184,26.59155907596767,18.339081383227462,27.937089681772278,28.13617814911895,16.929953280299785,26.78885848730778,8.253505924533748,27.158252399010408,16.171493267859162,28.285836558311658,28.285836557914454,28.285836558311658,28.285836558311658,24.799278256580315,7.217520488394407,7.071182475953789,6.352469877088321,27.008058748640767,23.688188502775354,25.73384837382166,22.581258851754534,24.46376287642281,21.479132487322815,23.198479760776003,20.38258859363006,18.582262975856782,17.04454046832524,14.612064200626714,13.533049305948524,c1d046f4
21.459999999999127,4878,1804,931.1900000000005,13.409885458995443,7.513169446322727,2.057871663454425,1.962707994136017,1.9681864200359724,2.148174575209026,2.094043781400118,26.477902013882794,2.2026725290019202,2.1610240002057877,2.2889215970876666,2.6546591221620752,2.0496188110613334,1.9336198067607375,2.057871663454425,2.057871663454425,2.057871663454425,2.057871663454425,1.9409336880302102,7.1306376112466765,7.203759085154606,7.235847798145836,2.09214231531593,1.9957624009324202,2.1861191334925514,2.11032150789831,2.3325968314545267,2.275607940419688,2.522445798108868,2.4815058848162357,2.8806121293811002,3.279378618974518,3.985781689227701,4.3191471039936244,c2717d4f
28.910000000001673,5731,2120,1086.2900000000009,12.619639291162615,8.842950831607585,11.005416495149586,10.968158883049526,10.273642848408805,10.977061802549061,10.34337226704827,38.067473964156484,30.44224878827242,10.843691275487705,23.908557305009584,6.315846259990835,11.018433808460983,10.125749673578296,11.046547439280424,11.005416495149586,11.005416495149586,11.005416495149586,15.457067837475842,9.000899330782124,8.589068127158667,8.026163026825133,10.632964815766279,14.863006445805699,10.27731138970509,14.28100354163603,9.940259459120782,13.712594604115921,9.623763656405789,13.159541271255726,11.57352172201469,10.962757389650825,9.559991207435763,9.303604236619888,c2c4db09
24.229999999999563,6453,2387,983.9799999999996,11.164486294316612,7.650917744747253,3.608430894908687,10.441335574494042,16.47692291504837,4.909018261434718,27.533665540680712,15.658982631203513,4.347753430620168,3.54711544650498,3.7293148693370526,3.915038184921389,3.841783405915643,3.627486420062396,3.608430894970584,3.608430894908687,3.608430894908687,3.608430894908687,3.587606823975465,6.897497918073682,6.9033967129936595,6.872900905194717,3.2648406276098294,3.260344466936781,2.9640749212569717,2.9774179312924534,2.720375152203439,2.7525328711791066,2.5501542724701176,2.6007893130942494,2.584288708726706,2.66123209531636,3.2337040296344424,3.506833642637099,c2c6fc71
20.3700000000008,4662,1724,774.1700000000001,21.44401724372025,8.277319159152386,2.511576153436598,6.378268661287388,2.647674166908586,2.5276221382565476,6.327523972414658,8.877274145532109,6.56520449424392,2.245757018203441,6.5330523148669375,2.833450972420708,6.352072440705249,2.48691259019433,2.511576153436598,2.812496234935709,2.511576153436598,2.511576153436598,3.5995413022294453,10.478091426192952,12.859787076751486,9.947762581266113,2.193618614866237,3.2840540608355226,1.9495613972541026,3.0223054218802727,1.8095568012757526,2.829249821485295,1.7980770711026777,2.7195559457797573,3.145559464440874,3.4480175424746116,4.810890053826574,5.10992307811113,c36625df
45.6100000000024,5295,1959,918.6899999999987,15.247432395529218,12.691990246281595,23.225405726265286,24.49887268663964,21.53135772702194,22.516946675748606,19.524895974441044,25.767061192371365,21.444224206060007,24.31362267455931,7.873512366549816,12.702613266318226,21.132375138133156,22.938860069224884,23.22540572609839,32.453096028933956,23.225405726265286,23.225405726265286,21.566194603332118,13.238433377155843,12.055511329216861,13.16830340623553,22.556175781421384,20.985309508728655,21.894668993961016,20.412433760721566,21.241606920568397,19.84826088716577,20.597792807015942,19.29355435902115,18.55315806461807,17.783344633385674,16.72687452863383,16.198364189902243,c3957531
30.709999999999127,5127,1896,782.1000000000004,12.213117674380758,10.86183972985906,8.619260681101379,8.606070214270956,8.56348938868489,25.503693089169467,13.73252229811083,14.330878632041813,35.339485697160896,8.423398491240881,13.042350710796523,27.761459864405698,8.570038710814858,26.98965236662056,8.619260681101379,8.619260681101379,8.619260681101379,8.619260681101379,11.689578025029055,15.418872812697023,8.713081597826,12.526103053007475,8.679880976082119,11.592557271014932,8.746917280647299,11.500785270394354,8.820223305305278,11.414388624242045,8.899644121075703,11.33349026426585,12.636214200582257,12.39299809061275,13.360476553901368,13.061956498158864,c42fe306
21.390000000001237,5324,1969,797.5699999999997,12.569688218688604,5.943328377062374,10.701481575123244,7.24109971215246,6.607527110452587,6.631398152119427,6.678648382665906,23.39635796633698,7.705641154990895,7.154462495426955,22.10740109992134,4.75254369314296,7.37441463554533,6.617288211690484,10.701481575123244,10.701481575123244,10.701481575123244,10.701481575123244,4.978939365499377,6.480830965528534,6.438125125199041,6.333612750205832,10.261920640503233,4.8775685984777155,9.830842065007293,4.790837826911032,9.409411741872432,4.719554232980272,8.998985281401994,4.664426079991389,4.856545848625988,4.81565821096874,5.080896007731813,5.079905682779163,c43812e2
25.170000000000073,3553,1314,837.5300000000007,8.624159798637393,17.41221250688752,16.579082753836833,15.788567778098233,15.831853338272824,15.915714588821835,36.49114352801285,20.001306372344942,16.624869965503137,15.851672301752894,16.67924541703896,15.825933834063386,16.08967614441554,22.436959984292525,16.579082753836833,16.579082753836833,16.579082753836833,16.579082753836833,19.052412745191436,16.455311955608387,16.452293243474564,16.455424414279086,16.618421698248817,18.969228662811233,16.65801530213153,18.886158445169045,16.697861753962258,18.80320360139173,16.73795924794271,18.720365665229014,18.26759909218517,18.180854864466262,17.746898145600504,17.712733526860962,c472c0b5
32.5,4452,1647,742.1999999999989,13.332912069172323,22.02002803542906,8.15191146760456,10.088755000826565,10.65605976982267,8.689702975190045,10.56602352143628,26.069957521958912,9.108727300683382,8.202861874438016,4.750651600922236,7.998216347123802,8.684444602510272,8.626306996631309,8.15191146760456,8.15191146760456,8.15191146760456,8.15191146760456,11.151293406633837,20.525434533846365,20.555244336213857,20.48828350780306,8.755797476640497,11.666618873604733,9.380927425518095,12.187223732943368,10.023327307257263,12.712459390909668,10.67988119262408,13.241774816389094,13.882239879213238,14.677042369010362,15.753058021379362,16.370644516985024,c47e0767
29.94000000000051,5782,2138,1035.6000000000013,14.725683418414166,7.91931523585921,8.351514155482233,8.409549927632494,8.362512213159755,22.195791078842657,19.746162167984245,8.924293626820527,2.8484213459356384,7.750606854469471,2.6294686837786347,8.286375389414673,8.490179884009656,8.3272944230127,8.35151415539787,8.351514155482233,8.351514155482233,8.351514155482233,9.75397336152112,9.681302716748206,9.722224644638096,9.114331750321922,8.158993954518698,9.504934954979573,7.980485849180438,9.267242830630986,7.8169498403463535,9.041791851601886,7.669343753050482,8.829519755675419,7.1580804583975,7.132946136143316,6.532540484234806,6.656863010035756,c50b42f6
48.349999999998545,5196,1922,653.9899999999998,13.274300419242145,23.997415949387225,16.91182684369915,16.75228438815306,16.89375841848507,13.719893863253034,15.7056337664826,5.924938686815006,16.614179862604054,13.312558010771921,2.103519857129688,4.235164768607335,16.902827947504996,16.74259174170805,16.911826843984727,13.27315332661743,16.91182684369915,16.91182684369915,16.834407268457095,21.101610222992317,23.90529306992626,23.946356600092685,17.22357480850506,17.15033955937798,17.541340008952815,17.472269164115193,17.86480135819717,17.79987068223479,18.193655046708084,18.13283669713339,17.941430076244153,18.50994006614706,18.771084418235233,19.27154617182139,c593337f
40.54000000000087,5446,2014,905.5300000000007,16.572505714522936,20.73823616333779,28.25274609915422,27.817527223879328,27.726075372962676,24.67611694985336,60.709255703315584,15.376903891592539,15.562687904288387,28.920879236539612,22.425100862183776,27.075692425984837,28.43917934332039,24.58201127968338,28.25274609915422,28.25274609915422,28.25274609915422,28.25274609915422,26.78989338721381,23.2771660825296,23.27383273262336,23.28359421140608,27.86646940245125,26.48039750915977,27.481026595151636,26.17147633249815,27.09645326311848,25.863150450718816,26.712786958843946,25.55544141049337,25.69982623197377,25.196368814817713,24.989157055711132,24.55978141608873,c59b6c4a
48.149999999999636,4531,1676,946.1000000000004,14.000141589662976,20.229260347873854,11.352547048043638,11.283869868855044,14.986490149031624,34.37513149338563,18.83082118515639,9.831262496739612,9.674367898638522,10.437581325953612,12.730392332619944,34.1916147976421,9.424778053216992,11.47267759334099,11.352547048054017,11.352547048043638,11.352547048043638,11.352547048043638,10.357798076587331,19.788100504714212,15.541589811925293,19.773785303655917,11.56646147024793,10.533312816095629,11.817154931409702,10.761996151525805,12.102342073693046,11.04054472598856,12.419646932580541,11.365292733802374,12.053765485567622,12.679072306561896,13.89767102330654,14.455201699301771,c66be2b8
22.019999999998618,4585,1696,1187.1499999999996,10.637059020906731,5.803278483404316,7.563166057142338,8.065625363313808,8.302091958076907,7.577468914808921,7.551862820799266,11.64035679641579,11.422650246176211,7.753526480470806,6.982831804457825,7.470209515339989,10.047712819333737,7.6042736568041835,7.563166056977917,7.563166057142338,7.563166057142338,7.563166057142338,6.937273875738803,5.778264058426119,6.690967778625791,5.779389184480744,7.310122713041838,6.748352118513617,7.067295578821017,6.568931598338589,6.8357734722599,6.399811474697706,6.616743200136931,6.24182906041674,5.939429764377065,5.7794510147017215,5.542928884309317,5.491223702936703,c6797dd7
25.18000000000029,4873,1802,856.5200000000004,11.914193404888548,12.623091472105349,21.696731093795787,11.513304718864273,21.601093986148296,17.97230980981403,20.754758084778754,15.662424251239127,16.896206809624623,21.926396350875127,15.86290335808826,10.638595537365884,18.50947177609907,18.803089967961768,21.69673109364779,21.696731093795787,21.696731093795787,21.696731093795787,16.5697306068682,11.836387450750028,11.839083035128782,11.837531340843254,21.21823612717034,16.365185658657726,20.74129956302176,16.161230371326294,20.266031427006205,15.957887353982388,19.792551908748486,15.755180313288628,15.107682712162088,14.850933664349396,14.149642970841267,13.99162613549356,c6b782a4
18.709999999999127,4243,1570,995.289999999999,12.788116075301694,10.124432925812757,7.637789490233374,8.62776104116118,5.82594909686174,9.407601436774467,5.460881418747304,10.253390616094155,9.710432894615218,8.789368634541955,9.740532005446976,8.624374667393315,5.1727303556729884,8.701747204233794,7.637789490233374,7.637789490233374,7.637789490233374,7.637789490233374,6.800331026843163,14.576162609790027,15.434079395533571,11.037779521340054,7.474754251657333,6.680273521068676,7.341654735111236,6.593487153870126,7.240142103431152,6.541296329516195,7.171557808980206,6.524531307546734,7.9203168191094475,7.946111814953472,9.466651989345824,9.440686632575268,c6c96179
26.920000000000073,4422,1635,938.619999999999,16.18102742944914,8.698977839120056,4.004900690402149,5.637371978592523,3.926594322801017,8.882107048678128,4.454766734409921,32.45864191212225,7.829507241679546,6.044692483109932,3.8063625848924354,7.385747906642171,7.810347021961512,4.111890009184132,4.004900690402149,4.004900690402149,4.004900690402149,4.004900690402149,4.387507456228174,7.537557713059623,7.816180504554966,7.551073509694109,3.8230188016608806,4.352544958527031,3.6953271751278955,4.355249373601927,3.6275529024591364,4.395551176955196,3.623060052574469,4.472434096208789,4.422172029172278,4.661718624028157,4.998013479058108,5.272842452606307,c70c0e01
37.029999999998836,7477,2766,703.9300000000003,9.11601087216889,16.79513827113672,9.565821509498635,9.158920880461094,10.280780877885885,9.735991500806367,16.058775304269336,18.8142970634019,16.263496374307525,9.220821525624208,16.89470442394629,10.339912325136238,9.062814801051806,16.16145570978485,9.565821509498635,9.565821509498635,9.565821509498635,9.565821509498635,8.91148163362316,16.994825327815235,17.047038885387586,16.912863923139387,9.512489095860486,8.810140928499793,9.517356250616341,8.779427590549206,9.580334271747326,8.820079467861996,9.70029139101976,8.931122112318915,9.386307416794358,9.825946644735298,10.939530551624271,11.419733218118806,c84c65be
53.35999999999876,5651,2090,512.5899999999983,15.057914256876614,42.07667183683897,32.191109083755094,32.13539164806924,31.85289370342879,14.150014327632057,15.163172645624456,65.94311884845646,58.68127748368917,23.82898017316238,14.675103340593015,76.46100691399542,31.941581836816333,25.23981096987691,32.191109083755094,32.191109083755094,32.191109083755094,32.191109083755094,20.864707207116147,45.26771332337647,39.953835503252236,45.01933022112325,32.67347339493747,21.915367409449566,33.15742467063819,22.967939608375804,33.64289442572307,24.022172473096916,34.12981786273786,25.077856569309706,28.147830394783796,29.535586621296357,33.02787744506314,33.9306776053709,c8d9680c
31.780000000000655,4928,1823,506.46999999999935,11.989992249200418,10.858354488393406,4.026817814942723,13.254403067099917,4.7774864108349595,7.497221447143577,13.321328615341132,2.9979779900015635,12.933464297868266,13.292686583789965,4.0875685746575305,5.4912882280540165,9.525666500266938,7.621570596748438,4.026817814942723,4.026817814942723,4.026817814942723,4.026817814942723,7.0559412693265,9.696510511092056,9.739538006931951,9.781529042532167,4.0402219848481975,7.231304673733599,4.117687033582744,7.408914102555925,4.255716176366624,7.588611854630354,4.448675610630734,7.770253045296739,7.795160771228127,8.087973637778141,8.317154058056303,8.562425906382595,c908edd0
35.57999999999993,4527,1675,633.8899999999994,11.19298266738737,10.699622056377645,13.384045259534837,13.36959747219708,13.372693553474862,13.403290809026101,13.386496993790853,14.600552208668372,13.52665103585033,13.227353343528472,14.477640298735249,3.248213217173404,13.361233680708121,13.337385965222179,13.384045259534837,13.384045259534837,13.384045259534837,13.384045259534837,13.35913639531737,11.939016075863305,9.823253976553366,11.772797816739809,13.199693421385863,13.177547137932194,13.019475710752738,12.999978863163419,12.843566155948501,12.826598568581808,12.672144170445291,12.657578353022759,12.770413102909691,12.502811472225005,12.450742774653504,12.232898091143378,c9578d27
24.200000000000728,5606,2073,873.7299999999996,11.731551148435363,16.832249008651452,10.150658114664555,12.566615107501772,10.609926257831388,5.3209946084464725,5.805729687649868,3.002821297398598,3.9836294506389076,16.94617324593633,4.104369074276515,10.80620770107492,16.483307823764555,10.641157867472819,10.15065811476653,10.150658114664555,10.150658114664555,10.150658114664555,10.414193888831507,13.657861520881912,15.798368845226411,17.459857670631266,10.393238518013623,10.698628749606307,10.650223373101877,10.988817736323341,10.920595825081241,11.284316936125204,11.20338666322487,11.58472000266809,11.222488164634512,11.755537905185756,11.850315484298113,12.33320180403474,c96c018a
27.06999999999971,6128,2266,1339.5499999999993,12.53101749120981,5.03668497575931,6.335472731719143,6.24579053273066,4.746194017960506,18.459984219423898,14.908449742154133,16.167955687463564,4.95645364549031,6.297143010134226,5.180341183516704,6.302543932130668,6.3718951239689705,6.312038179936973,6.335472731602887,6.335472731946267,6.335472731719143,6.335472731719143,5.912639952398261,5.4817071668225985,4.4977095255083945,5.473669203822292,6.257220210331522,5.857779771873169,6.180079708982199,5.803908015193673,6.104093387286452,5.751052458973592,6.029304883204633,5.699241376438363,5.718792653230971,5.639240328927515,5.619044560403558,5.553946227280026,c99f9fae
32.42000000000007,4663,1725,673.4299999999985,13.183833178194261,10.515090480576582,7.917134907526052,7.978686805072869,9.462427497335003,8.195603916272505,9.534312519581803,7.834825899208528,7.94248303106067,8.770841855649188,8.492143020014009,8.045273323838245,9.120165476457428,8.059214376036609,7.917134907526052,9.146136396232139,7.917134907526052,7.917134907526052,8.594391437721766,10.298470998696711,10.10929121034017,10.990975019958052,7.969696812109036,8.612054834795646,8.032138093766324,8.639015996635651,8.104230400547745,8.67518823557204,8.185718744276409,8.720456930398363,8.250261487318701,8.438014284857937,8.459429595393296,8.652921311179973,c9e6734f
20.599999999998545,4571,1691,1095.5300000000007,14.801662669516066,13.840331475240975,12.00925671490587,13.921689644243557,13.9713655214453,5.438224460911516,13.528448381310062,18.839910598092082,9.01238469487299,5.41904286044151,5.671792315832653,4.025722839552527,5.2954486919190344,14.060444456885472,12.00925671490587,12.00925671490587,12.00925671490587,12.00925671490587,8.600823459107382,18.146348293174132,18.495890386519264,12.758697691796462,12.093930606155999,8.855089452005222,12.179423386939721,9.11058147504542,12.265717934142653,9.367199208194611,12.352797444762748,9.62485261085478,11.404835690429618,11.64578970816017,13.31273584284934,13.364586752194171,c9e980e8
21.55999999999949,3803,1407,863.4099999999999,12.212901190437785,12.914383367583902,17.4547920835798,4.507138154696362,6.670759140929236,5.270418441669375,6.909314650754535,2.983537168890615,3.6061228810358017,7.44595600527023,5.779692019407265,15.13561919222229,7.173707173202113,4.882405230343725,17.4547920835798,17.4547920835798,17.4547920835798,17.4547920835798,7.084429534178302,13.350581789979582,9.623909984345735,12.746103061536518,17.215164586442857,7.3177210449223855,16.976536783561944,7.561012502024223,16.73895142943974,7.813369831143049,16.502453548448266,8.073942994509261,8.746394427862201,9.128674936767053,9.990174927714335,10.268596520212709,c9fedcf3
26.290000000000873,5012,1854,1102.6200000000008,15.699581528652725,18.397969058102134,4.599766631666019,4.7702408966372385,4.8643959703504756,6.029523041730745,5.036877507852635,18.03060154915943,8.205648971807863,6.1684157776734345,6.04570807835466,4.196199652189757,5.27139450046302,5.839538654961737,4.599766631666019,4.599766631666019,4.599766631666019,4.599766631666019,5.356603526360015,20.03769192958939,16.282216321373454,19.879281819784108,4.951910128993028,5.756605275781299,5.403800516615787,6.224657836709354,5.93268837534902,6.74661277882581,6.51986257006653,7.310934325457256,8.994404843540753,9.863952316937436,12.004280677886916,12.622803256198589,cad13e8f
17.889999999999418,5482,2028,1051.2800000000007,15.60303634736892,5.975983571134163,9.576395312393998,8.778452392704892,10.462071157356611,8.69681698279226,9.04103174946457,15.056424428400456,11.354806919098266,9.021151275278028,8.70322454202264,8.81111067172928,11.418024075551653,8.96665506657575,9.576395312393998,9.576395312393998,9.576395312393998,9.576395312393998,5.495120593029106,3.7890163705833735,3.9164527791609296,4.281445213009636,9.110059718308284,5.397343214871372,8.654570960696836,5.311065624746486,8.211734196072939,5.236856233048528,7.783709144801243,5.17523421546651,4.355182101102343,4.374667079167041,3.816541448498915,3.9483472888165814,cb34231f
28.1200000000008,5770,2134,560.0799999999999,10.502243579396277,13.39704855685346,9.954194298745412,11.246082606565427,14.429382717390247,14.701553434083403,10.956655846348427,18.982581733113083,15.470306486366784,14.466369519782454,15.970220863174214,12.216204237166101,6.980351539118525,12.442052553163158,9.954194298745412,9.954194298745412,9.954194298745412,9.954194298745412,11.078691324450382,13.633517943845037,13.913840923247967,13.708388508912343,10.009472988725394,10.701697838015356,10.079686567524567,10.367171476849908,10.164525542279248,10.079341491643563,10.263627239549642,9.842305524643614,9.55893272330751,9.48945572536114,9.716913321764315,9.891111081715513,cb879f40
30.94999999999891,5939,2196,856.7799999999988,16.822154751800166,7.630042638484725,6.889696130482367,6.32861311274145,8.494403060548136,12.139858066604548,25.98487907810224,14.39095155053951,11.680553420522836,7.430968791581338,13.128113678698293,6.543384793762813,8.339373870601365,11.337151030771832,6.889696130482367,6.853978405267972,6.889696130482367,6.889696130482367,6.251243290443035,7.340553385867759,8.067582621732157,7.555116743299362,6.750844724289903,6.1603580057400595,6.628411766525983,6.086169016373152,6.5233217716012115,6.029292685485647,6.4364242914162135,5.990222177268677,6.068639055320001,6.06182771052722,6.206043033826976,6.255364018315547,cbb406b5
30.090000000000146,3914,1448,759.4899999999998,11.699563120803605,14.363828396296984,6.080124911362661,18.159768922109468,6.042092972686109,6.272097251598955,6.175360638273411,7.277782308709531,6.759287330790643,6.423576978156634,6.826255010419878,8.536926634651918,6.486711120605161,6.159202263424172,6.080124911462481,6.08012491155232,6.080124911362661,6.080124911362661,6.170465959285763,15.658353917941634,18.876864080713034,15.34844550458627,6.398001409308435,6.473956844939169,6.736076227809886,6.7993484953351135,7.0914611807315815,7.143648811870537,7.461683337317041,7.504255618588467,8.56777285505537,9.1069352352731,10.474908531413721,10.85098074061511,cbe51de1
40.51000000000204,5736,2122,572.4300000000003,15.719844476599446,14.438197286439848,7.410015011207864,6.490089322879904,6.848153530575202,7.1099940068928476,6.680189822386617,18.02044751058691,13.530401356910684,6.124563925336386,14.481741559166855,7.63404710409597,6.5518523985884904,6.601664779105024,7.410015011207864,7.410015011207864,7.410015011207864,7.410015011207864,6.235747392815387,12.995916715363116,13.007401946085148,15.882917374119074,7.631244862152459,6.5411889090734165,7.875365231880643,6.868148871977248,8.140316986117522,7.213701913536902,8.424134818662148,7.575304050224581,7.805558290751339,8.422583385183614,9.148661730773904,9.660615064231255,cbe62450
27.76000000000022,3663,1355,726.8499999999985,21.572631687717575,17.56008631202659,9.327208269018342,11.423335293492945,10.916641838131113,11.310256070037596,11.154351962901021,14.45423016962942,11.692431949158408,7.17071758280784,10.638264486639455,7.109427639428787,9.345363538615844,11.25966977948583,9.327208269018342,9.327208269018342,9.327208269018342,9.327208269018342,10.046505017448224,12.67827997946773,12.514191356718763,12.85618530303564,9.668763967807251,10.368034897262481,10.022737366588865,10.698635622350366,10.387859118078374,11.037492138732581,10.762994698383164,11.383867235219613,10.742431058588894,11.363894138656011,11.25608012305039,11.843271111939957,cc08aa63
35.77000000000044,6074,2247,641.4899999999998,17.081811105565663,15.885888077883292,2.208200007118689,1.5887802241648497,15.119265292466158,29.48645647235162,29.748877401126467,10.414932107529943,9.875700469746247,2.060680764619152,10.683708889082677,2.077975069075759,15.409201412311253,15.444386271460056,2.208200007118689,2.208200007118689,2.208200007118689,2.208200007118689,3.71010415649504,16.0427530052514,15.840360833335671,16.67222130284108,2.5121409319551433,4.256164539666222,2.9827989318840937,4.823159782299233,3.554554752646642,5.404504967400186,4.186187063015431,5.996027648362169,7.25650291261519,8.099027276571046,9.739894702222834,10.34420403547123,cc8a1d57
35.77000000000044,4692,1735,813.9300000000003,15.208908598703106,16.272179414919705,17.157849207022373,18.059082123421213,14.077773841871196,17.55633381770884,17.240301687516233,24.023108190636332,19.3587018677043,17.678383756338313,12.731521239579093,11.634141172600199,17.424436866650744,17.21524086618922,17.157849207022373,17.157849207396687,17.157849207022373,17.157849207022373,15.913548471418173,18.033094429217535,18.477549193280268,17.13922333024477,17.036112767971265,15.85556365898043,16.92184474221557,15.805424148210616,16.81519738572294,15.763204802158993,16.716316554984353,15.728969398335604,16.202554959605738,16.14128138161467,16.570139508407316,16.50574720176022,ccedb12b
18.80999999999949,4366,1615,757.8999999999996,14.574107098835652,11.614075913392693,7.231659624368833,11.26981646400917,8.434875926878432,16.177244170255317,17.102423872443165,9.365835629364987,8.885798623667966,5.695072862303362,7.735486688556342,24.90000630422038,8.548543189699455,8.354999405446586,7.231659624368833,7.231659624368833,7.231659624368833,7.231659624368833,4.6620603295599485,9.262085640765026,17.207741242845692,9.207825223712888,6.607838244316382,4.587955353180733,6.03105391690286,4.586017192572608,5.51608159650975,4.656335965094733,5.0817478051698926,4.79573426187965,4.886680526186904,5.279805905037393,5.782593790073014,6.2469126387403655,cd7f1687
31.909999999999854,5563,2057,644.880000000001,13.951896750165316,10.134574103157094,13.434825007770218,8.197386473322858,14.174289264170799,5.034460839691514,26.438790367645062,22.884792155896797,14.27893682365121,14.754078062776383,5.970118705600396,7.063641095752974,12.483771073388024,11.961485743576967,13.434825007770218,13.434825007770218,13.434825007770218,13.434825007770218,7.603180614909857,11.841351344831903,12.154577303788335,11.849337304393485,12.832117779671822,7.375711032985982,12.251082654018212,7.182537879890573,11.694950253933943,7.026490370359943,11.16744162512871,6.910084140460567,6.221058155485439,6.407912284311365,6.8436047001252005,7.137835017451824,cda7eb37
27.019999999998618,4824,1784,1016.6000000000004,17.487862049182613,7.457046384145097,5.337776603528348,5.4468534206104975,5.333329387344759,5.238752896855662,6.034825853616364,16.83905848642237,21.936648997110893,6.499283279823216,4.816450347328566,8.224227236816603,10.503980573627064,5.659595931037653,5.337776603528348,5.337776603528348,5.337776603528348,5.337776603528348,5.109518044519859,6.121841008566116,9.197138584731585,7.473977876228861,5.283123428838077,5.064737059790656,5.247355814878004,5.039759189435482,5.23086118339654,5.034879169883127,5.233821756654828,5.050155263780706,4.840945958340905,4.931301177367608,4.954793416293147,5.093447134561439,cdc31d65
30.69000000000051,5571,2060,753.3199999999997,11.895744620226665,11.672238773978535,3.141631877900934,5.39721830735763,5.8147800166616905,3.100526625838516,23.703114805667827,41.39215325766461,6.170290252250284,2.282567490018142,25.341271820178637,13.880812514739276,2.9055642525916006,2.964695411500774,3.141631877900934,5.64080835875545,3.141631877900934,3.141631877900934,7.669853250392735,10.267822997319502,7.377136295407348,11.639556944115746,3.347361916905444,7.834891155745077,3.614470996140172,8.005153337277001,3.9304652642936113,8.180313592731407,4.2845421737186875,8.360064054099464,8.24450597193406,8.56544153763701,8.7390611710165,9.023377752663217,cdc60a53
25.710000000000946,4130,1528,465.47999999999956,11.791988657653496,14.24219363085858,6.602614759301729,9.076828498649755,9.724144204483547,9.824948233769687,8.103062613006994,11.964445748147554,8.216595400114358,6.698762272680418,6.419444143503389,9.963907556557665,6.828899403412644,8.129605334745076,6.709071910761145,7.150433727505834,6.602614759301729,6.602614759301729,3.8350984200416227,11.177923709275118,19.017459199556722,18.466666658654578,5.871205495834448,3.7278504783271047,5.210190574532472,3.763151273197209,4.649690011774677,3.937168378417829,4.229852021324093,4.232827801115676,4.714733626704213,5.331303782717464,6.27770016039616,6.912721511795294,ce55ba43
89.79999999999927,2590,958,1016.8299999999999,16.820508702119557,70.47953785582503,14.41919064891805,14.34847237263259,14.458930596538298,14.503882024514654,14.437629261744048,21.475578187445343,14.432300728184588,9.495144830587142,9.544622627864866,10.65653217351374,14.463537473268557,14.695856325482966,14.41919064891805,14.41919064891805,14.41919064891805,14.41919064891805,13.422462561309631,71.45481428536478,71.45481428536478,71.4548163184016,10.934054858810741,10.008380221089105,8.095974376031894,7.334109361297678,6.773979280711273,6.405228928815121,7.783285826043771,7.866452006530328,14.56208881992571,19.85233606162332,30.36099841132684,34.33167132599071,ce8399b7
44.11999999999898,4843,1791,790.2800000000007,11.777494306660312,31.333171588797278,26.75310567583701,12.705497945697052,12.72582660399435,7.667184327292193,26.893604259069114,6.866041398462426,6.8612709826181595,26.779555441997747,11.789922547836532,29.398400739959857,12.845500155077545,26.72870833317444,26.75310567583701,12.848714310071198,26.75310567583701,26.75310567583701,23.905812055341496,31.06995602634258,28.697575790047235,31.029727673707768,26.97305583437737,24.27011279581387,27.19410084956455,24.635357595307223,27.416214239349642,25.00150507882662,27.63937024697661,25.368516160694792,26.031053079945853,26.555159611686033,27.460798607620518,27.844804563490076,cf50c9d1
16.57999999999811,5344,1977,970.710000000001,11.857465777153864,8.137899666638072,3.7756047311618754,21.33921684852358,22.7789829334491,23.985477322654766,23.897241828113522,23.084735758749268,16.12554180433543,23.264188107851105,13.714185587173228,15.543035392863246,20.316809744175274,22.272994400262405,3.7756047311618754,3.7756047311618754,3.7756047311618754,3.7756047311618754,8.467035693551427,4.0448076491241265,2.5072501868088164,9.378387071779601,3.54363377497796,8.43232268014482,3.3632927588285666,8.39942996656193,3.243205919649369,8.368379017415265,3.1901849003062503,8.33919040614451,6.2467276229794875,6.423004298495488,4.9894493569487075,5.284233861893843,d00e7eb9
21.899999999997817,2851,1055,704.6700000000001,17.8878710812266,6.480253466317729,10.450873305661519,15.328665150654492,8.108131987747344,8.71400012737832,8.347808915439979,10.069393266962267,11.017848859119699,8.030922634226323,9.52039356186716,11.8970957967723,10.471477984027409,4.13598448927699,4.197843029735249,4.251399731366624,10.450873305661519,10.450873305661519,7.572364834730492,7.970446312220756,7.7755424031558755,7.960776104803429,10.175147521311022,7.498633177080687,9.904106191619586,7.426606592885324,9.638144529643984,7.356335165928459,9.377694740111597,7.287869667357147,7.649421045152974,7.495216468982316,7.721460930934284,7.558064263369227,d011f41b
16.61999999999898,3438,1271,855.1800000000003,13.543141793166049,11.316692126263822,14.723781037317115,2.4150778734346092,6.226836128938113,14.375733650510163,14.65631224560052,4.045270435814694,7.47803220592129,27.235363284978796,25.91061626551443,14.386791790387237,24.29061994046932,27.73371669031722,14.723781037317115,14.723781037317115,14.723781037317115,14.723781037317115,16.160364409795417,9.451634029880951,9.487960444549717,9.527074345193338,14.414771180097476,15.843593951624742,14.116032350255551,15.532167784529271,13.828230235703037,15.226413832741247,13.552061636110661,14.926680664543158,13.789707587953103,13.4526205490607,12.332302524233935,12.177571608111068,d07aed8f
36.44000000000051,5732,2120,949.9500000000007,9.538330224808648,13.454504070391309,8.012889237629143,16.32384595324206,10.74163424603624,18.58085184770665,18.52919328950148,18.84068873667215,19.637571259398833,14.168853469536243,13.898859951122573,22.84875784424266,18.171525950953438,13.181825048527905,8.012889237892194,11.502002601071233,8.012889237629143,8.012889237629143,14.836537922371312,13.710914631213136,11.944243065637064,13.402263350920098,7.713875684251217,14.03552905014867,7.477378664989386,13.270188651707015,7.3094688464448225,12.54704550580828,7.214936411683129,11.873811853673406,10.574146242071823,9.974467629703701,9.305456044548963,9.299277914051348,d085e611
18.659999999999854,3959,1464,512.2999999999993,13.531732062362861,11.94959540258224,23.400263527171347,17.35483436920926,24.170975944728173,23.565427456008454,6.26067563058253,23.92738993877482,23.812849953853465,24.126441595820037,5.932064682584726,24.315035485279967,15.959867740618654,17.19856906938586,23.400263527008818,23.400263527171347,23.400263527171347,23.400263527171347,19.27742493524282,11.368312843304762,11.115069081977653,11.423084509537608,22.816293122459065,18.89690429038029,22.23296359357851,18.517332092834657,21.650326742371696,18.138767884386162,21.068440035845192,17.761276118049594,16.82589993323489,16.32163209309584,15.219277468383376,14.882552932858491,d0a0e7b5
10.890000000001237,4016,1486,577.1499999999996,18.896600958198405,4.4432969850785184,6.821647592851363,6.8818174866670825,6.82015235579706,4.326144421222284,6.811055736528681,11.884416050245521,4.0419627159092695,4.184620112628344,4.213698399372049,8.457632848489348,4.3861795128509415,6.887019382744724,6.821647592701816,6.821647592851363,6.821647592851363,6.821647592851363,5.531926767119063,5.525906050079345,5.916075593102877,5.776142037092758,6.627024633729159,5.390076067636255,6.436966877674695,5.254479563118452,6.25189068568636,5.125633633978158,6.07225157420987,5.004059754489051,5.132030728032963,4.966890174344205,5.051331279320206,4.934314329231302,d0a43760
42.20000000000073,5007,1852,762.6299999999992,15.155745702776143,21.3888852804688,12.401219968072043,17.936509378482487,23.865668394905587,23.154444638314544,17.134600304333805,35.30094271271275,25.836646890131263,15.659759526540121,11.118575263627351,15.380136775581732,25.0604176364583,15.020690639217484,12.401219968072043,18.23279795503404,12.401219968072043,12.401219968072043,10.720103142830183,22.7421039161568,23.907142010814418,20.910101383403422,12.078227519653073,10.73114989321083,11.849370252948969,10.824627854634773,11.720163941746412,10.998435428516038,11.693912189952643,11.248849678179761,12.468531837994888,13.051984017738752,14.85448905490302,15.385718838478182,d0cb63ae
23.80999999999949,5506,2037,442.1399999999994,12.769463069243322,9.468478765780139,5.651511419721944,5.632375368212472,5.557663030712852,20.997064419261374,5.703204102430702,5.5275412874439755,5.653569264864967,5.682747825962577,5.560744827636673,6.238224302642053,6.350690979147823,19.523947534141733,5.715293010520749,5.651511419721944,5.651511419721944,5.651511419721944,8.498088308024428,5.728605351208276,2.9690743915342095,7.027721398365178,5.786980367744619,8.540114793789144,5.931217467451596,8.582890140941085,6.083599093945342,8.62640320945226,6.243528941682665,8.670642892708829,7.589604107741738,7.765275745563774,7.013526001266368,7.243388276380698,d114d9c2
26.269999999998618,6163,2280,937.4699999999993,18.94813842870817,13.65883189452973,5.784026848499731,30.480355597593743,28.773639858931382,6.111857790125677,14.31485787735799,33.392647351075205,29.048865491835052,13.915704381004891,30.954190099026718,14.274554957611214,29.319832924194934,30.634725889813858,5.784026848499731,5.784026848499731,5.784026848499731,5.784026848499731,14.596958445664184,13.102801782618432,7.883918423367003,13.606450004672944,5.582615575386625,14.462733069890122,5.470196379304081,14.33670710600234,5.452276761222587,14.21909857345513,5.52977549462951,14.110117952941883,13.505388126194283,13.448247384520148,13.062923875266222,13.093549648930694,d1457cc5
26.339999999998327,5741,2123,858.0199999999986,21.239891124471672,14.968741671985077,10.824283914030984,3.005315908572895,4.48288406260894,6.053493622918404,6.237875568379165,16.16989192764756,4.079249441674466,3.2740649590186117,6.836855368516434,6.263267389322277,5.68133456400329,5.452946773241595,10.824283914030984,10.824283914030984,10.824283914030984,10.824283914030984,5.684708923048006,15.0704770138679,12.486343152405317,14.035425864034114,10.912456208910397,5.902056969839291,11.016313144443687,6.172255921724854,11.135415870400642,6.488706774383154,11.269281008222935,6.8449977207566945,7.674741233700771,8.299167431614178,9.580952702913011,10.083790844393244,d1ecf309
17.1299999999992,5752,2127,988.6399999999994,12.328495104603808,4.865452515594003,22.58226879748296,21.551605974498983,3.136219723640764,21.171796790113365,33.88373716076009,32.746004357927625,20.733017613683188,3.0434885676090024,4.436052093513557,5.721032129550115,3.3084587407837653,3.9587993106353943,22.58226879748296,3.120502698339965,22.58226879748296,22.58226879748296,3.6765658746522325,4.356047997333918,4.765018746123229,5.774449475232392,21.57300592902211,3.680450577725649,20.566037078277283,3.691170252437303,19.561716512512202,3.7086656310350428,18.560474138508333,3.7328414440111506,3.569332067375957,3.655050618066657,3.6567536424346447,3.756830103524718,d1ee630d
17.919999999998254,4170,1543,966.5799999999999,15.168724900355489,5.580896221745427,15.101590973952517,9.089045669028728,5.7633258337683495,15.155291180160491,14.902701895141263,7.3840107551896015,12.653904626261385,8.314956661492854,14.223643885352104,10.587825419210686,7.564169100794892,14.904908101189031,15.101590973952517,15.101590973952517,15.101590973952517,15.101590973952517,12.825431721802966,6.0263439171018796,9.00359818293757,5.962214023929383,14.217121953811944,12.074431040330913,13.337477915132345,11.329547879759936,12.463680491964753,10.592072955130373,11.597051325961408,9.86366807677586,8.916461994292586,7.919017695486214,6.70852667615551,6.074142675263021,d217e0c5
16.030000000000655,5195,1921,734.869999999999,8.721359959194208,6.1878835672133885,5.656352423059088,21.695625600664666,1.9265810837492177,10.244980051116503,9.424241550477163,5.179276062209553,5.621367587180275,7.923981586244457,6.413905351917414,5.210438294310487,9.098385837859626,5.734121226068558,5.656352423059088,5.656352423059088,5.656352423059088,5.656352423059088,5.205889235946887,10.358867931020761,10.390273569585599,9.445628229333671,5.2996289622992965,4.884623738920025,4.962090436630493,4.584532473734173,4.647918439865234,4.3100405488429185,4.362164612327751,4.066335409265846,3.6508324106597394,3.6924842166192646,4.707764040828394,4.827554769331885,d24ff243
18.68000000000029,4189,1549,909.8299999999999,12.430241193910089,3.21441171650708,4.921299249688357,5.017350226129724,5.404075455945199,4.678557535048674,5.768908914464392,8.048760902141447,3.222686575353611,4.681538922320725,8.049223575386536,4.337197592198001,4.814704633767128,4.4650157231472765,4.921299249688357,4.921299249688357,4.921299249688357,4.921299249688357,3.592858646236226,4.059351857499765,4.112613373059687,3.3878463038016293,4.669501176413934,3.411290072306704,4.4238459272239075,3.238128229061428,4.185415267187625,3.074793759442982,3.955515863896111,2.9229345978342667,2.7669949872470916,2.621256380413432,2.6768950673389402,2.6268433699372182,d273674e
47.81999999999971,5123,1895,729.210000000001,10.26109262845221,15.129404317259615,34.13243437577578,25.617236490801176,25.88818713535364,22.220494364426376,37.46735671029274,21.639026589273808,32.951921249980515,11.899768833330171,15.352957526346891,23.736560707871043,21.71538084074127,21.6552882363952,34.13243437603637,34.13243437577578,34.13243437577578,34.13243437577578,16.26882875403911,15.150910494592189,16.541923653001085,15.184075594811185,32.91942999795337,16.154288893883514,31.71733267707777,16.045246522076802,30.527430921901964,15.941814447852622,29.351207999320565,15.844102545543043,15.591576069074673,15.494944230507212,15.296059018103314,15.257147227582605,d2f3b1ab
27.26000000000022,5294,1958,824.2900000000009,12.662837345782409,13.528627483896324,4.3268855319650035,12.087516556351554,2.937072488218008,4.390448769694439,3.859469753966578,5.769459209129029,4.170337595778917,3.8868502659264363,4.6922460613159815,4.683060930149282,3.022809576322994,2.969145481620071,4.3268855319650035,4.3268855319650035,4.3268855319650035,4.3268855319650035,2.95618641217426,13.912920716500269,13.882169487335437,13.904156840534007,4.305208338750794,2.829395505737585,4.385446671402301,2.8751390446332796,4.562226365462201,3.0857535380817556,4.824947621068958,3.431010061674535,4.477261499119674,5.270721858051337,6.971648657764824,7.603696515854556,d3df146b
17.269999999998618,4292,1588,927.8899999999994,14.688639613239191,4.434235372241913,3.5989379687399317,3.569886288128987,3.586795662902065,3.641339861745353,5.69138953797297,4.21306114015802,4.074715741064801,5.873434059979435,3.5859633902777115,8.784297016966917,3.5962371301532263,3.5639703676743397,3.5989379687399317,3.5989379687399317,3.5989379687399317,3.5989379687399317,3.568280575659594,4.126468322928449,5.34606194176489,4.1293150381225265,3.5984005777768218,3.5845784215549084,3.6028242152098335,3.6041615109575242,3.6121906546450804,3.6269766303347164,3.6264615974204184,3.65296322183373,3.6331514301085237,3.6886346431015293,3.72858693677275,3.785965804198088,d40f61d5
32.72999999999956,4812,1780,749.3899999999994,11.84544885077227,16.4300848663576,8.690248168956474,8.68892369244975,8.691492322123946,6.1848898847714855,8.742531443543726,6.6518842261239195,8.662390839560842,24.828060312880567,8.683976694580757,6.232177595426312,8.542110751018665,7.878732464689601,8.690248168956474,8.690248168956474,8.690248168956474,8.690248168956474,7.731380670852539,17.06585665419873,17.02061042316257,17.016909745606608,9.042505302791076,8.109606008856831,9.401019485414825,8.498980403630645,9.76510158064924,8.89804034182754,10.134151503546017,9.305539838688901,10.311304350747129,10.896513633230194,12.176060813910999,12.592246848854545,d41beaf2
31.590000000000146,5103,1888,1073.3899999999994,15.4723539695774,8.42072025831655,13.29017092040502,7.521023029049469,5.012544225230669,13.603338200226279,50.636654866522186,23.25194718254181,4.8114301023393775,9.054779838655563,11.69749584975218,20.876997136544926,9.412703764014797,13.297502368060393,13.29017092040502,13.29017092040502,13.29017092040502,13.29017092040502,7.71455385688302,10.15385801981969,11.544410212421306,8.758861688797323,13.00588275687573,7.46599058231357,12.724300337187485,7.240500752420866,12.445607315420869,7.04030173519234,12.170002194810598,6.867605660305871,6.428684710649376,6.4114358401647475,6.640072386683087,6.754203488724569,d463e527
18.779999999998836,4698,1737,1132.8099999999995,16.566891702223547,7.925620267199056,9.54326559459053,10.076127090487269,10.425023917291602,13.573448420769399,12.639894692937467,20.879320974312325,19.777033206662864,19.49662172389193,16.650211589770493,11.876366411131928,9.379865416440312,9.849787802456504,9.543265594402142,9.54326559459053,9.54326559459053,9.54326559459053,9.67737214672517,8.948314067398107,8.65578869835906,8.890888319189925,9.367030480731538,9.520020415775866,9.198406341548901,9.36833622248966,9.037819194954762,9.222599213269612,8.885704797955263,9.083095657861795,9.164319529610626,8.964588852875373,8.955644836806202,8.808324455892127,d4f60a28
18.5,4780,1768,648.7600000000002,15.716212518795071,5.468236134495164,4.79659855501072,7.32561910344391,15.767590323068056,13.53333200865737,22.26856321704257,11.708286501423908,4.9411846818287914,3.4321986429009175,3.7727619315847387,8.430967567745704,8.504369212307152,13.838921406298624,4.79659855501072,4.796598555066132,4.79659855501072,4.79659855501072,6.92304003846399,5.721685788611302,5.068268332597618,5.376471286422297,4.812638112002283,6.705168802156437,4.830701297583701,6.496750146677859,4.850765505162338,6.298722472296304,4.872806016648806,6.112095844255204,5.482216958757286,5.332389895653923,4.947732769585083,4.938472320601329,d50c649a
27.710000000000946,4585,1696,762.1800000000003,9.852272845738304,10.104449591566999,9.548734610066308,6.899825752205522,9.752671910660546,9.291978245193487,9.522385438241482,6.628144744390093,9.122528371044991,12.997599484337801,9.154756277006769,17.45337315850878,6.481098286070261,9.618205912284017,9.548734610066308,12.34294474226255,9.548734610066308,9.548734610066308,7.69071778862692,8.701915805808559,5.660905706095822,9.88549147715043,9.495077395011538,7.764070555951325,9.449851885003,7.843543747605644,9.413179610909422,7.928953327696528,9.38516083790898,8.020109641038847,7.790371485679036,7.964743233985045,7.9593827005970805,8.126344939736262,d543916f
24.610000000000582,4008,1482,414.6900000000005,7.461762669582424,16.240247638607276,3.9221733118984687,7.723574842779866,4.121939777769706,7.763863698633814,6.567315882257349,8.861188231079682,7.427569641267404,5.583537459471768,3.7665353480253247,14.215329850743064,4.712059412437277,4.377186718225697,3.9221733118984687,3.9221733118984687,3.9221733118984687,3.9221733118984687,4.830599753970298,15.57465208199101,15.712291838569456,16.18957657786259,3.8869887551137055,4.506693153109285,4.021195276921274,4.343909781292547,4.308994442653816,4.360332672886437,4.722387800409361,4.554023459203717,5.294559445229638,6.092944491999125,7.76185881492884,8.535236472530427,d5df0ff5
24.280000000000655,3048,1128,667.130000000001,57.34173895025654,14.975347454988123,6.997780262605669,6.982120615841943,6.888767396458224,7.471505924167698,6.632105044000825,51.76409658083754,61.57115317375105,6.090093773536096,7.71182547218102,25.072088212453956,14.250888891448387,6.751466358620972,6.528228834299649,6.997780262605669,7.065522284619106,6.997780262605669,6.7080962726108995,10.781047110762074,8.2377670640039,14.4554494499212,6.465555178727438,5.937468469925772,6.026170817475159,5.241925862766851,5.701133348762295,4.655246541350314,5.510713564150486,4.2230477929327686,4.820763576546635,4.614082653325472,5.410294762320492,5.813750355705257,d60430e6
32.58999999999833,4293,1588,541.0499999999993,12.59151061432522,18.81617478942141,6.320851872657005,6.340298595585091,6.35755791905449,6.351629448918668,6.335031169557557,6.426926131826268,6.378414018382997,6.611436023611693,6.391363321336919,7.442373964083093,6.358094272058046,3.6649359374939356,6.320851872657005,6.320851872657005,6.320851872657005,6.320851872657005,5.534606578225968,15.849866443307642,15.821139054243044,15.864468832123876,5.411989124246847,4.718239622868433,4.626196629906602,4.058935119503667,4.03600982764476,3.642990182850028,3.7353268253028538,3.5568321077628657,3.854692876178698,4.831417296717666,6.585330516431313,7.715566716188458,d63196fe
15.630000000001019,5071,1875,738.2099999999991,7.9849579990388335,9.732679905066442,6.997767575955584,7.080118478407501,7.853447820910192,19.410007708835707,15.002480734259327,8.135105284559856,7.37960634984681,7.871925650402759,8.08234624686026,8.864526576073839,7.169313783825895,7.172096954856772,7.332624582955227,6.997767575955584,6.997767575955584,6.997767575955584,5.702089635630113,10.128906787580101,10.094201453196085,9.812658800104204,6.985674073233379,5.096500961426166,6.992078164744598,4.522235540367656,7.016929204464995,3.992831440343149,7.0600323974563395,3.528539065266975,2.9623579008402454,2.9308176564255186,3.776976511657657,4.236503485283626,d6c320d9
36.95000000000073,5592,2068,536.3600000000006,11.48158539767543,9.84214083482051,20.53232703619521,20.411254325689843,20.460800317705687,20.428877945524913,20.355752566923282,20.621847782579604,20.51419020870885,20.242242717389757,20.421811261217968,10.919282831202718,20.456137872026236,20.391813475730082,20.53232703619521,20.53232703619521,20.53232703619521,20.53232703619521,16.91446306032813,10.481891867277795,10.43185138072853,10.521772439141673,19.93728861666688,16.50803075989299,19.345292646834437,16.104814091539122,18.75662720596157,15.705060734666754,18.17161597215727,15.309041996127819,14.8258470753929,14.254856242776786,13.490843957840182,13.074259183215073,d6dd7330
15.229999999999563,5673,2098,955.0100000000002,14.924385757427594,5.145693818006445,5.31079748957529,5.215124941346309,5.930449440067731,5.413549190702583,6.5253834452779,10.433057575267359,5.489993845722069,18.180551690896653,5.698818097786187,6.739432026143695,6.1782257442814155,6.3025729630093466,5.31079748957529,5.31079748957529,5.31079748957529,5.31079748957529,7.8556269428413525,6.0640877029122535,7.024391348962623,6.0335416656267284,4.961590281735875,7.355740693839296,4.625872790289539,6.864251487900412,4.306800763869856,6.3830992995206,4.008351203047953,5.914807324854236,4.732094344022768,4.226451926908518,3.367642091380227,3.2618174011707883,d7ba4f9d
56.31999999999971,5262,1946,767.1599999999999,13.136111224044313,30.69696954959469,14.302928819488791,12.465314881204797,12.549061695187756,43.23465194970871,11.872372079520767,29.767320867926763,12.50200665726065,11.302555489857678,16.79486663995595,11.951207082420197,10.58569722209825,12.438910899947599,14.302928819488791,14.302928819488791,14.302928819488791,14.302928819488791,12.984413094236738,31.835983590258742,26.49935910959516,31.879199894866787,14.954899656384478,13.690747633497416,15.639665720583418,14.434922429357089,16.353107752737362,15.211384806591068,17.091635138149226,16.015439342770716,18.02122330182676,19.206981544367768,21.799450519530158,22.65987205753176,d7eb0be8
34.47999999999956,4195,1551,744.7700000000004,13.019282708706484,28.387863888677735,6.197679710810054,6.287293056155554,6.136031766026145,6.087914356672349,6.490400954575309,18.24919654016064,17.562428142703443,6.239664362758956,17.25867776112978,15.548804708764884,16.93675658444752,6.399440887640632,6.197679710810054,6.197679710810054,6.197679710810054,6.197679710810054,7.719538347871237,23.810391930533278,26.22564155952358,28.21514722020705,5.044214715206374,6.382485307190934,4.22861591780429,5.271954587536042,3.965161441781851,4.556690875388753,4.355231352106208,4.432369386562976,5.109968149147555,6.754271075196026,9.602727161394048,11.363319782270251,d84b621b
48.81999999999971,8863,3278,810.039999999999,8.773664929019843,19.41080324928237,19.6447546801656,14.2663528546152,16.76941078678315,10.812284097828043,16.34906586550119,6.334147636017212,11.832603236871545,10.933218278044807,23.60806580528603,20.457095060230085,9.244933791076301,9.695269184676603,17.49508921944955,21.700875028254735,19.6447546801656,19.6447546801656,13.439003672711843,19.248714915688012,13.399064873293373,19.384390478505,19.545573484059542,13.72555713221578,19.4551679802231,14.01385476173803,19.37366102206113,14.30379109870215,19.30116534299798,14.59526848421449,15.119495506070855,15.54012336088959,16.274827112917094,16.58404380863219,d90aa14c
86.57999999999993,3875,1433,1008.8500000000004,17.7007752246861,43.70253946618665,28.58122327059045,29.00363883089881,27.96718975844203,28.105633406344875,28.075193040754215,46.42991943195568,37.801475745590075,38.18323295769644,38.69021915937372,28.744125890706645,34.91164476272755,28.406213088732482,28.581223270757693,28.58122327059045,28.58122327059045,28.58122327059045,28.211120223685707,42.65947503873674,42.58933428802019,43.25006509336838,29.305901263267067,28.956128999389744,30.03535252083171,29.705685200263773,30.76923756348821,30.459453114576274,31.507246569881115,31.21712765605945,32.43810020025053,33.54307972964716,35.31772785447078,36.14622377027696,d924e971
13.420000000000073,3760,1390,808.9699999999993,22.19234675086007,4.309065450094097,11.87070394248025,11.821574482349046,11.545117688975534,11.957089974904314,11.492372781214533,19.846595793084994,15.075388787563176,13.425434354014914,12.231071472414484,8.852846257355406,18.247114934765197,12.084562567453382,11.87070394248025,11.87070394248025,11.87070394248025,11.87070394248025,11.85320675631322,4.774770702972143,4.7762259370897535,3.6618496300051158,11.467850036007194,11.451950301544407,11.06595318487356,11.051625843847194,10.665121584605865,10.652338459604717,10.265480019083281,10.254209296957043,9.530467178803283,8.973936916022575,8.034600322234178,7.637536666664817,d9ae59b2
32.5,4862,1798,712.1400000000012,17.093779105600394,9.53560929094573,5.163087323959782,6.143558343075378,5.253046572712267,6.186443402808119,4.770241529497735,12.496065049549747,11.82613028543465,4.396891761328713,5.919057413091247,6.156876775299059,5.038889247434372,6.513603257531278,5.163087323959782,5.163087323959782,5.163087323959782,5.163087323959782,5.4456013300836466,9.185282907438152,9.166054492354295,9.283572162362349,5.245360641147808,5.610454802157511,5.34960467027597,5.7819086396077,5.474564487925188,5.959393185163194,5.618858146307344,6.142385688218927,6.355787133442316,6.6521623654909,7.089317925033545,7.324840272099839,d9d6d94d
76.78000000000065,5790,2142,701.4300000000003,14.259979307132609,20.612848394786223,6.376824369236662,6.496939753620474,6.436014117117646,6.653950269631087,33.878856413941655,6.184833978457673,6.3741345920272225,7.516055561102443,8.272989420257636,15.166450957795664,6.430887017547282,9.11025672778638,6.376824369445622,6.376824369236662,6.376824369236662,6.376824369236662,7.076128848266005,21.776204240866107,22.615851090229274,21.70721496819248,6.862788329839108,7.645798755435763,7.4078889000129,8.242256942902948,8.000046994885325,8.860094931201244,8.629580844774248,9.49514015904036,11.151506066226663,12.05581179310547,14.110128421855446,14.743584333999248,d9eca87b
11.969999999999345,2604,963,577.0900000000001,14.350461433424039,3.073192992470592,5.412738926844171,4.4621736566939845,4.958743945901111,15.174393265946552,15.298604592052857,8.201849581944328,7.68833263479715,9.837775812270525,5.454634296803071,3.7298845290691953,7.436784377368812,4.662591636182357,5.412738926844171,5.412738926844171,5.412738926844171,5.412738926844171,9.490372458205032,3.004157481488086,3.14860510285176,3.0507504239126715,5.162269520220737,9.031507988166373,4.916770490630691,8.575512169161925,4.677024595252603,8.122868130463246,4.44396305346602,7.674168987234242,6.475694648769885,5.904590729018664,4.603157458563891,4.27415299421335,da2d4d7c
45.57999999999993,5188,1919,625.8500000000004,17.21315693548724,29.062182655434494,25.841928215142598,12.890608442946698,34.606696683708286,6.468641451766719,6.818581323501699,23.562828154236172,6.739138021373463,34.886943791394074,19.993787626366494,14.487051692156715,6.710609703609548,16.345658003582844,25.841928215142598,25.841928215142598,25.841928215142598,25.841928215142598,16.00465273056714,30.88918366238394,30.400620099094077,27.63287806742471,25.97870088426058,16.636966141771307,26.11828920769532,17.27289606079277,26.260648285703628,17.91205730226422,26.405733305094163,18.554115926672615,20.41000718979273,21.25806491917981,23.384561936282317,23.940869405527955,da3bfe4e
18.30999999999949,5541,2050,767.7600000000002,7.6979172635924265,9.755499439783621,15.38598367174053,3.671304308802503,15.473302442069029,15.362783998379435,4.6417004904737995,19.80323736536061,16.180371745011534,15.803600714454548,18.71276004889228,13.397311695380287,4.551603168071243,4.586076929099379,15.38598367174053,15.38598367232883,15.38598367174053,15.38598367174053,12.346455257871662,12.30921294173177,12.792386106697556,10.18212489997989,15.039450275944436,12.144472455803589,14.697157016473138,11.948254241721044,14.359407120069429,11.758089216354985,14.026528794454464,11.574275744711306,12.003352528146209,11.702073928727112,11.931385712772128,11.669328559966653,da3cf798
18.63000000000102,4958,1834,780.5900000000001,13.16201748571024,10.292680770848744,27.784203072556632,31.97516460615881,31.11676168119184,27.52838781936814,21.809665450431734,23.347937797754735,30.401051583146828,26.992729381453525,21.855972075695522,28.651175183909398,31.280987402450588,24.156627504185742,27.784203072556632,27.784203072556632,27.784203072556632,27.784203072556632,26.913367391517866,5.938034222161524,15.659082731266341,5.693441163937474,26.89430145264503,26.06057362653761,26.005028835354263,25.208695302401726,25.116452032136284,24.357828467788305,24.22864759929419,23.508082954482834,20.382440240882328,19.34247501874751,16.06767250626864,15.46953207265538,da940160
20.73999999999978,5247,1940,605.7000000000007,9.084537662028144,7.624023873446882,3.7582128100066727,5.118046925146226,4.6184126292924415,5.067891922008921,18.348498717138984,4.3199013683245555,9.88678423163349,2.9794786228267056,9.42526739376525,23.44881350622871,2.9987368935627075,5.092760195706315,3.7582128100066727,3.75821281025232,3.7582128100066727,3.7582128100066727,7.445329138225197,5.802067110267988,4.880939179762734,6.766991791866861,3.8775367168787263,7.432258451048056,4.010249062922114,7.421499012999584,4.1550671707018125,7.413060887835611,4.31077115257727,7.4069520090009435,6.772226841227184,6.8378595988949495,6.397685132499614,6.510020413693664,dafc88c3
18.590000000000146,6653,2461,767.7600000000002,9.713943616152639,4.031780558471351,6.4627411848199205,5.147123210847758,5.177802301283443,5.586497015719912,6.241139506683998,6.638374240738165,5.578644561496756,5.719079208844589,6.176789337810498,4.99842519074561,5.3729836168469625,5.19995688563079,6.4627411848199205,6.4627411848199205,6.4627411848199205,6.4627411848199205,6.060277150154359,3.5881165176589724,13.337583554824768,3.7800432729863434,6.173112301580759,5.802926819687464,5.89054898289001,5.5528895867827766,5.616117797703966,5.311198396008462,5.351070068826164,5.079044850256084,4.416720021566269,4.15854607027249,3.58050555221707,3.4853813855509688,dbee6c86
28.889999999999418,4785,1770,928.1099999999988,13.147351100583814,7.376255984650577,2.279522243011489,4.539642193540565,4.250682431256794,6.151255920151547,5.743401876763758,7.042837905670883,5.761901779456854,5.76798294797277,7.164532953212088,22.478574666017852,5.768493396604286,4.10887958546621,2.279522243011489,2.279522243011489,2.279522243011489,2.279522243011489,4.697621798590829,7.073267814508085,6.933117826808936,7.074161375318828,2.3039105734394867,4.699928109860348,2.380553522602066,4.72005666322734,2.5046586767648655,4.757781264546191,2.6696149478450533,4.81268814794988,4.924412137571647,5.06591532413117,5.353528748608132,5.5058102450345325,dc5fbe29
26.43000000000029,4871,1801,1024.9799999999996,7.390238853366268,12.171725412932668,6.263735956859943,8.359928303140135,8.40096490859879,6.692965650428599,5.45206446972352,6.37537757997373,6.762289391895454,5.127274607439082,6.818978533039747,4.6639264073334,8.390348595599372,5.1287614712917176,6.263735956859943,6.263735957160944,6.263735956859943,6.263735956859943,6.023175865707285,9.035560230325522,7.1882651381946765,9.22316267597445,6.4501641731880754,6.281109375699039,6.6557189330691715,6.548339593348059,6.878685783061383,6.823774383008918,7.117428511708657,7.106459821223805,6.719815129809764,7.221439733629294,7.302548146050938,7.755847833667656,dc7da28f
23.040000000000873,4528,1675,821.8599999999988,20.831721328330485,16.439618950741146,3.6132005542725287,4.299439482102939,4.980706022940402,4.464070212414135,5.286125716694996,2.9362183573954703,4.732036309611879,7.432622305471506,3.8699848383632975,6.445783024844824,4.792967168486601,3.7825355107385015,3.6132005542667,6.485621256631444,3.6132005542725287,3.6132005542725287,3.821423269088212,12.999779477948007,17.097344829559493,14.832842825329688,3.529856889951167,4.110617789818545,3.6443027130006453,4.505017793187046,3.9393370059853017,4.979688334662552,4.378606058070991,5.513937830111022,5.778718619288367,6.725967240057585,7.683004096358961,8.513821292348144,dc7f9757
14.840000000000146,3719,1376,706.2600000000002,14.219252064169444,6.211379624355576,3.247333815080331,2.6236684498536866,3.372649662726783,3.1007736952523377,3.8991481752629435,4.441034246566392,3.4427870402118916,2.6952421496879,3.8314495541036586,2.652266413486429,2.4020568309598382,2.6105180083348403,3.306173571745572,3.1437069124675183,3.247333815080331,3.247333815080331,2.8640326648785828,9.810954698977689,9.508255998461642,9.779634751626618,3.31711925420606,2.9735396446719484,3.400105910580249,3.0941541760964943,3.4953536410742014,3.224630094528819,3.601889888052759,3.3638200846213184,4.567977646151303,4.721694154456761,5.988108092080984,6.006588617480828,dd168de0
16.649999999999636,3692,1366,817.8999999999996,10.442845267364529,6.87830629253755,2.623023046017476,2.8700348525733452,3.1942586720824777,9.622791731248919,9.678351792454853,7.271538493638046,2.8356828529243816,3.36720297431584,2.630803622275866,3.3808093377133934,2.783358345273374,5.558541478037055,2.623023046017476,3.3482491838033743,2.623023046017476,2.623023046017476,4.724767455513842,4.804784592856135,8.610124929413404,7.834182223122596,2.524699891101343,4.829455368587937,2.476699628017255,4.934579964024591,2.4819436782131947,5.040113917479567,2.5401022938714815,5.14603204388178,4.704229292766123,4.914947060206781,4.711880644476059,4.918406103669617,dd64382d
25.1200000000008,4208,1556,1252.5599999999995,15.673050639395493,7.888023221153072,12.628634153523278,15.774249487613973,10.98982648290847,10.974823878273966,15.199824024852019,13.238609505101794,14.211081601274953,10.914965898351474,12.735276125563235,13.080163280169959,10.976416661444992,12.610888004513516,12.675797163034236,12.628634153887129,12.628634153523278,12.628634153523278,12.528403205905503,7.482665889042118,10.07803176062925,8.086331431023442,12.072419567011664,11.980806066488523,11.529897868554292,11.446950017410362,11.003094680836893,10.928848932277248,10.494377413192288,10.428851176097755,9.968871535613523,9.296904251468725,8.601507759668063,8.199121004767315,dd6bc5b2
22.700000000000728,4414,1632,773.5499999999993,19.735992208099905,6.228684041875937,5.281662175772349,3.328683348459405,5.003393558567582,5.342883951084152,5.486228525571188,5.597759455999649,5.209906802453503,3.658915149987075,5.20541886858511,26.372138601136676,3.555621049794098,5.2775926688234,5.281662175772349,5.281662175772349,5.281662175772349,5.281662175772349,4.46006600005241,7.893240166512007,7.9620656005272545,7.986181041666366,5.241925047650655,4.4679099880834805,5.211620768100447,4.486019986774208,5.1909145451367165,4.514272444723494,5.179921481879514,4.552478535037137,4.8209537406947245,4.928434423685497,5.471590149964362,5.539119388932256,dd7d638e
15.159999999999854,4722,1746,760.3799999999992,14.733400143546415,5.755611145388804,2.026810399876734,2.159431337005709,2.9162307128885083,2.8783647312338303,2.445206962561201,2.7395843057059537,1.9264113456686216,1.6993192457100683,2.056662527136874,3.481248081814509,1.4045341068059594,2.6208390660713725,2.026810399876734,2.0268104001407243,2.026810399876734,2.026810399876734,2.857852603958615,6.182655558442965,6.182370395411541,6.219026681338317,1.927016657279928,2.651933876257939,1.8743242752041713,2.4797137614888753,1.872713344483608,2.3486171826371685,1.922312290808909,2.265793520827282,2.195884679014476,2.361541236189225,2.9118164581877743,3.1565768432499586,ddc790ff
38.399999999999636,5752,2127,961.4300000000003,12.53512964424736,16.995853408527264,15.473251839079007,12.325356945896212,14.995038802541208,34.55192101471976,17.8147297660523,32.14566715335974,18.27903275969383,18.002421421528496,12.834634135358108,11.345052480432718,12.833670499854549,18.89007582970887,15.473251839079007,13.948781608257791,15.473251839079007,15.473251839079007,20.360542514573854,15.575913754040565,16.22904962470553,15.576244748636167,15.472494470294919,20.147593773460706,15.480223264022591,19.938551963790136,15.496425522923962,19.733541246941403,15.521074710986781,19.532688551669143,18.714781551633227,18.493909297104455,17.703970015547746,17.604519659085383,df71d1ff
45.51999999999862,5220,1930,1004.1399999999994,14.480315604277,16.155722526831525,27.21040207086956,26.025869304379892,26.02463792594561,27.208035864569837,7.166530575516275,61.55244974411192,27.334523149158276,27.124233969813822,27.58374713646064,15.161781474220748,16.50152440178085,27.21401277039231,27.21040207086956,27.21040207086956,27.21040207086956,27.21040207086956,21.910375707892168,14.900068541718259,14.886901479198091,14.91422693783577,26.619592491627863,21.610836625936525,26.03121185634842,21.312232769319987,25.44542866071451,21.014604004909256,24.862426500095896,20.717992356437325,19.674419843632016,19.31271468244664,18.23478372389902,18.023080659806215,df73b8f3
38.69000000000051,4143,1532,697.9200000000001,12.6802804217421,10.99951393721269,11.182403261572402,6.928568002263522,16.963557507301466,12.655725194562963,18.521727858042134,18.046645681769675,9.367356409611295,13.743243958671538,22.904680515627582,15.906525505804483,11.270710105844142,21.45228890184074,11.18240326168642,11.182403261572402,11.182403261572402,11.182403261572402,6.451333221132775,11.264441932008344,12.02543188096479,10.968301731238524,10.7719115685183,6.483530620922005,10.3898653268193,6.544198516680173,10.039512473859308,6.632555696708032,9.724279225218604,6.747514493877826,7.394438597796015,7.578886124277955,8.327430599623913,8.485962323027307,df8290be
22.23999999999978,3838,1419,895.2200000000012,13.244902195269248,11.96612619578275,11.488516721805386,9.641010233150416,10.920136082148645,7.138168085276186,4.080297910155329,6.4506659527534955,6.536543816104504,9.85720676598747,6.776003543329821,9.824156927780484,4.268258531896275,9.660205786715702,11.488516721636056,11.488516721805386,11.488516721805386,11.488516721805386,9.821031730505924,11.870414865877867,12.02776358786077,11.855199001109268,11.506410062161853,9.922364646599979,11.524954496301781,10.024437995520262,11.544146886487585,10.127229388603055,11.5639840065407,10.230717182590457,10.410325061748763,10.561069325864855,10.816484982224535,10.929142044937468,e0079ed1
75.76000000000022,5171,1912,746.789999999999,11.954294931063433,15.527740153412529,12.860835780573558,19.48285061617442,14.203922098351569,25.602473330094202,19.37300952260599,46.430568160293724,37.406051444399345,15.741058812415401,40.024057641199626,19.39782015169315,16.081172652941188,18.502889770068656,12.860835780573558,12.860835780573558,12.860835780573558,12.860835780573558,13.236492929768932,15.446159889989717,15.382183823880316,15.38954610058319,12.774907571756929,13.288978132638906,12.713212766264954,13.348762536207925,12.676105202114755,13.415748558868486,12.663801018302227,13.489828918480027,13.601411744850664,13.743446631928622,13.997071780174501,14.126826136008926,e03b45fd
29.209999999999127,4901,1813,820.2999999999993,11.683556660130112,14.220715107753744,17.380190413124453,9.570650020811945,10.754384722180456,9.766274869192282,10.551454863740405,20.564323362344403,16.654540333984578,18.284036684757137,17.268074796598782,10.842136154596925,10.432442659965208,10.608054768763363,17.380190412838488,17.380190413124453,17.380190413124453,17.380190413124453,7.676848275166129,13.652036296531932,11.152835898636729,13.693495565854478,17.169333344178693,7.776818398349241,16.962970075407565,7.91298746507871,16.761266589475987,8.083526340941786,16.564393112830412,8.286313224076963,8.678170420464793,9.082809948223359,9.830376476857147,10.206985095528937,e0f36d98
16.710000000000946,5511,2038,770.460000000001,11.603782789890483,8.801059553548315,21.644137457159328,22.048442522308683,12.198458203084947,14.28959263820933,22.051678532462756,22.534354912243188,17.161384933656983,12.099381402653165,22.42912507453005,12.466561869781286,21.97325939881241,12.581488760852944,21.644137457159328,21.644137457159328,21.644137457159328,21.644137457159328,15.7685975154609,11.63382827429329,12.410690184899345,11.632053566278278,20.930543683463345,15.387412549858528,20.219957636583263,15.008177399341688,19.512707912638305,14.63104368171578,18.809170865869586,14.256178172217266,14.427102368710312,13.819908825965003,13.573484790727854,13.063935440710171,e149204f
19.649999999999636,3634,1344,745.4699999999993,11.332233695272333,5.777895810283945,6.402887256317754,3.055695179149112,6.395229959830265,3.2929214516808374,3.0170513160766226,3.161971563333886,6.282583613973619,3.662615515765533,4.045418401392417,3.8112761056929108,3.7210385561843258,3.7476987950903724,6.402887256317754,6.402887256317754,6.402887256317754,6.402887256317754,3.043351277091473,6.049740091389344,5.903475015083297,5.948953111306984,6.302933024757964,3.0964161139952617,6.208911390776199,3.1632675428725077,6.121095739237333,3.243053096408045,6.039756773725558,3.334844563993743,3.6313610599588197,3.79714096030965,4.223707101386066,4.359942527511723,e14d641e
31.389999999999418,3513,1300,1082.4399999999987,17.041223070890414,20.25887401473816,1.4958996776406441,1.8257731069632965,1.4486779364752345,2.0813014062818973,2.0277886132444243,1.2036536900867485,1.34478266122201,1.7065675978914971,2.3897380397169266,27.230607187923322,2.767189221612516,1.5979709660834036,1.4958996776406441,1.4958996776406441,1.4958996776406441,1.4958996776406441,1.6984237317523123,17.606347598967563,15.475218984519339,17.72436306171871,2.0013897565470775,2.1377018755431916,2.781304608210255,2.8674809639771617,3.6644234121730745,3.720574751673057,4.591578358005075,4.629304215618847,5.743319896205055,7.162042769912453,9.08793289627827,10.194856631253609,e161bd0c
40.529999999998836,5046,1866,809.9400000000005,20.821932491223805,16.398685905439823,29.693219507455613,6.438488283358263,6.391224844484403,7.285718841985239,16.637655687487754,37.57675457475431,31.787244908276893,5.888877729657405,30.534357108980583,29.62367691190334,5.323298704074345,5.6516698715496245,6.335989845331171,29.693219507455613,29.693219507455613,29.693219507455613,14.375055936010414,15.086203694581135,12.271521229003353,15.293304904140612,27.974670558217603,13.477415567958964,26.280869631864647,12.633238941568141,24.616925722291338,11.853953789911008,22.989322805813043,11.153170548644908,11.049329452957995,10.349160007761865,10.439113781942053,10.351214177745563,e201fd6d
30.7400000000016,3663,1355,781.4099999999999,9.784592513184517,12.19237701834071,7.885809046183628,12.024078322000177,7.464929108721896,13.986073091015495,7.798683069220783,7.943750390477466,7.7177079579656205,2.3614422544317075,7.926733762038494,2.4447438793857903,9.992425731923603,7.35302163328807,7.885809046183628,7.885809046183628,7.885809046183628,7.885809046183628,5.613381093643993,10.070416268014231,7.568541632350534,12.607637452763504,7.8854510300854646,5.780394849228441,7.913935876563286,5.977635172834361,7.9709543747505105,6.202218977274471,8.055900676264825,6.451291232043565,6.540154433019445,6.987501389568641,7.409806952403055,7.829314154092805,e25f1537
34.68000000000029,3900,1443,813.0600000000013,11.581377577320566,12.959675147281429,7.748146627058765,13.763999093901576,7.855850632247051,22.848698093831835,31.27313045372997,28.88014938936278,19.350623789464574,7.135800347839176,8.727918078416558,10.625502557243967,8.993410041776862,9.939386862569634,7.748146627392282,7.748146627058765,7.748146627058765,7.748146627058765,8.070691085881908,11.29427991484468,10.902434323557388,11.914528292630347,7.9610384303949,8.240566075370737,8.181592078369295,8.42183327023159,8.409204736137633,8.613773491964606,8.643318747014588,8.815689630446128,8.75835136096554,9.12109125653033,9.37181147863198,9.70216542871078,e2fc7745
32.80999999999767,4488,1660,454.1900000000005,14.496725278642863,11.985773159121726,22.572907399664746,6.201505344161929,7.921844709747309,7.950917527960248,11.156056015392075,21.507521218805607,9.004578986048873,8.004699559606733,10.356294054133162,23.264935905423254,7.890602283296048,11.054979242171763,22.572907399512474,22.572907399664746,22.572907399664746,22.572907399664746,8.305165845655207,12.217358575282622,11.867936789552363,12.385790379299717,21.884850898677044,8.388726832657229,21.204988112012398,8.485984128549719,20.53413291068936,8.596472881075371,19.873197516929963,8.719690130278678,8.840982354806314,9.099507329950118,9.559426458572348,9.784713500093885,e32da4ec
30.230000000001382,5324,1969,885.25,14.697381222121013,13.768518116867167,16.245740184827635,24.781770009378672,17.229064453559413,19.66209592534252,24.725165839031895,30.836582365777748,25.003662047667806,16.187220937069537,26.459641139582725,16.60399660392293,16.245967698029286,24.771839511710855,15.982157023123268,16.245740184827635,16.245740184827635,16.245740184827635,19.61670423458639,14.666054372735202,16.802436175150355,13.805749237265845,16.106077896433924,19.31309179639874,15.967833403627612,19.010326536756175,15.831043849126772,18.70844958624814,15.695747272649244,18.407504648848036,18.086009893685702,17.641032007113303,17.084060664095357,16.74422804815856,e3b34f5b
47.960000000000946,4889,1808,639.8500000000004,8.781891031305129,23.12834649333247,16.41050230642248,16.44789252867254,15.479782101105569,15.63738715944231,16.43250717027131,19.282172418036456,19.329961527505905,15.984782142561714,18.73955193919205,11.519392129820256,18.51835988146102,16.428650596765863,16.41050230642248,16.41050230642248,16.41050230642248,16.41050230642248,16.67815569955813,22.60415080479763,21.610438626254776,22.601378032208025,16.610226817702348,16.898594779598298,16.828501010738666,17.132903453422482,17.06461309106926,17.380520797618562,17.317833466510862,17.64088639727132,18.048271223834956,18.47807145363149,19.184839143590718,19.543772841775798,e45a2a62
22.109999999998763,6519,2411,958.4800000000014,23.843779320079268,5.35835832100691,16.17844595960608,9.760924767177613,7.014209937225376,12.571602085797506,14.98925699714442,21.984198492428625,9.310168390509054,8.37440377077523,21.325104018775665,15.407248733986021,9.930129100045777,12.054008683537145,16.17844595960608,16.17844595960608,16.17844595960608,16.17844595960608,4.884050856569138,5.4368387294874445,15.387936177826274,5.432279468506753,15.369257237945227,4.8277420193774665,14.565256978834265,4.779473414255784,13.767354215965378,4.739490701047405,12.976673756835675,4.708004988193704,4.3826874542412355,4.421574833630767,4.374703852635273,4.450525013072411,e46f4ef4
23.590000000001965,4576,1692,586.3600000000006,11.230368876186619,6.78773161525792,9.376197197266364,3.9460706329700996,5.090426626548735,3.7520792510243126,7.312842522224182,14.92130089867798,10.031996093086676,4.3309664943940485,7.4306935230442726,4.131451868618303,5.519691113813053,4.180983439554654,9.376197197140694,9.376197197266364,9.376197197266364,9.376197197266364,5.68668372213953,8.259756582518339,10.146414445146009,8.275491933384865,8.807743411354144,5.447924989278514,8.25272570818004,5.231972023422078,7.7140447707167,5.041756187167279,7.195370687514738,4.880287827547641,4.671791365108682,4.652576558117241,4.994964121590313,5.10252593321414,e4726608
49.279999999998836,4407,1630,901.0799999999999,15.419399105455863,23.5514646470381,16.008764159912637,14.566479717542881,30.071386913528357,28.384500799301417,14.922149415138502,7.401390828960917,13.561308509350523,14.641751355889742,14.863803774751247,11.495873733702771,15.930039854338963,15.110648765311081,16.008764159912637,16.008764159912637,16.008764159912637,16.008764159912637,17.422297952388032,20.286252509753474,20.042291139675367,21.182305403784103,16.323403921446772,17.719788636657455,16.647106035702958,18.018508491487047,16.97935220411836,18.318397384373082,17.319650727000507,18.619398828903158,18.24788378257336,18.77023108001107,18.815485548108985,19.284605304731198,e5864244
26.979999999999563,4327,1600,633.6700000000001,11.591374381918488,7.552159559032677,10.239306864935758,7.074087944048677,7.660091148998861,8.283912825215468,10.358429888525917,10.412614923017033,10.18727781687481,7.075400185094255,10.350889166088724,8.321968634411004,9.837096573366752,7.169574660628708,10.239306864935758,10.239306864935758,10.239306864935758,10.239306864935758,7.566878182299438,7.880080167033237,9.032229362241408,7.887705753693574,9.722134500119484,7.36041479228146,9.221250221241636,7.170565519574493,8.739455033773666,6.9986825398774055,8.280081833666376,6.8461192061530864,6.649830708832467,6.536468492973944,6.51368407109812,6.520702831042851,e5c92e59
21.709999999999127,3065,1133,850.7399999999998,13.815636137242116,10.152297614409637,10.413497420584806,10.411100058775602,10.398547209267132,10.404243811700619,12.268812557558666,10.491112755847212,10.357860523438282,10.442311753523255,6.529099566531766,22.54635713629587,11.305929844757756,10.42146163975289,10.413497420584806,10.413497420817269,10.413497420584806,10.413497420584806,10.408751748705638,11.386500616106732,14.041721619370762,11.382038232364765,10.37142482140429,10.367626843858611,10.332267643764345,10.329348816306526,10.296059150833976,10.293949424415331,10.262830552601688,10.261458459890235,10.548391437688945,10.48422070967187,10.717756619711121,10.649177098680696,e5ff9fd2
30.01000000000022,4350,1609,792.5899999999983,7.2496634644061935,10.368800592360422,8.945990699382222,3.1535061806262297,8.961684328005322,4.688518593521636,4.243633598892168,3.457851182325277,3.1058789752171085,11.620657341409608,2.9012014545868303,9.087776325181608,5.091472856692598,5.121868990616243,8.945990699382222,8.945990699382222,8.945990699382222,8.945990699382222,3.130851589078763,12.345226873237918,11.35639640006434,12.326182165682964,8.948758453688482,3.377292342047735,8.959309734845464,3.6545052891376026,8.97761709925188,3.956026757605691,9.00363323498149,4.276718363337768,5.619606008685539,6.030076131153743,7.489985537103885,7.733083029117023,e6c55748
20.0,4722,1747,810.9799999999996,15.702895987292836,11.599582042376761,14.995279152108404,14.607348105479925,14.667762543164919,33.0999143624149,32.91572675228028,35.64303755985299,37.48070105786398,14.870362163736758,15.814405389373894,16.26716356574242,15.004643036588668,14.755067877660242,14.995279152108404,14.995279152108404,14.995279152108404,14.995279152108404,22.943747561797988,12.522807502749593,14.329127067918467,12.776584529542477,14.82380042173404,22.369897834455973,14.652462638696234,21.796418026038463,14.481270805926894,21.223338123511976,14.310230161391836,20.650691420417697,19.786568339665443,18.95870148244912,17.692156487176742,17.07628863232534,e730c32b
30.399999999999636,5617,2077,660.0600000000013,13.674763918244182,17.175736752440105,11.212234867112773,3.498741149504673,18.695639837970628,12.535333204110644,15.12537939788676,13.084608018377923,2.643040481334477,18.756170815103378,18.161020275629514,30.195675574300303,18.92691320684169,3.8712158755790824,11.212234867112773,11.212234867112773,11.212234867112773,11.212234867112773,13.643683922450553,14.362448004905268,24.210811805439945,16.26007620715278,11.167133688604723,13.73226964646049,11.166592760170342,13.831774941791036,11.210618532095259,13.941966007968842,11.298690048907252,14.062591653896831,13.486051666704265,13.772777254415496,13.562252763033445,13.87740890215974,e737965a
19.399999999999636,4573,1691,697.4299999999985,11.490108694407802,7.428222531984518,7.854813220182035,7.854820662354571,8.027239655817185,8.133655064680953,5.466775963306211,8.592609963927128,8.4204391852972,6.995465883953117,9.785692904502994,7.945355257558289,5.234694183284799,4.190415541224736,7.8548132200353775,7.854813220182035,7.854813220182035,7.854813220182035,5.294069069099716,8.063981794595211,8.053344083632297,8.075324582412328,7.80592552531901,5.355466096053573,7.759712205275559,5.423001226940768,7.716221311594609,5.496448208853367,7.675499121836014,5.575573416398818,5.9529408829890125,6.065794635791324,6.491132650819096,6.568133293143609,e748dd88
24.399999999999636,4985,1844,926.2600000000002,20.35319797721378,4.561749785259187,11.83299645868436,15.210790713210402,14.814177605585831,8.047350174467322,53.960956964993855,35.51581099886628,26.83722393519694,6.252382753290512,30.493617961939695,5.9369519324416355,5.274727200863687,12.050263258714423,11.83299645868436,11.832996459011737,11.83299645868436,11.83299645868436,5.685738931549614,3.676702787848054,5.308917098833185,4.608172601386653,11.269565218823416,5.544349518548288,10.71116951525953,5.409113888161115,10.158639755455807,5.280504863319506,9.61298747064922,5.159018051254143,4.700610372402045,4.578572924920045,4.178485067323349,4.1476822335117145,e7818f7a
23.43000000000029,4128,1527,946.5000000000009,19.232338905778168,11.016871230979325,8.305150799707082,8.29856751862725,8.649689176826731,4.797985613465494,8.08979121050224,11.254600676525639,11.657639514495262,8.196032108731016,7.26522838300822,10.90842922368182,11.603407271224357,8.230735040001386,8.305150799653822,8.305150799707082,8.305150799707082,8.305150799707082,7.7006675902768364,9.642363217119808,10.682681102277613,9.648621889185913,8.262720542720492,7.82775883069357,8.241318919441035,7.960294339774914,8.241109761459239,8.098006812112713,8.262094678259341,8.240636709076988,8.194566227454029,8.432703633825673,8.570704330906084,8.783043739946685,e7c36e81
17.070000000001528,4712,1743,913.6200000000008,11.849222141971428,6.85952739373255,5.9135152787869,3.9654179425106832,5.802336881869723,15.834677824606846,9.25034233611504,7.740554428570308,7.603425616402658,5.57952207628718,7.018414906006246,6.448523389793222,3.043150460599168,5.857158634033901,5.9135152787869,5.9135152787869,5.9135152787869,5.9135152787869,5.876207811739154,7.588726348563451,4.5447244365018715,7.5089635584688645,5.907219428876566,5.874970794081752,5.906966292492194,5.879471715950861,5.912756645732638,5.889697422515357,5.9245727688976615,5.905618176083204,6.152893701773611,6.182848702557563,6.4642242479601615,6.484729912912204,e7d0c1de
15.680000000000291,5282,1954,790.119999999999,11.774833753941998,4.067996005336134,5.700410234917558,10.215316482645866,8.394480695568541,5.115890227897215,9.293762159775044,10.359273159409932,8.378844400141682,5.464113945661728,5.135983829495408,9.608307228485256,5.733866216241429,5.150747397477726,5.700410234697002,5.700410234917558,5.700410234917558,5.700410234917558,6.251750987370257,6.0505486731786515,8.134384755716034,5.314463833961808,5.583942468902007,6.0952165653130335,5.469969551217348,5.941697978037897,5.358650672702776,5.79143506054715,5.250154656621226,5.644687818915,6.149108260477123,5.852891475626172,6.100448831494865,5.810558096997166,e85074c5
31.479999999999563,4127,1527,946.5000000000009,22.610683861992403,24.862795075530304,26.79075386403497,20.276854963883434,21.58354097471806,21.397186243878608,20.326066672204615,28.924413876777198,26.226032468972786,21.370558631620828,20.334155467898068,23.269799427512602,20.049414390091293,20.249004505530543,26.79075386403497,26.79075386403497,26.79075386403497,26.79075386403497,22.26465493167448,23.97668569653846,37.82074607226325,28.42515477595296,26.677394055394213,22.387711198914023,26.565693908045468,22.511561735037084,26.45567444407679,22.63619350288078,26.347356717736375,22.761593669474493,22.743714771906262,22.949134752763825,23.080144421672895,23.25442792975555,e97032ad
48.68999999999869,4677,1730,845.7299999999996,16.656595733183405,12.011110054543161,12.571270856677678,8.934842309830783,12.443901018014374,12.579718078991956,12.585108912922166,12.891517133044932,10.784132051245951,12.625944338137447,4.771127417126403,18.77284055509759,12.4727023368425,8.965953968637397,12.571270856677678,12.571270856677678,12.571270856677678,12.571270856677678,10.486710477549185,11.984785995597882,10.724604094848145,12.013657780770657,12.442071487498138,10.481846871915154,12.32238371846415,10.486103642433426,12.212487206426204,10.499469696164317,12.112648458787682,10.521910318413317,10.60155774446354,10.669956542846093,10.847280271002235,10.92713475200802,e9949a23
26.339999999998327,7985,2954,1083.1100000000006,12.988874667220152,6.346392185787769,17.520647596064325,9.106934926189789,21.7628352242883,9.670983470986233,24.252159369203003,31.454390571935573,16.43708777237839,19.795484508874313,5.9902662699541045,16.881028195119185,18.524536400704783,16.865337547183902,17.555374506133692,17.52064759627331,17.520647596064325,17.520647596064325,15.53728142456035,6.878360341633064,7.207919619058662,6.843434071688416,16.79539977046691,14.811694879189098,16.07525741334078,14.093434465885863,15.36093859605071,13.383679748711371,14.653295001096355,12.683858675881247,11.398314273402484,10.480836151481789,8.997684705859681,8.438320476952319,ea0b99b7
30.469999999999345,8610,3184,989.4799999999996,10.525163267482363,18.537811811214834,17.21487794886555,21.252793076119694,14.515545122192757,28.553466289939784,14.929647709350876,17.28512297740492,17.12378020529793,16.9158565894731,16.48047435258167,17.08799007496257,17.085032190404842,17.081810586235246,17.21487794886555,17.21487794886555,17.21487794886555,17.21487794886555,14.31681470101468,19.226854151959973,18.930975487068967,18.908082897581355,17.27626143548366,14.52342475196915,17.338179634356113,14.730621541863822,17.400626837338972,14.938380656338214,17.463597369517423,15.146678956071009,15.769433187580658,16.042993052037918,16.7489773048124,16.92639759599245,ea3a0e38
20.539999999999054,4992,1847,888.460000000001,13.166259525011926,5.20548950951337,2.7164684989247987,4.233297271410027,2.4293393031815484,2.1696589494495155,2.3813215504167315,2.6694044992543167,2.7448355203729657,2.9721232304463743,2.5677550319587406,6.240858864021486,2.5689331553501287,2.857170635940237,2.7164684989247987,2.7164684989247987,2.7164684989247987,2.7164684989247987,4.499023650782474,5.091340790171953,6.037839329265705,5.75288881585281,2.5024671588335967,4.281136071139716,2.3166409543275424,4.080747442454749,2.1662528468173523,3.900555691027382,2.059082352957776,3.74347847445391,2.8593533295923614,2.825972621020142,2.5863588400456043,2.7421922386737174,ea41324e
37.1399999999976,5339,1975,857.539999999999,18.353230869703967,11.761757868409164,17.14934150183912,4.052346774144336,17.247652918305107,43.921678338772644,38.24538165124658,16.650500108801012,17.22747321102048,18.217777402522785,16.709409500272812,17.42000636048771,17.060430188525093,17.26634122904168,17.14934150183912,17.14934150183912,17.14934150183912,17.14934150183912,16.892760648148066,10.923585306942016,12.518255023788294,10.500552510013218,16.799076425024786,16.55940884459719,16.454479858313274,16.23153358093249,16.115915424451703,15.909473455611357,15.783771298875717,15.593588779372428,12.55739498654425,12.433179716814418,10.471323273059543,10.584506800630516,eabc711b
17.600000000000364,5476,2025,680.0799999999999,11.504691268632627,3.55352335982288,7.854727553204844,4.993864914464313,4.211465637011112,4.87020632817964,25.159303593573924,11.205172419176513,4.401323404869511,14.644350455537362,2.8413559676600912,14.73317678158524,4.926837617622302,4.894482872240933,7.854727553204844,7.854727553204844,7.854727553204844,7.854727553204844,4.546613903658034,3.6893186988457654,3.704806139567506,3.6674322008919966,7.572918172079708,4.417173425080539,7.293889445115458,4.293127161286792,7.017973049586002,4.174955958589538,6.745550911710257,4.063172451027201,3.855249555858153,3.7365559930360983,3.570414541165015,3.5222094544295914,eac10e86
44.779999999998836,3881,1436,750.1999999999989,22.654356065887065,20.354787855998943,8.234774806217594,8.383283589398681,8.259976503259779,5.776497417943007,8.15472336240957,8.070919310356134,20.425807337655133,7.704753070206315,9.84512153458796,5.340087263498845,8.373205485946285,7.085147935870388,8.234774806217594,8.234774806217594,8.234774806217594,8.234774806217594,9.555411898147813,22.238948887405133,20.243756222305738,19.684620234325706,8.668944968319872,10.03197366095416,9.14006985028995,10.52105344736239,9.642734369586854,11.02098484110392,10.1722639872558,11.530356421672085,13.08969485388166,13.788631586100456,15.62670798472928,16.089605351400774,eafb863e
30.459999999999127,4657,1722,797.5699999999997,13.336977759449779,10.195238402581134,12.129725704644613,10.546936986217247,11.897066608966126,13.298571827857772,13.620328838453334,7.167007440988231,30.15798425960946,11.25776704364227,13.65191900010302,28.853042952694086,14.43679169289917,7.603458168764627,12.129725704644613,12.129725704791948,12.129725704644613,12.129725704644613,6.47999174130731,9.14364322604181,8.899420048274054,10.94903666183396,11.953867971332649,6.637047024441986,11.784659137579549,6.798507708674525,11.622389608367397,6.964067385385108,11.467353972701009,7.133440660331907,7.074561205428353,7.3153110306988545,7.584828182746001,7.75135633619382,eb06a4e7
31.019999999998618,5681,2101,986.8199999999997,9.007938276865525,11.33879230711879,9.203973775277682,7.177161682261077,18.674808805318865,18.871359434730987,9.313106300346112,18.954114106461674,7.085571466709952,12.403629567704856,7.157588788823572,17.91551323582948,7.756752613389787,18.863957286709937,10.936878690621496,9.20397377554286,9.203973775277682,9.203973775277682,6.90104638841079,15.931169091382204,18.8785659631557,12.754076121723585,8.945883744722922,6.991087929604618,8.721722239050369,7.100741441859046,8.53416321493817,7.229114538379997,8.385663054656225,7.37522978585129,8.645045015767353,8.866843790762983,10.457295107303398,10.527167683423924,eb640a35
10.1299999999992,5703,2109,802.5799999999999,10.067665026181027,2.952348090845212,5.708771163874706,5.754509449780021,6.224581092958564,5.81107541602782,6.479941038798532,13.287032573119228,12.359203150740159,5.93964342312207,10.218738791236012,12.404702963370607,11.589626058506873,12.553061750940433,5.708771163874706,5.7087711637881045,5.708771163874706,5.708771163874706,4.729772288480579,4.002559375395461,3.9411101217495967,2.576078474854948,5.450460955841286,4.522137941168987,5.196417573679918,4.319613878592904,4.947298364580777,4.122953238201085,4.703885750690978,3.9330356713030077,3.9829585587329848,3.69118415342439,3.7036995363650522,3.470394183496052,eb934281
26.599999999998545,4175,1544,807.2600000000002,14.100847269350968,9.153304890538841,1.682532741837222,9.644767954594682,6.686720659614083,9.15879982093887,1.2045751131953488,1.9902958356551017,12.71328693104225,10.820929291947394,13.902066525420647,16.42744441874206,2.743302051172218,5.076102413772874,1.682532741837222,1.682532741837222,1.682532741837222,1.682532741837222,4.729830768139917,12.147344822122642,9.98028406709368,10.10386079644881,1.5091744540017522,4.856287754654329,1.4861376876817087,4.999137776865464,1.6198486070491864,5.157018747635406,1.8771042543368557,5.3285947781902685,6.75784664125582,6.907176806421722,8.245596647921108,8.26765151927714,eba6605e
18.23999999999978,4904,1814,1047.9299999999985,14.668977904979597,4.985068735505473,5.470167163312855,5.417178646124555,5.4590388408894155,6.281489503452855,6.2162786344895675,5.31825550433173,5.619039820974457,5.472462748557739,6.5180981568105,20.83676767673662,5.414976324360234,18.077561921493857,5.470167163371646,5.470167163431604,5.470167163312855,5.470167163312855,5.020265267198309,5.185137403969591,5.056509321776221,5.311568930021729,5.415005699091711,4.990325892690778,5.362681726060795,4.963198237990064,5.313279073798596,4.938928634433063,5.266879947780292,4.917559398173415,4.890873026739095,4.873580042174248,4.890474124035088,4.883997159459133,ebe69318
44.279999999998836,4710,1742,974.090000000001,7.839373827214511,16.191014232888058,7.47244871702732,1.3005421785076554,6.583702309345414,8.393877911487595,9.957040850056137,2.747604233823882,9.343343089587474,7.305758159949012,9.18571210356416,6.220013679106896,8.283465000653479,6.818060703308523,7.47244871702732,7.472448717362042,7.47244871702732,7.47244871702732,5.773646128049707,14.59996459583292,6.488807194780977,17.339744738017767,6.896739657910606,6.179756399838289,6.42255262765079,6.613401790594334,6.073712445154436,7.069517088135855,5.872599062038981,7.544027770901435,8.207656275097898,8.919530250245527,9.97681242531614,10.541382567524535,ec0d597b
29.609999999998763,5374,1988,978.210000000001,13.198451020585745,9.31220273014829,9.226553719442787,5.104537043158776,31.09693850136263,16.93902250445831,13.814780218671729,32.68834735561863,20.069184294287854,9.988438160371135,27.27499269155189,12.150676756379376,7.835079920003266,9.738450519038457,9.226553719442787,9.226553719442787,9.226553719442787,9.226553719442787,15.209513880054994,9.269064554870871,18.752491050006874,9.182364827122765,9.165506756260518,14.67007195066376,9.110997692317184,14.143134592870481,9.06314449233091,13.630152152147824,9.022053065537106,13.132760021172514,12.145759251633947,11.542744751904188,10.52531682785294,10.208148487699269,ec13af42
27.55999999999949,5968,2208,940.75,12.83274080466361,14.645875549448458,24.641740616449898,25.463900350593974,24.79938865966175,25.488472667043496,13.61710809580721,28.919382269526974,25.914500344139498,25.623795212357116,14.135157671129488,18.419620430244187,13.607832179743854,24.68913956761013,24.641740616449898,24.641740616449898,24.641740616449898,24.641740616449898,22.283799581559183,14.237081653250945,14.780043924999925,14.254792655082865,23.980781181679564,21.77533429283031,23.32930203759562,21.275249641128827,22.6881198657317,20.784150571402353,22.0581326164468,20.30268914728948,19.40457740443963,18.765502211223033,17.654825350901852,17.246486128264916,ecdab904
28.230000000001382,6015,2225,710.8899999999994,11.728402067876912,17.21212171547957,17.522690714759143,21.942485664593164,11.120565286122767,11.138033043254717,7.671305407979737,23.886750893602272,23.45486015994381,11.149628522975192,11.633756191535996,11.518277033331922,21.350748016982042,16.26601317706055,17.522690714759143,17.522690714759143,17.522690714759143,17.522690714759143,17.53495098795946,16.510455104688695,12.181479431790867,16.3085405849203,17.433782569626803,17.49286263602191,17.352211151409254,17.453427371939966,17.278080372526688,17.416663217300886,17.21148637491973,17.382587120289333,17.083908913599906,17.072729963208005,16.8494205558766,16.873119057514742,ecdaf714
17.23999999999978,3670,1357,925.0400000000009,14.002076803042751,14.303902428590373,8.278392798771733,7.354555809773373,8.27393690172349,3.2160269052691586,1.7497785467497422,12.69768066251403,7.440853255960168,8.269591800027557,3.1616526121931643,1.2057187727464973,8.305224860180603,1.472468401153215,8.278392798771733,8.278392798771733,8.278392798771733,8.278392798771733,5.651580499823397,14.70423085234691,18.965012000087583,14.356114688080227,8.560001822566269,6.039529306860995,8.844913264270991,6.437606954516822,9.132818058034294,6.84404626688071,9.423441849365066,7.257442542349624,8.203200648879674,8.795567796033765,10.017539860521078,10.440090046919178,ed6436d6
43.06000000000131,5391,1994,374.1900000000005,11.420198254275007,17.05318883041556,20.37326037699646,20.36478825705626,20.386643901640632,20.38816571815124,21.03682203179731,21.76170841189626,21.538774598579106,22.067836739363493,20.464776105713955,20.14343009097906,20.28792878370612,20.375258970622024,20.37326037699646,20.37326037699646,20.37326037699646,20.37326037699646,20.832020295554663,16.833434346820656,16.837815186536723,16.83439172636981,20.189065633914794,20.630307010333553,20.0064857386631,20.429707547594504,19.82556530622872,20.230255040742495,19.64635018192793,20.03198374949798,19.576352086661544,19.310334551634018,18.763085686538847,18.584306788391526,ed6e6e54
24.860000000000582,3550,1313,775.0799999999999,12.793412127730159,13.720190134395336,3.813559937026427,11.965826956072759,5.839538901075409,4.024855565285224,9.861132044993697,23.974382709240583,1.8392087793807905,5.907169881997301,2.713166327345293,16.829868695436037,1.9217436507144054,5.792728821795629,3.722877434777561,4.075393780625442,3.813559937026427,3.813559937026427,2.5559836388481973,14.75207962517799,15.203946106562418,14.690788808052575,3.7683480982939437,2.6567907408807163,3.848110090777004,2.912915882311396,4.045460546806212,3.288263683441494,4.344404065575504,3.7471768551907334,5.1011665061185045,5.898092363413743,7.738855847348432,8.320548719626125,edf885a3
35.73999999999978,4498,1663,938.1800000000003,17.830311458403024,25.02346481996906,22.722770182801273,25.15958226926233,22.739550951684336,22.773107051897295,24.46979704641562,22.11350260782667,22.698207305940137,22.723879026402066,22.380890884892743,31.01612943512865,22.826471244456663,24.96041935768869,22.722770182801273,22.722770182801273,22.722770182801273,22.722770182801273,23.207440709467228,23.831165405312337,26.307377940072218,23.79478780533135,22.835961761526573,23.29547041413892,22.949364736161463,23.383811968391228,23.062975988344164,23.472461851172163,23.176792455179573,23.561416582218712,23.37881643779791,23.540952724852097,23.50066124150457,23.651803884592752,ee0300f7
59.75,4519,1671,878.2199999999993,18.11279761752034,33.65352127197193,8.069420249035776,8.065635346612767,42.59921038380473,40.90036866788449,43.658508760505256,32.472767634616716,32.993212061757184,43.04632144926042,9.326762709856816,36.62393024219982,7.925292642816253,41.1480208747194,8.069420249035776,8.069420249035776,8.069420249035776,8.069420249035776,19.774794498753185,32.614649474510365,24.96412053963259,32.6179837546363,7.5041432127993115,20.427213855832488,7.352114319366622,21.086523028910907,7.6380496185907285,21.752095533043146,8.316899445781862,22.423373648970944,23.450686432015907,24.445503664778627,26.005691640831063,26.759938648043146,ee288beb
14.56999999999789,4815,1781,668.2999999999993,13.945221207832919,5.891376712098412,7.470092926746386,7.412189135112222,7.460722810632001,7.173537456941163,7.272682395453896,17.049883479138977,7.157670788704044,7.211635299810503,12.765057854598242,4.6292279920728205,7.355084306848977,8.333900508562298,7.470092926746386,7.4846684086789645,7.470092926746386,7.470092926746386,7.282936625414247,4.641430829536886,3.9698188449187337,4.452654310069521,7.381674772768691,7.198874544396248,7.294049881037854,7.116043787974142,7.207247184789226,7.03448785264694,7.121296749728654,6.954251589925949,6.298734066596611,6.244343841175572,5.712108068247063,5.721778524185005,ee4aecac
13.200000000000728,4525,1673,678.5900000000001,10.505037866445953,3.5283541246211114,3.4752759698031843,3.461575908173115,3.486829609467358,3.501925889395906,3.6138775266871725,2.843899095393443,3.890179538070729,3.4750684660533997,3.046613984152745,5.709639438131283,3.508503369800411,3.6263447071936907,3.4752759698031843,3.4752759697450957,3.4752759698031843,3.4752759698031843,3.2705234663630827,5.2088188372753885,4.70121499283319,5.177308466889112,3.436906785123037,3.257207334550874,3.4024972163318656,3.2466677539724027,3.372168477234818,3.2389318296822687,3.346031536724515,3.234019681168585,3.5498486110500957,3.5366401260118137,3.9130839370404376,3.8711925548383337,eeda36f5
22.409999999999854,4017,1486,843.1800000000003,13.529313429815307,9.28892060759878,1.6295755277945887,1.7332083617098768,1.665425441173845,1.6079527627012444,1.8965355252570202,9.319973306488938,1.901851533798468,1.7894732269898563,1.8560099273314397,1.6381428514456826,1.6590090036652823,1.6715271312343383,1.6295755277945887,1.6295755277945887,1.6295755277945887,1.6295755277945887,1.6316517650762081,12.388647025833162,12.175790410420472,12.216934629239754,1.6033460099842887,1.5857266250746582,1.713183210627807,1.6800114366158847,1.9360659227201897,1.8936778964606182,2.238477620964197,2.192090685765705,3.6905209286433363,4.175858792361949,6.103466349751379,6.356606238220603,eeed308d
29.530000000000655,4135,1529,646.4200000000001,9.532870584623376,15.639528868883827,18.30995313915225,3.7843342346358604,16.12963212634721,16.09537370128339,37.90479628118779,18.48999878011716,16.85931270374491,5.384319500412044,18.098585297747103,20.577336270741547,5.0530844548997225,4.56772557128812,18.30995313915225,18.30995313915225,18.30995313915225,18.30995313915225,5.099945600712307,15.434309594151605,15.41301777722986,15.453312287433949,18.15341832811695,5.396655712149175,17.998957590407382,5.749865527553849,17.846624778793654,6.149847742723499,17.696474845481955,6.588088789370175,7.502541539361978,8.231276410687775,9.610982955474565,10.186225010604598,ef04658e
32.8799999999992,4845,1792,474.8000000000011,8.668132343487695,13.680411756247144,20.531424067173702,22.95904900601684,20.533089283277704,20.536369047277493,20.501047412219915,11.417979953952255,11.924385538293826,23.117208514486148,5.234572027553694,5.5794355949910885,20.519192596277964,5.3860481474115485,20.531424067173702,20.531424067173702,20.531424067173702,20.531424067173702,14.24079450342412,11.587528743161352,10.12377367772599,14.625952550458726,20.05057413242297,14.085154440200254,19.57887005065525,13.941471998132107,19.11698884469039,13.810120408596465,18.66565972910065,13.69145457137519,12.909347577196955,12.848238108843116,12.246461572967778,12.311198994065407,ef8e3ed0
26.719999999997526,4541,1679,879.3000000000011,10.398295893848776,9.648685018910296,14.317709007100964,19.539375708090585,17.51099766721881,13.349153499817415,14.64120268169878,21.210722111898114,28.974915137931774,12.421336121830008,15.899265813761936,20.65474156332252,16.190759319643472,15.491511913837577,11.461444091906548,14.317709007100964,14.317709007100964,14.317709007100964,14.493185202689777,10.451678006698263,10.319985076740748,10.499835672627299,14.028812029538452,14.22490905117258,13.743777526189849,13.958477383797524,13.462850827363534,13.693997860340728,13.186294479171638,13.431585799494924,13.154522065644711,12.773404022437726,12.312173742584894,12.027065205624867,efde6ac3
29.140000000001237,3989,1475,1019.9200000000001,10.786026400822896,26.448480156847918,32.66917360657313,32.013700169772655,32.056468687793995,21.87904851706775,23.547279295011453,27.788663407172123,33.122394526454045,7.98008731981667,19.914115498249025,10.325742749718128,23.98077467207843,7.684418890366635,32.06062253016589,7.682598695792289,32.66917360657313,32.66917360657313,29.5632405557459,30.53087370983838,31.5108799556257,30.543695757290525,32.355763751626654,29.404703802283468,32.04256008216684,29.24643318745584,31.729568703987503,29.08843305545768,31.416795961976327,28.93070783787682,29.83818973538454,29.4962217691571,30.028911125051746,29.668810358558243,efe96181
27.890000000001237,4481,1658,1119.7099999999991,13.888103789022978,8.897449939205723,19.21177761073017,9.480457654806138,16.31020600042071,11.357229911496018,9.025263165611323,21.693567589997564,18.578029359574618,9.293246698698963,11.812807360997734,50.740430681601126,19.218325937437008,12.012360636601475,19.21177761073017,19.21177761073017,19.21177761073017,19.21177761073017,12.959014785120377,8.831491401255802,6.111204312021378,7.509244947009075,18.65223334203245,12.671790351772264,18.09484595198952,12.390326255420959,17.539821068240077,12.115023986374398,16.9873902611511,11.84631314558575,10.082030643431008,9.898653634006044,8.727670335209124,8.724669169767354,f0188a48
12.3799999999992,4095,1515,856.6500000000015,20.772237793162358,6.319441050382289,10.46742313098868,6.311141006715265,20.969179121278493,10.435179516974554,9.330597141581377,36.58925088064607,11.3516015780815,10.651856585553203,11.537326138827886,9.80032242026372,10.500020511299427,10.34444835812404,10.46742313098868,10.46742313098868,10.46742313098868,10.46742313098868,10.468827090262417,5.501191521506052,6.633789221730054,6.21273374105496,9.723300718117587,9.724942313204702,8.98516762149999,8.987061507642519,8.254630700261044,8.256794492222847,7.5339000052220015,7.536354903342426,6.4207522867051905,5.455727853835527,4.1072899078451925,3.5992823346162415,f021b650
24.769999999998618,4251,1572,753.8500000000004,8.935982919802715,12.153877032097332,5.21317552482835,3.021712926380828,5.277635570684298,5.155036947072114,3.0106223020194154,2.912000006605509,2.8655322755174413,2.8134640889876636,2.1278830566480367,13.562910429510774,2.1311971329680612,2.62880532614536,5.21317552482835,5.21317552482835,5.21317552482835,5.21317552482835,2.2056398238585113,9.14125562163987,9.051459805245898,11.859739160777,5.065229293509278,2.457992167167035,4.993033512806597,2.801173684580754,4.999870662849567,3.206149183146897,5.085421983618355,3.6524212810239245,3.754741388432056,4.518329034869639,5.205701115318311,5.859991818946602,f03f10fe
22.850000000000364,4345,1607,793.9700000000012,16.37206202479733,11.318738538121693,7.02855750621086,7.566635531004796,7.356169982997215,7.44436432878922,7.269925895340769,6.4259009265164435,7.120281298700656,7.335735283111033,5.04012034178572,6.531699466638144,7.779899808862924,7.499373612730928,7.02855750621086,7.02855750621086,7.02855750621086,7.02855750621086,7.0376851598332735,8.765452138097533,8.738622415811909,10.357476598862421,7.185669682205972,7.205070745165616,7.351617536956961,7.379683604541137,7.525816600330071,7.561023038567154,7.707707445028777,7.7486167993209465,7.43210194055144,7.77573358495409,7.760399621712666,8.08836982745168,f053a1b9
24.030000000000655,2824,1044,524.5299999999988,22.561390096171387,13.563199594885882,4.442398277927407,4.215700852615771,4.270560895024318,4.368882336763,4.144451655640225,29.630881512988914,2.933479460026987,4.69632990486287,2.2779616310006205,4.864072374526952,6.513828920945058,4.233254263182785,4.442398277763164,3.9721132317253054,4.442398277927407,4.442398277927407,4.510296450088004,13.785823692459914,14.835812398805887,13.819809806755172,3.7087950027313363,3.7538925366438822,3.044537642418869,3.0593784381459432,2.505404101374762,2.47932164533615,2.186019473273125,2.110314515989457,2.4277164280129937,3.231008092579486,5.233102341896913,6.030734452976735,f074d277
16.3799999999992,5612,2076,925.2800000000007,10.469265006003491,7.179078656014943,5.214170564943973,5.124394574883351,5.224361075647985,4.047673951984174,5.488840737253677,12.823530171937492,5.532807068504932,4.9978287122852345,7.910852183885218,3.824194918231553,5.056628718656375,3.8969735065897937,5.214170565065393,5.214170565197983,5.214170564943973,5.214170564943973,5.084092513800562,5.509720600687688,5.490940870785841,5.436332270299068,5.25867256749928,5.135346073361793,5.310254866513304,5.193808197266035,5.368713384583881,5.259238498040873,5.433826197774918,5.3313804273438485,5.026549000773637,5.193187649952465,5.079322967164683,5.264130384280527,f07d7037
36.72999999999956,4121,1524,816.6299999999992,19.94417578582615,11.409111315712252,17.467532598237653,6.285079916081253,8.284449484893845,17.41831401687897,5.9555121060479665,17.15723198545759,8.385250060075427,5.857111394803461,16.42961660292037,7.626961199577461,17.449644802639003,8.277811783764605,17.467532598237653,17.467532598237653,17.467532598237653,17.467532598237653,14.64458718608809,11.337949783359552,8.469020481183309,11.330954492077598,17.064634006102583,14.403736605047632,16.668308902692964,14.16912530822523,16.2790374042998,13.941068297972947,15.897337675447401,13.719892421343589,13.136362153064903,12.8853815152595,12.341374555545123,12.210603831596469,f08774c3
22.670000000000073,4398,1626,833.4299999999985,21.81118000404753,6.981885300624434,8.5860815714056,2.8660856966160186,8.860169121578856,3.5068075254069404,24.086992035625965,20.72638114974722,12.298347621167936,3.7739000531214364,11.161743709056099,3.6152170605185088,9.242010005501433,3.4800648736459814,8.586081571327865,10.086658831098793,8.5860815714056,8.5860815714056,7.176738034872184,6.74206989919966,6.692554687461084,6.678636497869085,8.32183338522258,6.979899520276548,8.069937193670633,6.797884147083155,7.831584961298442,6.631912507961035,7.608049748792198,6.483216888348948,6.533495759591339,6.346080061373617,6.335807945786194,6.246220516181167,f140c2fa
11.860000000000582,4807,1778,770.5900000000001,15.70322901939164,2.8513349768846514,6.232052973337094,9.787592132144077,3.8139251853500564,9.874718619121138,9.960772827695262,23.00271748514898,13.328848890619055,16.84158548333948,10.689991450978326,10.7955204614877,13.893502646578108,8.630820518234227,6.232052973337094,6.232052973337094,6.232052973337094,6.232052973337094,10.717783705255526,2.711100155365898,1.9081917449214922,3.004476858638271,6.047604969515038,10.193790108261375,5.863903233250227,9.671993420318017,5.681020159032937,9.152769384553467,5.4990374269096,8.636582010479598,7.173239195421783,6.510186778503085,4.9006218903557865,4.504571168452505,f16e25e3
15.409999999999854,5773,2135,585.7299999999996,14.466637542043932,3.748496692728154,6.966581907586063,4.520335819910176,5.8593277634434155,8.917868375785707,5.521606695230393,17.6284390306058,10.105544673167033,4.616314227046485,8.631253623905693,4.024089813663147,4.5619329228615255,4.5308000308421335,6.966581907586063,6.966581907586063,6.966581907586063,6.966581907586063,4.557998276325976,3.9209511902880125,10.127418809565372,3.911682936867684,6.739354048050382,4.5032273344988125,6.515432953179409,4.449675910022162,6.295171500628705,4.397388556990546,6.078967506888723,4.346410896008395,4.2540283251621585,4.188922321719305,4.100598455063109,4.056293208281403,f2d4c8c9
35.19000000000051,4785,1770,692.9500000000007,9.616541596436138,12.021449833191747,5.051172802078414,11.266043016574683,13.679963131578731,13.433113859102853,12.984675769576349,5.5038369078741685,5.329778511445222,16.402804627426576,13.232714548465124,30.611744174702313,6.105688935914666,9.164767467366428,5.0511728020500755,5.051172802078414,5.051172802078414,5.051172802078414,6.225594849667792,14.594531176121945,15.950424751701098,12.381182405725687,5.308710987648787,6.459433592719566,5.5853334351563735,6.70335091276499,5.878346567779514,6.956286695855109,6.185421466443947,7.217292826577782,8.403869742568672,8.721252427291327,10.07902222293458,10.231384713140747,f321a31c
26.3700000000008,4946,1830,547.5300000000007,20.137738102443127,18.499781653010416,18.688357684537163,29.97173882961959,32.345900688274476,19.394615511363135,19.610350537456284,32.09338292522559,23.718082955737614,18.60913661861214,31.764748201354603,22.55489834574768,18.822496192097216,18.623971077228948,18.688357684537163,18.688357684537163,18.688357684537163,18.688357684537163,20.94036098161801,17.860472588815252,17.4268365786185,20.039139247967167,18.662811567202805,20.80511027288037,18.638934747770186,20.67109626918488,18.616733649101054,20.53834317929045,18.596214272870412,20.406875611118608,19.933093172427906,19.774472679468698,19.298042711658383,19.206910438386604,f40cd091
24.659999999999854,3427,1268,678.2799999999988,7.604991661730309,14.742267834316419,2.631806190312618,2.4138802315392978,2.6239097366428985,2.427158968995925,2.4092256416448787,10.291622132454043,2.764810728898605,2.8929135909562063,2.3909376774876385,3.675910111872533,4.078642562134404,2.2898321751675756,2.631806190312618,2.631806190312618,2.631806190312618,2.631806190312618,2.3215604135348924,16.47417642323944,16.46557852313488,16.526398855126807,2.614867122221486,2.3413965903933693,2.8045360167701103,2.584646191485057,3.1638711147602114,2.9974016378589483,3.643007624374902,3.520539720549604,5.217634454301075,6.116588158890552,8.329696443517486,8.958801972776843,f439a621
12.420000000000073,5130,1897,739.1499999999996,11.340335015446044,4.07689729328141,5.13015512233801,3.9633820902628902,3.9116866765473324,3.7105385221029437,15.162644237128248,20.015628192174496,5.280075666380206,5.210849025689717,7.101306937835107,4.564088671424103,3.6801693877909734,3.9183256313872863,4.687452225573767,5.130155122516342,5.13015512233801,5.13015512233801,4.302378249489197,3.0485799973103154,3.122473378589561,3.0169029728777894,4.869632902765783,4.0907079005344755,4.618587098978126,3.890293911608412,4.378647979534507,3.702964403727371,4.151741637098121,3.53080261374509,3.7428644036761516,3.4316427794053883,3.44019765763808,3.1948602193993376,f49fdea3
25.919999999998254,3977,1471,774.1700000000001,18.33934321118513,17.842371317507897,6.493156700059369,6.412984485059774,6.111622578341049,6.575738265464051,6.522288087081384,7.323872830971019,6.22669798011259,6.132980793482027,5.710768868083843,7.586584698590946,6.774796142032988,6.60228136862851,6.493156700059369,6.493156700059369,6.493156700059369,6.493156700059369,5.313835383906739,23.565295491927014,23.832331793650944,20.254769033351792,6.087924918345443,5.116201726806197,5.827079973820671,5.085084848583132,5.730373247984135,5.223461487462587,5.806012351962278,5.51859638771762,7.767374337792939,8.63514259383789,11.905609186309833,12.475946324449543,f4d12d23
17.8799999999992,5390,1993,1070.7000000000007,9.209439628714826,6.637679855113832,1.925304286040572,1.985697255699094,14.244577358340045,14.531446058064724,19.547603246318154,8.14469696318304,3.0753779420000753,19.532612618952403,5.23949822794056,2.7125851348273105,5.532565356097281,1.6576006458617116,1.925304286080994,1.925304286040572,1.925304286040572,1.925304286040572,5.754944373495564,7.577830203540217,7.507451241086143,7.380036905800536,1.9131483051950966,5.783071389591637,1.9572344800394603,5.813076590044752,2.053944427292017,5.844931049714937,2.1963376651392745,5.878604706871087,6.215870155011079,6.244985549569497,6.5696302830873545,6.56931731466967,f56d3ace
26.94999999999891,5430,2008,722.3999999999996,16.633149117838062,6.893410979735722,7.840648757911734,13.08693274397732,11.40502318780352,29.472725982942634,45.129142828825216,48.97222970881455,47.665920804589994,11.364301858144383,40.27927364309962,10.505156815645059,62.19798055590656,11.77334632872032,7.840648757911734,7.840648757911734,7.840648757911734,7.840648757911734,10.502486766507849,6.444862834950399,6.346694812738321,6.408982751413671,7.71805286591517,10.232443690748875,7.601857237103221,9.96807627465529,7.492359653788458,9.709848118265002,7.389857862385255,9.458262074585146,8.65190689248746,8.374829454655826,7.63413541687167,7.507975174492006,f5859199
30.790000000000873,4800,1776,930.2800000000007,14.867878119372202,20.787351719254595,12.93817506717331,12.891669297128828,3.415531368953024,14.303726801781012,3.9232995916121696,6.131595613563737,3.832934825779148,14.432489819677516,4.920722870246008,6.661566443039874,4.728581208445682,7.544153069092773,12.93817506717331,12.93817506717331,12.93817506717331,12.93817506717331,11.627386101727856,17.254451882051146,17.54013817648021,22.91630022494959,13.227071170233643,11.99047107526348,13.531888702541796,12.369589700339965,13.851576603959224,12.76331327683422,14.185129517021586,13.170332036452999,12.988063517937503,13.701359991058148,14.081430570231486,14.722811181456642,f5d8aab6
20.359999999998763,4091,1513,527.7800000000007,19.942539912941193,8.777322358103767,8.768372573284978,8.75937923647657,5.186261824865533,5.331126103984508,7.37451636831401,9.412631602785527,3.56099231308322,5.7294852782639625,4.360381095495526,5.301144469243464,8.89504355639857,5.979573026472996,8.768372573440946,8.768372573601523,8.768372573284978,8.768372573284978,4.764941508827189,8.434746855116664,8.40029185074589,8.41824543746602,8.696352304254724,4.925822475124023,8.631451626655544,5.093589868122569,8.573832219879082,5.2675857512849245,8.52364174832419,5.447213302593331,5.732801323814412,6.010704364878427,6.4591296255403075,6.67862885360267,f631da6e
37.43999999999869,5011,1853,884.0,15.032385015595267,20.896905639265018,13.59772376846651,13.51172710636808,13.514704582881265,14.31215142446014,13.553766775490269,11.480307728015092,12.66699138875016,13.666933378521776,11.751065208000728,25.06464573935846,12.521943688468086,24.185049523865672,13.59772376846651,13.597723768827848,13.59772376846651,13.59772376846651,14.977392813426293,19.841787662838605,21.649110127382727,19.863223434793632,13.939974415154689,15.262915128598259,14.285684073976878,15.549908833226782,14.634607612860032,15.838293941716552,14.98652055208097,16.12799581505748,16.38338736297055,16.827601790190023,17.349650856493618,17.7013807318764,f6824bb0
29.30000000000109,4016,1485,942.3299999999999,12.084776261541325,14.474052744947816,16.28616461129533,16.269940923388166,18.29980683201095,32.37007512273364,11.048445616649829,12.08716209922232,9.43652584065353,7.051304494771465,12.275337028837201,11.960015478203074,7.280919688083599,16.285459594813197,16.771561436067223,13.333436082208463,16.28616461129533,16.28616461129533,14.818907008771372,12.73966537060407,12.929460810397208,13.179184517896402,16.171219978595968,14.794261787526409,16.058545887317752,14.770376259446772,15.948190461714447,14.747254115867703,15.84020216285577,14.724898952957792,14.109855769986648,14.140640276283335,13.674616618579686,13.75141427773306,f6bc699b
81.79000000000087,5842,2161,953.9799999999996,19.090537400060914,36.37200543889907,31.07078551447998,31.020013932888343,23.635916895784202,31.97807308419279,23.657485975988173,74.86181117982123,30.545209072974778,23.707359487444194,27.428568840437496,21.123873455542867,30.84683142859227,23.62850886513177,31.07078551447998,31.07078551447998,31.07078551447998,31.07078551447998,23.037878793759987,34.12054015158891,31.939700205427286,37.35747500070884,29.681827260156364,22.823085757307002,28.41464697957559,22.72111126954245,27.28621617049817,22.733473575953724,26.314390726171403,22.859987182900234,23.261138495602232,23.865475482596565,25.170315914817703,25.969529868340288,f6d009f4
32.82999999999993,5780,2138,902.2799999999988,20.038225473697008,20.156254521846996,26.7462913951281,26.7454133048246,26.825807350397877,12.322834000593565,26.910239261148224,3.5476519258978483,3.9186318609370225,26.88615427147862,13.951681960332028,26.18965446245073,25.0445408193185,12.216803057992205,26.7462913951281,26.7462913951281,26.7462913951281,26.7462913951281,23.47511512117611,18.150707181643135,26.168048379060075,19.20217714687347,26.41409044830783,23.306767048845902,26.082108773340856,23.138639246186578,25.750354850992714,22.970736549802226,25.41883759880497,22.803063932177647,21.8637582459771,21.69024178050942,20.795346800800186,20.72951948233622,f72b268f
26.88000000000102,5079,1878,764.9699999999993,13.038138427150095,7.802458067812785,5.818727609139584,6.178866879942066,5.824537246333989,6.460250108525548,22.685469053922326,33.57409991758945,9.696663427764207,6.2725476149282,32.76836278042796,7.6978251217198626,10.637395277827068,7.078251186359466,5.818727609139584,5.818727609139584,5.818727609139584,5.818727609139584,6.907145999565804,8.56177773938727,8.654481900150131,8.553146098985046,5.837035263015124,6.703747053946997,5.865502774215693,6.521695506356713,5.9039831797971924,6.362823980141165,5.952282288387767,6.228906383726159,5.924556932315169,5.908137462187776,6.0295337585955044,6.135695052425007,f8662c22
71.6299999999992,4807,1778,833.130000000001,9.770455074662287,46.058628389884746,14.565126548556396,24.461425852346586,27.471587011130985,11.879280086027686,52.37498716778448,23.946238920448334,25.29868697035461,52.41757845755297,25.42800847671799,29.382573138749397,49.66587753937415,14.822001720111258,14.565126548556396,14.565126548556396,14.565126548556396,14.565126548556396,14.887007517696098,52.29368212888692,54.73969429315924,44.96239801340087,15.898354993914506,16.319859752417326,17.295835876769612,17.78607993803134,18.743202844397953,19.27805603535414,20.229751211592422,20.790243797496117,25.637220571526242,27.64811176566136,33.1549059702335,34.43675774167818,f88ddb26
18.51000000000022,5378,1989,715.0200000000004,14.24125513086824,4.971368971006866,13.100541102708021,12.891715688983409,12.92373810624395,13.38327498805571,13.689636841043944,14.04603190383459,13.696882259548707,13.021847808252055,12.906932810101704,16.577024340586618,11.51259112495941,12.25253492795383,13.23169922644527,12.49977875792624,13.100541102708021,13.100541102708021,13.952024058420538,5.576688753759355,5.57230494587479,5.577089353784761,12.5262636041582,13.334995151683865,11.956852465632874,12.722541987587462,11.393037356031048,12.115358522068142,10.83569184749556,11.514278447753355,10.997636926233486,10.114356077635108,9.140141694518219,8.490984130953905,f8afa78a
17.770000000000437,4920,1820,902.5600000000013,13.802285009157304,7.290424352242628,4.013685995783774,7.531366156843719,3.6611599392581833,3.778797721502256,3.9325090101636286,16.739940038919883,15.435784527792704,3.7556825737635524,7.972379752254939,14.389585783138886,3.606865912607322,3.9256995102154155,4.013685995809271,4.013685995783774,4.013685995783774,4.013685995783774,4.374714815732582,7.240952689643387,6.615089728326954,7.246225504704908,4.015101580690977,4.418672791585691,4.040564361812615,4.477670347849814,4.089625196617885,4.551122634444332,4.161449550798753,4.638342991662002,4.839819977743236,5.016303185256616,5.384827516148238,5.547243912679354,f8f59188
31.109999999998763,5192,1921,755.25,13.530761032832173,8.967786049704909,20.353474477845495,7.3439594438228255,6.260512069987679,29.901818412515635,29.855875032769433,17.670569965117835,14.943528136900351,8.499807388882784,7.227310860713577,12.654983511158974,4.612430857554265,16.29326260428461,20.353474477845495,20.353474477845495,20.353474477845495,20.353474477845495,13.317296692033269,9.345098859228553,13.961744597689178,9.260953525853262,19.604009324499778,12.926788223121005,18.861751282351495,12.546790667396813,18.127585687205436,12.178287976633854,17.402536764051145,11.822355084181613,11.66691008839831,11.156305660050773,10.742571420134073,10.391268784655542,f9fc81aa
40.95999999999913,5057,1871,460.85000000000036,11.184415517577117,24.747069491318385,19.66066756862264,22.93182094375867,22.924098383073257,22.139586046599604,21.51853883014015,24.08119960698536,23.3066715293205,22.14937443498994,21.091723014398376,22.861216135525783,22.04037946890989,20.62163019166557,19.66066756862264,19.66066756862264,19.66066756862264,19.66066756862264,21.159857345670574,29.40183796023676,30.100723725776746,22.604542608718344,19.885274990047233,21.329043826303003,20.113684702922118,21.499458009120893,20.345768649530505,21.671070931404458,20.581402533956823,21.843854340028482,23.589596381121332,23.69442196495784,25.233154420044468,25.176202655373707,fa16d114
17.3700000000008,4877,1804,1049.4699999999993,13.627616548650577,5.237506988499392,14.127542141686837,5.668886561091811,15.347204651966592,5.271845149385111,5.171579218320856,16.780376159379504,16.577321523870914,4.604370134569996,16.72014735873091,4.524562290435017,5.41061558152275,5.787922423951152,14.127542141686837,14.127542141686837,14.127542141686837,14.127542141686837,6.290306723017617,4.726672750263879,4.599458003123106,4.852272125677643,13.615680677939212,6.204741239359407,13.106288519741051,6.121955110829375,12.599665165488668,6.042062583626313,12.096158517595681,5.965179922160516,5.625696101841455,5.552752340656946,5.2610881136604855,5.240628292390604,fa31da94
23.200000000000728,6423,2375,473.619999999999,13.143270248510483,6.60018693680875,4.573078595610641,4.19302367918307,5.613555624197,2.5262547809826996,5.412059133092141,5.3418659787001985,5.719301897093287,5.1775262284114305,5.17796325227092,5.549019886729423,5.145386432285044,3.2026560243958797,4.573078595610641,4.415224488796218,4.573078595610641,4.573078595610641,4.902494851408591,5.885513267130265,6.4329971968566815,5.8537798048826915,4.167889666795637,4.484427998827051,3.784386778893919,4.086759456725985,3.4298520222736992,3.7160437173855727,3.1141947726266177,3.3811578835949283,2.8647853213481724,2.630739518136597,2.5898288444217483,2.7806931906987025,fa667be2
31.829999999999927,4487,1660,779.8400000000001,11.878815759646068,11.6335247010105,2.9113597887683706,2.793036061786186,2.9950376291479492,9.583691897126625,7.228386947213068,20.840800042653264,20.7198820695588,2.866453994929034,20.723608951961594,5.514714803037658,20.604929722407903,17.37366022870081,2.9113597887683706,2.9113597886572236,2.9113597887683706,2.9113597887683706,8.628092278556636,12.907681706051884,12.81067574564118,12.543280937589742,2.8186565399579435,8.353054137975931,2.8525861583895904,8.118816278012888,3.0088677475124856,7.928995481133205,3.270005609048131,7.786840706154968,6.904393735028634,7.114636396190656,7.465741527648338,7.836551708760481,fae0c593
30.51000000000022,5934,2195,819.7299999999996,12.856553025951474,24.614633650957114,25.677410378654276,28.048041551544205,16.50016185165727,24.81835357296099,20.833854538956473,17.309681438151888,24.36285324022758,17.91202723295463,17.133773726951365,29.680690758809614,28.1938087266531,19.14270358320432,25.677410378654276,25.677410378654276,25.677410378654276,25.677410378654276,23.573027647956,24.423875550010507,25.153906623411554,24.440906410866326,25.599907641153965,23.611518747036584,25.524853707780505,23.651490366832725,25.45227024172539,23.69293501412412,25.38217843681331,23.735844972846103,23.769477643384082,23.841539781610372,23.928927850130872,23.991135954280697,fb03ae90
8.1200000000008,3714,1373,795.0300000000007,14.591443730688908,4.625545758016448,14.03492033375022,9.490685114486343,16.045786795390715,11.3947643906964,9.30726924428623,4.806431136796447,6.72930464227325,21.96874958168159,13.92664734876644,20.13360127858382,12.828133427912434,9.47697355591943,9.665573913688162,14.03492033375022,14.03492033375022,14.03492033375022,1.3347937302462376,5.077000644199388,5.396710816910886,5.059435370491452,13.539865928594374,1.2410215831509743,13.045680382942855,1.1946763776948404,12.552466317158412,1.2012599781189446,12.06034291937416,1.2599429481819246,1.5843813007723697,1.829873094795844,2.465115559576913,2.6692088924464734,fb0904bd
22.3700000000008,5737,2122,842.2399999999998,13.549303686522489,9.320190400539673,8.576732358786062,8.846518747479871,8.67609951851986,8.879466440493168,8.57963599759047,20.804676695503147,2.4784883896000234,9.047233799283092,8.520428076719574,19.25521394175717,2.3757762322275964,9.56257969014894,8.576732358786062,8.576732358786062,8.576732358786062,8.576732358786062,5.450027643913095,5.712047404384748,4.982436852731705,12.581910513931454,8.196454621731865,5.200804283120342,7.845052336454436,4.997419540627043,7.52657102145809,4.845648763641045,7.245353262894708,4.750441539259889,5.400456119004886,4.985599356916289,5.429575116001896,5.032238802391392,fb3848a1
31.019999999998618,5449,2016,717.3500000000004,23.84553896733523,10.810091056730988,18.651080649865467,19.478440907059387,18.667743866195273,19.359106729244058,18.722374794558633,32.641577390122535,27.790046452078027,34.199251622897165,26.98161699606044,5.225652577099285,18.657089788426994,20.988531671804292,18.651080649865467,18.651080649865467,18.651080649865467,18.651080649865467,22.060802708556807,12.772725087712434,14.401058935315989,11.949226377868769,17.694159268049855,20.931573505358788,16.755563986022086,19.817831324259306,15.838553162064459,18.722340214449748,14.94709997078458,17.648499186519576,14.989500496625208,13.734331668914107,11.338519542934666,10.778333611079434,fb73b13a
277.02000000000044,1502,556,778.5999999999985,17.274594528230903,243.09832489217052,71.84555305213084,27.919825776019753,27.386692338300175,72.46253383648694,71.8542282472862,45.50604189991948,71.54146956815083,71.76029580123324,45.268214346050335,102.36639942182968,71.85174170634149,91.46589834748423,71.84555305213084,71.84555305213084,71.84555305213084,71.84555305213084,68.83038293877512,245.20178027806352,244.43960462356017,245.21454600173973,80.2197821505055,77.3780440892928,88.64799281066826,85.97471212867124,97.11613170130245,94.60702865574753,105.61459496711053,103.26605416819284,121.26969601141903,133.40232810812554,156.58055390933706,165.2163517067813,fba7683c
29.0,6243,2309,862.6900000000005,13.670664310227497,12.22696776660745,1.3931987257505742,15.327712879875696,1.7851896923855166,45.72546163879614,13.237993478384164,42.582490433460514,1.4031113840215066,1.9147302836778162,25.147073502518253,13.660506859766594,23.230944477560204,2.048581930744093,1.3931987257505742,1.3931987257505742,1.3931987257505742,1.3931987257505742,1.7106879112880198,11.058150689345739,11.048764866612743,11.12082237341743,1.4583527983033233,1.9729264489953418,1.7520404934447023,2.3512070963626357,2.183932624530172,2.7988678497476616,2.6882225238575206,3.2876888636616046,4.005807437117662,4.787970646866927,5.966275254564506,6.57821839296336,fbd68d27
27.450000000000728,4527,1675,835.0799999999999,15.389721978905099,10.531391257158578,9.03765285559746,8.567468567998638,9.306059477430269,9.352313787940124,20.621839057293908,8.296395935748746,9.265320788867093,9.284352972916688,7.481264635638788,9.666410656369552,9.515554312548398,9.71565402066381,9.037652855688247,9.379163199172382,9.03765285559746,9.03765285559746,9.668023900795024,12.307459999400924,12.211112105247686,9.865064424023346,9.044831955660754,9.64781789685948,9.059745237900133,9.634467546627128,9.082354603671517,9.628001368638268,9.112602768675922,9.628433232537255,9.981040235631976,9.994960737795466,10.444080156262038,10.438208284906578,fc03f21f
23.730000000001382,3875,1433,402.65999999999985,9.51340545486118,11.588648270975506,13.739943580925743,11.219650474771925,12.024876151745918,13.306984731670081,21.665717667032585,13.193859332078409,6.245024142355194,13.739571551429634,9.74813754060619,12.223006598732141,11.730971173244978,13.554175662130836,13.739943580925743,13.739943580925743,13.739943580925743,13.739943580925743,10.942044615514046,10.935203049282384,13.332410180192724,12.982228544710647,13.620044609390773,10.956505940362717,13.501248235508255,10.972923286908435,13.383583820190061,10.991287890206523,13.267081481153626,11.011590007637986,10.861428112818325,10.917643276284718,10.845018893614643,10.910951027217823,fc0d20b2
41.72999999999956,3405,1260,954.4400000000005,12.127274849780344,31.645165285741673,46.16398812639507,37.21961574963733,37.06448822480595,52.66361799288092,46.4694821595187,46.414334925517444,46.26442654022942,46.14500507553551,39.32570761888782,45.890896368603855,46.14832796914641,46.15722236272828,46.16398812639507,46.163988126054264,46.16398812639507,46.16398812639507,33.252565709627675,30.81854335188313,30.875162031714368,30.771329084507443,45.436356910902866,33.17084631314835,44.7088515486622,33.089262699573176,43.981478284953155,33.007815875721136,43.25424378397625,32.92650685668137,32.51572351217321,32.42735115830896,32.027534914795545,31.988570483484636,fcfcc902
22.220000000001164,5078,1878,852.5200000000004,13.064045895601271,7.387899442501623,10.23650766843435,8.995058010850833,10.237435603661964,9.000989432786215,9.074616145447502,10.318285215795637,10.270754889093453,8.993785372925611,9.059850401640768,10.217323007217892,9.030351653035407,9.014023486721753,10.236507668700296,10.236507668700296,10.23650766843435,10.23650766843435,9.17639226014337,6.956051182273875,6.952259257463407,6.956051182273875,10.04058011470135,9.06489770630446,9.84857175095977,8.955262640213693,9.660716263723899,8.84755618803297,9.47726060751617,8.741849636162497,8.32809364649408,8.21483975014003,7.836560574476888,7.784010536566025,fd3b4faa
16.470000000001164,4351,1609,745.7000000000007,13.068860511952286,8.41837735508373,6.7641118634963755,6.368416300194678,6.676896153989694,6.777971711167452,7.522231125456157,15.783837385862128,6.763678553756004,6.956273447378778,6.729439561159552,4.745559590603844,14.858859031710642,5.234236984945119,6.7641118634963755,6.7641118634963755,6.7641118634963755,6.7641118634963755,5.943195210925212,6.947759813170417,5.93650102556749,8.369135316629192,6.821634920876568,6.019658762938796,6.882305062298509,6.102607599859896,6.946039823699312,6.191781084805507,7.012755648051765,6.28691435244862,6.087158203913429,6.2782180853343466,6.2636536159963745,6.457239263842868,fd710aea
31.350000000000364,4932,1824,1048.6799999999985,12.391611793584179,14.510456878402273,12.609378699884386,10.294744587555382,13.047233680305359,9.980659645796639,13.62565751934917,14.314509444470689,13.026284451531975,9.358163592914858,11.5141065643037,10.31292066172574,13.243188781935208,10.983766005857737,12.609378699884386,12.609378700050371,12.609378699884386,12.609378699884386,9.75610389672827,14.677767544046386,14.576983378744014,14.450300496122454,12.077636849314278,9.39293698389828,11.592900707608152,9.089126386771397,11.161296342930557,8.850786581846663,10.789201989892243,8.683310377475742,8.438309752345262,8.580070709829592,9.155186987864415,9.52809221016171,fd8f77fa
24.31000000000131,4662,1724,990.0999999999985,12.283598176601313,16.3278060467511,33.075418072214006,12.660315985512044,5.56011185340403,19.755898478820075,19.882264156219588,22.40201584805492,5.797749089999396,6.026843179244511,21.612048797138563,10.20659871525573,5.420705846255932,5.421718727565113,33.075418072214006,33.07541807183593,33.075418072214006,33.075418072214006,22.678753876938647,14.224648350636135,13.789814970935335,13.916539188990152,32.23156333317945,22.346176290234972,31.388061694914324,22.01476135627184,30.54494241017424,21.68456238315379,29.702238039110032,21.35563577419387,20.065986665435613,19.67447846310547,18.352158613994916,18.138859936970807,fde20ecf
15.329999999999927,5376,1988,1235.5100000000002,12.653597567783955,4.7842653462443,12.89335468745104,8.878198175479737,8.727737686722097,9.148163512394657,22.175813435710815,31.797746629960237,11.178897678730396,8.64351624306837,7.5758968826745745,8.380430328426439,9.469291672974173,6.971599528308704,12.89335468745104,12.89335468745104,12.89335468745104,12.89335468745104,9.826698720338207,7.085883615652082,11.302483337501048,6.9572572031054785,12.057917947118035,9.137803089630033,11.224434838056858,8.45117375250799,10.3933753775858,7.767411744650156,9.565371301540258,7.087347003810375,5.028409076798429,4.189088021495697,2.2551911728959184,1.9396029577846943,fdfd57da
31.770000000000437,4581,1694,1069.67,20.61559623494082,7.278831667154303,7.290240937765505,4.9909294131887965,5.336768668346292,6.304145071095346,7.328763809072573,11.353491968791142,10.862892200316486,7.301978326748175,10.722002123753132,7.417418790205912,6.776938646619164,5.510140252591191,7.29024093784715,7.290240937765505,7.290240937765505,7.290240937765505,4.938899119122558,8.475462711433034,6.649998279916927,8.475236700625796,7.128222053411167,4.85336939265445,6.980008087266808,4.79127249638776,6.846495650870918,4.753526851520807,6.728559952916154,4.740714148946125,4.8974044057827175,5.00116194245304,5.539320831676287,5.659403033263883,febb4411
88.68999999999869,3700,1368,639.7900000000009,7.791009454683625,46.01201759470087,37.32306502772718,54.391802127385354,50.28818547261422,37.53608297033101,25.17022459314303,50.57794873919899,40.72379006835513,55.73477489949717,49.01178808782682,56.48269302706338,34.80359921169012,21.42929945654808,37.32306502772718,37.32306502772718,37.32306502772718,37.32306502772718,33.725717386512095,50.34714537440308,50.420557195372375,49.07099810946775,37.70492948998508,34.316055878353374,38.09340378618825,34.90970369370688,38.48828777150384,35.5064948430983,38.88938619390442,36.106273460830444,38.58122412191413,39.30978764272352,41.89289541883638,42.29958954375651,fef8af96
41.20000000000073,3632,1344,657.5200000000004,12.48504843253613,30.230187790595032,46.92945842977538,60.48025037943785,41.45164313320737,6.585935227836221,9.263411810156846,31.814385974258848,48.91774182998316,59.657382643613026,26.77832618197892,46.61107527505281,48.0726126680466,48.18292374783571,46.9957863479376,46.92945842940288,46.92945842977538,46.92945842977538,50.02325942810329,28.556181797162047,24.151719724250313,31.262440010281384,46.085072832768155,49.02702157916607,45.241347891574875,48.031218997578875,44.39832127059676,47.03587932865353,43.55603351779295,46.04103259487712,43.54186300206942,42.20291359340689,39.23520468010941,38.33004733055091,ff0aea78
43.79000000000087,5599,2071,762.9300000000003,9.511367867174231,9.549549931465679,8.810980724631204,10.044755382129505,9.655210325250195,9.491643060537793,9.682791864477002,12.354758387947124,11.16086374354996,9.675747714054909,9.670143698744202,12.083142555827955,8.90653817256164,9.608029559586095,8.810980724631204,8.810980724631204,8.810980724631204,8.810980724631204,8.824264498755575,9.618151237125282,10.373158724925345,9.618140582924672,8.80881277605405,8.813385528282616,8.810923664161699,8.80762289416934,8.817310315859293,8.8069866396667,8.827963451158727,8.811477875263162,8.83185509673665,8.863531962597651,8.950910044971158,8.992405232093164,ff8bb73a
21.68999999999869,4687,1734,1014.210000000001,13.320501264586362,6.5147591279003425,5.304582596213599,4.383828150905885,5.073691718249629,4.438386154017033,5.402874014747271,2.9097830570946264,5.202644796985292,4.459188240623649,16.714914637789935,7.0294492792384355,4.303404442499085,4.352945334830943,4.286177071729484,5.304582596213599,5.304582596213599,5.304582596213599,4.327602152320819,5.8243073797680225,5.78781140407631,5.776167387322246,5.311314662137426,4.414917291479048,5.324405042152491,4.505475130404044,5.343807009804653,4.599084122848223,5.369452146695968,4.695561792335723,4.616971646798824,4.781041298797844,4.896944461912917,5.03232161886127,ffefef30
