well,eval_span,n_eval,floor,v2_base,v2_dz,v2_dz_g3s15,v2_dz_g3s25,v2_dz_g15s15,v2_spread2_dz,v2_spread8_dz,v2_N300_dz,seedens_best,beam_cons
000d7d20,15.200000000000728,3853,7.2863205614466455,5.120030342205808,4.642573309890162,3.135593358173349,4.788096471834123,4.713402301127254,4.926855668077659,5.5534299490996855,5.377378742521598,2.5619967748304826,10.57886190503609
00bbac68,50.18999999999869,5518,17.993766649551137,17.222547267963424,10.992512973671886,11.008088830492518,11.016932949337807,10.998362560422294,13.138027106011199,10.963475530801642,10.216691365879534,9.30053844861779,22.743107429645097
00e12e8b,29.590000000000146,4660,11.830344267752135,10.868944366648249,8.248771351927635,8.09438353785751,8.200982978669398,7.479581365664421,7.4224902412354945,8.101502069064862,8.351193621297924,7.450650194889153,11.357124923306742
015fe0d2,39.14000000000124,4344,24.242432113052665,16.47029391713727,8.90737568967058,12.166739518689383,5.754340481712647,5.5507755683724325,12.085176296795138,31.343863532835673,3.6354235497299707,3.2752853631848065,24.615526843098994
01869cd4,39.0,5000,17.69410127076326,7.370434276277139,6.775586046069903,5.5790605962294,6.330107531167915,7.692584091261937,6.548345589227039,7.5906070730804505,8.512237818958102,7.971545605398235,19.0843634680327
01982c1d,18.01000000000022,4079,5.567574296755209,9.755754399810144,1.9878536858733444,2.1855375522306058,7.122003957686381,2.2074703838695253,2.1499557811732157,20.19432057812996,6.45417861171958,2.684824222408048,5.644503664889223
028d7b28,25.73999999999978,5666,13.241266079626321,12.638397402473348,24.06309576219383,23.930543839770237,23.86113895401612,24.068143438802363,34.88749446930355,35.053935052035676,20.99731680498774,23.976969437176102,13.04587117896795
02e7fe5a,24.18000000000029,5028,6.448901397623607,3.1992288737712347,4.608771310492718,4.460545339313012,4.573448873491677,4.554913149716503,4.579372452262567,4.520537193846793,4.553753083328237,4.148848387508989,6.381199006124622
0390d174,31.399999999999636,4454,8.330478427749775,2.659499033830477,4.170024756078754,4.021378515312103,4.201446415286896,4.030565862993151,4.0884682431868224,4.027465003669768,4.14612215045936,4.049773931257187,8.245697144359418
03a935ae,72.25,3234,48.998316174860534,18.06193323249809,13.04559565819227,10.831997095596249,13.039145283458858,10.573408336302588,9.969995058029536,10.571462250732774,10.7645017231239,10.415790105930112,49.601276352538754
044af7d1,23.219999999999345,4429,6.8481642224343995,10.900981390244619,5.691050252531014,5.198658047900044,5.690700572498304,5.371946383850716,5.6779318120671345,1.935367879356527,5.6865361537994925,5.246317478215259,5.8061491955054425
0498acab,22.399999999999636,4695,5.469070165677498,8.476399166739611,1.8125104393631766,1.8946957187894822,1.6103934517754583,2.0303482717284433,1.9037996922682399,2.0435741765435718,1.9680880434181982,1.7723207394368505,5.587050698343102
052d64df,33.76000000000022,3351,19.217757623023953,1.539106575883604,5.634547653165661,6.384715877326436,6.156792969676227,5.5915008816089165,5.530086514602352,6.588653802136394,6.534641361242836,6.15996475550334,25.776856906622765
05948241,15.010000000000218,3962,5.642278291258075,11.335651409672229,1.3962191849661878,1.3764649872702726,1.4025574027068244,1.4587453022426848,1.4156096089619536,2.0093090246531577,1.3498257861000396,1.4551531950886158,5.650749413116129
059c8f24,31.31999999999971,5839,12.311801616095188,6.283128896709762,8.936965156595097,8.781186964602771,8.932696328844651,11.661536907988085,8.982908430389818,11.637612536335991,14.809503666444122,9.09898137697193,12.564271051517142
05a0ee4d,41.20999999999913,4452,16.757233136736225,8.168386940075731,14.190714464128698,14.386857763783288,14.257001042223488,14.268169710712412,19.451973803775473,14.600622637201797,14.228902874944355,13.818428916199798,17.248337181728438
060ab2b8,27.079999999999927,5707,6.318580396476673,3.4303841707576908,11.874232311776215,11.875020575197249,11.83823120385751,13.077240235174504,11.865990650901573,11.879488454884651,13.101806131545155,12.329174236265283,5.134718908449895
06df5958,10.849999999998545,3678,5.709925468696907,4.514640894694713,3.4593290408146893,3.3241755993757773,3.3217175554824863,3.4227121665589144,3.3350359569133428,9.625231483557025,3.401491050922458,3.639194401581821,4.597194019113283
071d7b45,31.30999999999949,3446,23.189291757931734,1.762086527889858,2.193377404131571,2.1782195610194552,2.1851703618604894,7.185815186845817,2.1555355714211744,2.24148022160778,2.1749278923089226,2.969620250732179,19.866383828297568
0849b4e2,43.0,5428,14.265487027014489,9.159170254754105,9.45144970638869,9.44004595874613,9.500298645883609,9.372116976970386,4.4523050931036385,10.539114757860583,9.625535891534012,9.499498374715081,12.92310203377635
084d66f9,44.63000000000102,4111,10.854309121921627,9.49614103747711,9.795167383447026,9.872924933809948,10.047901288896787,9.972393548230334,9.863030800857318,9.837736369213916,9.830084748800545,9.827070429078104,10.098377429509943
08fecf00,15.979999999997744,5406,4.648073103319937,9.683941927011174,7.296544099625383,7.313312575886919,7.351902976485117,7.607175160467041,7.28800816164359,7.477738944397602,7.335919368254671,7.32288768426284,4.872887563226232
09053135,24.219999999999345,5632,12.825889369608856,4.463149117661012,3.787770129378117,10.18455961470986,14.823407494863611,15.844990663539598,10.295899908053816,8.091298512362973,9.456121511104298,8.262886983505956,15.367394110837264
09441b8d,34.72999999999956,5398,16.143518839420647,18.06575429575265,0.5653551319704193,0.7316661620332513,0.8805532975227955,0.8380799758290917,0.6168591823121377,0.7254451293342371,0.8113654087149548,0.808367984186332,13.07586808287677
0955cd6c,20.079999999999927,5201,8.01845897236318,5.664099677003854,7.586595457200775,6.548941594294675,10.083499025056176,10.031580213455399,6.584902332404548,10.02685785727769,6.003821472636547,7.1152397413219335,7.711605391854038
09ec2ca9,19.56000000000131,5712,9.651310182317328,8.275555377286897,13.843504295800045,13.709901773509253,13.598553007565002,13.744597554974373,12.968482463928613,13.860319070306366,12.978873740761047,13.463241493825334,7.296401534328153
0a57a29c,22.329999999999927,5252,6.9881179933040976,16.231481381917238,5.907330111332063,13.756609406961477,15.881976866486445,5.728429652997896,5.813964378539877,5.899236112703567,15.714432277061134,14.202443618560189,3.7978926067085648
0bbf5e67,38.350000000000364,4403,24.972111996400375,1.2119052915045092,0.8602552291866774,0.8871966565378412,0.8641944419037554,0.8908530618243671,0.9003437431927741,0.9153268150231338,0.7037958109414371,0.9083891671183196,24.90103045716743
0be01c24,20.969999999999345,4661,7.289870597158528,2.8698545568067613,5.376822329300206,3.6552416800454326,5.334633018150219,3.2259610577866837,3.175151893347646,5.440532701133675,5.2657901822439905,3.24031836432797,6.790401846793112
0c1b160c,27.18000000000029,4901,8.876477468830188,9.916398179774836,3.13139877723728,3.2547751688393918,3.4826491717673496,8.770477061593466,2.637156807094316,5.070042184246594,2.6175227697735353,3.7682790905655055,8.963914393433539
0d99f8e4,22.770000000000437,5491,12.510715629192596,4.396704340950558,12.399766070123045,11.820826200469703,5.447956527301099,12.446393264185588,11.815421392280467,12.408739178446774,12.415487066948806,10.644771703441517,16.183790713588817
0dc5e64d,65.95999999999913,4519,19.26839561491651,14.581410565305905,13.979756603980983,14.139248886411774,14.137918144431428,10.989989440335512,11.20867660856289,11.038723921842351,11.019356513063517,12.94770394053227,16.7158121612904
0dc835f3,26.23999999999978,3854,8.44485481115694,10.248498808583953,12.981041887625478,12.971680871187711,11.678564680567364,13.012123540179713,11.800356053822734,12.078523263290508,12.993229890885452,12.587195435091362,8.21410840135896
0dd99dc5,29.340000000000146,6703,9.378433277549656,4.420929900617546,5.374724748971667,8.047451219698608,8.051535681504228,7.7616038696300045,7.7971226301610015,7.898367526481559,7.83283404396119,7.002763230582618,8.154691201216462
0e5e560d,24.93000000000029,3574,16.518594719784595,8.268643156571102,23.325680449155463,13.220254361972156,13.58882451424648,14.633431434132609,14.674570820005245,14.654362587929276,24.996481765387635,15.850409933090493,17.532849292367718
109d9d70,34.409999999999854,4271,9.023673965110815,21.272811699926265,27.723697842265057,27.717292342457544,27.715273427603666,27.71513836139927,27.717566742214522,14.941583761374263,27.7298129835915,27.528650337805317,8.714710101953514
10a1281a,9.940000000002328,5368,2.799077357568277,10.959192924960409,5.5296577148992405,5.544071437659579,4.274794859413118,4.267430785896841,5.190999490412521,5.568293120132629,5.598939807371465,5.077736704412598,2.6202327230804947
10b89021,14.68000000000211,5231,11.061290385889038,11.255775552733288,3.9456079088293095,4.123383414447344,4.16773149780739,3.938360685187311,4.087863330117497,13.174403494620048,14.293623018301602,5.896799760553636,9.01495229613288
10be2420,22.609999999998763,3798,7.837960318789926,9.44058785991769,1.9222945693111284,3.5292007937524357,3.7917068406251238,3.4990169990914235,3.5332599994672473,4.270634724811848,3.422939273282767,4.477286288785749,9.821682982500601
113011eb,20.55999999999949,3330,5.216834035826723,27.89552032043079,26.387468401417845,25.79873342338696,27.421802611437933,27.554697136816582,27.478109567875677,27.50445015694684,27.498214643958416,26.560112645020755,5.475876339151634
1131525f,21.779999999998836,4050,12.870176375090479,3.719845567448353,9.696797926182548,9.715570301091978,9.70838631718171,9.713398453784624,7.933220826280925,9.709988697099329,9.706490933751931,9.714955534626824,13.545973896874361
11d0f5ac,27.73999999999978,4656,22.64062468638776,2.785839681015649,18.095888718356438,18.03359759608199,15.703431444335369,2.8780514890776683,2.7594947073735296,15.86427173404679,2.0020032136313977,3.8224975250824342,22.597520344249002
12203f2a,21.860000000000582,3643,12.740952469599131,11.467903845064097,12.754847097528772,12.883955427953733,12.866066274875331,12.985882085060538,12.824494077261111,12.980045161919497,12.950288541699349,12.872581853458048,15.007667424560983
122bd617,40.18000000000029,4678,13.030496973181142,8.494153906403623,5.50574094343608,12.255630746555179,7.279363916965763,12.323484946943,13.588783363066865,12.44628926162705,15.298208863638699,8.33125266065351,13.795093385611477
125be846,23.539999999999054,5864,8.711523567766562,27.11772597073591,13.35468877277683,12.183726594741906,11.20823549339312,11.45441618376416,12.279023643852575,12.368072838469153,12.274480610017605,11.998960842835993,7.189308007369265
1285a37b,10.0,5404,4.799710539399231,6.042929170605805,5.14003376478096,3.3082087270800153,3.368537214468011,3.3413497163632044,3.254300360028555,5.380722844462487,5.265034855126957,3.2564789011942246,4.765162024052817
1295a25b,32.22999999999956,5137,8.607345810859757,5.9906612382884985,9.50141576868473,7.567964708708536,7.315331876012031,7.55860469760563,9.768480685186628,9.56969478993734,7.558670020183845,7.517310541482247,9.042707950716373
12f0cd90,35.17000000000007,5425,10.607722310972733,5.9356940570268595,5.9485651840956715,5.971602050819738,5.797316140930708,5.9936560872464595,6.199179080288798,6.22646852218753,6.314624461177623,5.9752036634304915,10.998018066948857
137d1e44,52.97999999999956,4608,25.973253566402636,37.59528060585298,15.140232702344894,15.100820616246082,15.155079024482975,15.080015223953204,15.078290235286012,15.14172346804995,15.164324761457562,14.936264674501036,30.651820184108676
13ce113d,21.56000000000131,3559,12.89497233389787,1.4617339088819854,1.9457244272187881,5.81585363630515,4.483354975881612,1.475221393977835,1.6650997724168797,1.7941824873424248,1.9083205617856167,2.4603096316335855,14.603639342489293
13f598d9,23.38000000000102,6522,6.715781049343853,11.642472004138845,13.10569568965056,12.917528751143855,2.349382659923602,12.613648882843103,12.909052889155362,13.129696318777272,2.379148676458419,8.255503090774857,5.889877437187028
14a53cb3,18.5,6409,7.305927578428582,2.631191206295363,2.3897727980946373,2.2131170157194786,2.3986277499526265,2.358660308335287,2.3926972875502686,2.385938847529851,2.4202045533936816,2.295012368780738,3.1011201198626632
14ab73fb,31.420000000000073,3854,14.995990135196077,2.5728010756033264,10.818806742486823,13.486376526561143,12.091635457133286,12.221198749017539,10.778923345131751,14.60966003497276,12.187178992542716,12.668343112699308,14.005062690144065
14ad5efb,25.219999999999345,5367,6.585246286991164,10.243370353800746,1.386939890932312,1.6539604791079272,1.4245968079579412,7.7375870195513015,7.672847883429365,1.7597445178631075,7.739296218004334,3.1023119945378967,6.636604805649802
14fee784,52.19000000000051,4676,22.01870278143232,16.498738778246945,21.017271360921956,21.013912274538296,13.670877614208246,21.091049584362878,20.99144821270278,21.073891769419898,21.135064396631137,21.08551072009153,21.326510991370007
153552f5,17.0,4744,5.595316149797771,11.170735208207933,12.709296864611364,12.200657326219797,12.27341505768597,12.320718234285424,8.560033036209575,12.365122249314252,9.05132051026138,9.459472566847401,6.601060552789245
1550491d,27.179999999998472,4328,18.864230517015223,15.944205969710332,12.420315034586833,16.387512765977927,16.283785503343427,16.201355348945377,16.317961395794836,12.319284564855815,16.20452798604621,16.36892912043003,19.61030599871383
155887bb,35.159999999999854,5155,19.670622172759828,26.181250168683956,27.127470412230984,26.652116950786922,27.169717841768286,27.235344359124873,8.904056406235847,27.14586058886664,27.121091889832616,19.493393814155333,19.312748989225543
1590af81,19.2400000000016,3819,5.824092931161076,7.98265661496553,1.5562888497270662,2.2286454773747106,1.7514714657999062,1.5782687323035507,1.5613663031853289,1.8847917486201915,1.5586084047731141,1.6951295955141075,6.0465335027473825
15e154a1,26.4900000000016,5620,6.683919809614137,10.8673435229185,6.2761264180719545,6.015767238135345,7.520974450311088,8.618656042378857,5.54383988787459,5.661120537921132,6.26119922709452,6.3621287436313105,6.6021518316249095
1619e2ca,29.05000000000109,4381,9.173474522196475,7.0512695150386815,1.4038848032260802,3.2208953331116152,1.3653576795471936,3.2335613640626013,14.522584466634614,4.672186438117543,14.97329296734447,1.841998618312157,9.757334581372026
16e4a047,15.719999999999345,4149,11.77769387467342,8.069683929551289,4.718766465769034,5.085482413463501,4.824333903207241,5.24740997672335,5.348235307294838,5.67169965912406,4.740697606268379,4.956321763597903,13.240406290482921
173ed841,45.279999999998836,4767,16.689754634341554,7.323613389650779,74.08465224346673,69.39278160337751,69.37793153327004,69.47783623705551,52.63665721794797,54.24902151280558,60.37128165512137,62.04420791039455,20.058887902080766
1770d7c6,29.43000000000029,6658,11.401990927081055,15.814595414406686,15.690699851323359,7.530254776348471,6.306462093391054,15.463748706119192,7.743501190635117,27.445549301971177,6.402462068560387,9.064922704433766,10.432078850107912
177622d7,21.020000000000437,3430,8.18765042992682,12.687426192219798,16.002787479551394,15.914530842019298,15.911474866937292,15.91023601255475,6.128240623459822,15.935395593275263,15.939386063917091,15.921771439921587,7.03958331617076
18d24f7b,19.590000000000146,4570,7.5138950278901895,7.615265033168388,7.663514103145159,7.715302041777092,14.836883100750219,7.747498588342011,7.760230175027027,7.642033978133121,7.725837776259894,9.06593534352936,7.982942609924909
19137a89,39.86999999999898,5809,17.508605794884467,15.3576707423329,29.091421978725933,20.896127824954146,19.985297248554023,29.212332955260763,29.452099464841986,23.45908989027261,28.996762843109178,27.608476924512964,15.267566759858202
1944513c,17.770000000000437,4817,4.876866553657679,1.4675459196663339,2.363517304786773,2.3071339700987186,2.7558312817074198,2.695863110036002,2.266316372392161,3.829307464214048,2.2973165915936304,2.4849140008583652,6.228692153036746
197f8a5a,52.159999999999854,6021,24.640679192504482,5.325571731519897,5.271042894130302,5.648123541249193,5.6414619541281965,5.234546027918254,5.736822213131185,5.559350081798569,5.6209821780501805,5.411670180420841,27.376639975705167
19871e7f,17.349999999998545,5221,5.59259963830969,6.000049456443742,8.045427377611158,5.268604848730122,5.448009662352516,5.312853829360235,5.327999332075576,5.280804938225381,5.256364538947396,5.264877761989769,5.6496539566187325
198a5607,23.899999999999636,5909,10.94651759478941,7.670952985983691,7.953418924589051,6.681290674600614,13.358011813905826,6.649664222154662,7.878107827577106,18.195936165643026,13.89227759928992,6.769772725581541,14.006855579159646
19fb4f7b,33.780000000002474,5784,13.743003924944896,9.262032675467395,13.083978410557584,13.288895078078639,13.862668248079338,13.234423726261761,13.214386619320644,13.842169507427565,13.261675837083784,12.91093913076167,11.877479077328324
1a518997,21.600000000000364,4777,17.293453563483983,0.7555180187784191,0.6829338052439407,0.671093948442124,0.6741607093472857,0.6754878331696622,0.6505181222214917,1.0433626422443982,0.6795742294290572,0.6669913603828123,19.931653654321607
1a68190b,33.599999999998545,4746,18.248151498785784,25.391313860551538,20.164882504248496,18.188811296926147,20.170202255177678,22.43882669695104,20.039111058553164,15.056465702061528,17.84299564876094,19.472864877972114,18.073752865589945
1a730ac2,27.920000000000073,4416,12.555307844591454,5.7634939531987,1.0667782837103454,10.007755363597575,9.512681752712801,9.538448705841539,9.57256284222015,9.53587328615663,9.548016384090502,7.758028879078492,14.649926893026548
1aaf1da0,18.26000000000022,4614,9.32389803555202,12.32860150123448,5.377272275971563,5.116876473814807,5.136943822564546,5.280864685752783,6.444893345556579,5.316791899544087,5.1710373773148,5.182107047210127,8.955237067564127
1b08ed48,20.81000000000131,5238,14.0544304988709,2.3543597009919157,1.927722506315196,6.0843422555802755,6.160859834443655,6.055825404324235,2.0016939183217723,6.051355612230493,5.739394911608475,4.560716527143762,9.340753448756903
1b1c5372,46.100000000000364,4228,18.20112830032573,23.33659809058684,12.599083657385286,22.25834307157463,12.573603872799866,14.661928932521317,22.50083097069563,21.583715823758624,22.1857128512246,19.001693496673447,21.440418630809823
1b1eba53,104.21000000000095,4898,73.7325723286036,40.561963619424915,69.50856478328278,74.87522766000647,71.80338095804137,73.24991747560746,71.70766564914099,70.89323628568104,80.86019347187336,76.09828601285398,74.27786308316654
1b6ba517,18.51000000000022,6286,7.136542529669258,3.774246228806193,25.912661461507724,25.91221231491491,25.3459287562814,26.290219270885952,25.888057449343854,26.473449793835645,25.85972883382876,24.883085219586523,12.796611400336642
1b82b665,18.410000000001673,3916,6.535249236584086,5.351041093400907,7.569525867895949,7.223707058422262,9.128294642558666,7.231473945653996,7.216812864538072,9.603733027059137,7.230392603772361,7.662086009919096,6.155222464321904
1bcb2fcf,22.44999999999891,4527,6.276244992341244,4.083567305540823,4.751902159173296,11.112573588104175,10.652503857577038,5.222849272325785,4.7172750931355125,5.045002653099065,6.118376674337597,7.140966622656734,5.867735617115529
1beca81d,25.30999999999949,4854,7.820077891708282,5.297884414909381,5.6964587598172445,5.886725024478684,5.7417421681914265,5.8527080481886,5.861984898623933,5.172860872932706,5.830435535575969,5.859641302153011,9.226161492844938
1d3fbf02,15.229999999999563,3104,5.776634394621654,5.451327487667927,5.63809489270271,6.050635078982537,8.622212288642082,6.115034810414028,5.551758302322177,6.375492582492609,5.6460253846247355,5.945017715947657,4.8983661968250525
1d78281a,26.80999999999949,4971,12.226045252598935,6.4206282197194655,7.295520571707579,6.91538642267759,7.320515696800004,3.690074293067716,7.368461436023521,12.443575544982872,3.9781265248948303,7.097826479815265,10.399350789432813
1e30dedf,25.049999999999272,3996,11.076873960496878,7.032862854322329,3.7457275979447546,3.7731301965264357,5.442104742516673,3.7319330900866468,4.279295709977198,33.3231606590661,3.8241633491184754,3.067786282834818,10.078787082235962
1e5e3573,29.76000000000022,5202,8.557014383282652,18.19124006402041,6.105468632349386,5.926701942253549,5.814821911807279,6.206558922425401,5.8596533976782315,6.717885567851273,5.886286723447209,4.202934615014618,8.402893675758538
1f9afacb,7.539999999999054,5149,2.328604127780393,4.182815181116568,10.794219432587816,3.6208436377709785,3.868145008446498,3.0033890699677763,2.036138077883008,10.776550966635785,1.5656863721871332,2.44711630318202,2.442094470529257
1fdbba44,17.770000000000437,4623,5.322528283898906,9.981112862201822,22.460381283904397,22.455101130715438,22.396259548657543,22.353518110300843,18.758188286331922,22.363176092099817,35.38444214993438,22.418057340618514,6.363009151649844
1fee2b62,25.770000000000437,4616,8.311832617427989,2.8897463937240655,4.979848980344693,5.305388563819229,8.318193745113435,8.443899107560343,8.298583528231209,8.966253667853662,8.33562519512345,5.529455138818958,8.057580812948261
20096916,21.969999999999345,5022,7.249279810148249,4.557712007914887,18.157126471935968,18.224346709916844,16.239979913452654,18.246834462191348,18.192003325583464,16.535436646597905,17.006003622953283,17.266485420317554,5.1204158583385375
200d233d,19.600000000000364,4304,5.361890917394368,20.15446359830405,5.276291040360574,5.2378473980906355,5.250547887069324,5.263770654714578,5.31428201487945,6.565370873226453,5.2977692375153165,5.276580046312714,5.504585096665505
201661b5,45.969999999999345,5939,12.451791169702643,34.88640416670043,51.62898982455926,53.23988808208717,56.444244624891276,60.464558238067994,34.414067680063646,51.38978976738372,51.4952607741378,52.69152265859324,12.6999718926892
203721ab,28.969999999999345,5282,11.594958938067354,23.30287223699804,11.542592685055252,5.814107236358011,6.037004159168419,11.528721273355165,11.363861713667154,11.423732778483274,11.576022501733526,8.490976167231274,10.76400918230037
20402d71,19.780000000000655,5789,6.808984340499405,8.348444152686705,6.077946860283056,6.095411580562774,6.130375780755026,4.183250622826404,4.2007141556973595,6.219952503419818,6.107644522039128,4.223256510673156,5.19700231339464
2043abc5,32.61999999999898,6214,16.916115782693492,9.40383909163072,6.565819923295071,6.5832365612926464,6.546502564286544,8.242769035714744,16.205997894497226,6.6416536574653,6.7194271067166165,6.790900984905562,16.087279292064753
204cc64b,26.210000000000946,4711,5.881785838390875,8.447949283182433,4.243432883197979,4.138346650530263,4.3334178050342596,4.173001062916336,7.3105489386970675,4.207647023463699,7.329846928414729,4.159951081218339,7.335262360058808
206b6193,67.46000000000095,6255,35.05624572250446,31.480828439853987,31.035953650149505,25.143251545707756,30.448524873232685,25.11218554014718,30.473196018820612,31.04299961428886,17.021979889989385,27.355184174537825,36.06623548304432
2075c696,38.85999999999876,4073,26.599934957156407,4.811284079426934,77.37018078936266,61.03723116142605,55.9685787403222,65.82257739616604,55.93029103380809,61.02583697600131,77.46249435086634,56.14298097730304,21.76657902970739
22c5f93f,26.150000000001455,5051,7.418380861015681,6.696240657263108,12.60324409747435,12.466023656949146,11.628534653920036,12.679293707621689,9.325684558503962,11.692199980323673,12.678448420820446,12.409606276651736,8.12425523138853
230eaaa3,83.3700000000008,4709,25.18185626822681,25.729058242998462,3.860066684743546,25.588803269701742,25.56503266225005,25.583311312882067,3.5590283398931404,25.538677418717395,25.546029454887957,20.568466793297645,26.592086215026058
2364716c,33.47999999999956,4448,20.286842941061224,18.831484871061175,2.590139538111381,2.5382985661712434,2.819139628461274,2.5239531360402125,2.5435403952460516,22.7980208292653,4.755839071739523,3.377682114101211,18.78596884272126
23b9beb0,18.19000000000233,6417,6.072103036122224,4.431109620281876,2.277624525699585,7.098140556372806,7.091540775798877,2.2954949969266925,2.256086839426043,7.108565026875866,7.106548023634128,2.597812183615682,5.128392733648748
24d8997e,18.909999999999854,3787,7.540694503417692,8.448780965476544,6.235219413521656,6.260828868982958,8.71216357657099,16.120005749231627,6.261932590148727,16.116707186135056,8.67732678711929,7.777620930278776,8.207112593460883
25050f63,20.090000000000146,5223,7.791927064526522,4.265647002763391,2.526056219455528,2.830301884968598,2.767821136427358,1.7976945517394338,1.9391202531535647,1.777808836135418,3.17525844636732,2.5016244712790776,8.237334369957866
25939962,34.73000000000138,4432,10.808251377254997,18.788107664851374,4.394374640618234,4.532444761014577,6.288000847282655,5.150459260257329,7.872820071439741,7.83584033790658,4.07638810872451,4.918630810204733,11.028586489022235
25fd32b3,6.719999999999345,3319,2.3098343728001254,0.8031501500737649,4.250853222179817,4.248967941885062,4.28999713441253,4.187213491265176,4.2073151913670115,1.7111336362475824,4.250879234958509,3.4923704200909427,1.2946356981172895
261785ee,37.47999999999956,4024,18.946933490484373,22.24788315155121,9.645052672587205,9.762216308288286,9.675828798865908,9.701779359604588,7.179835252016729,10.472523717291532,10.57151345760254,10.054760648265649,20.74615874826399
264feceb,12.909999999999854,5408,5.456041037398886,2.507524483028403,1.853436367181194,1.8458353663114049,1.8631957923607914,1.8775732688038398,1.83537698643106,1.9785659815935357,1.8575761349096487,1.8554615807084591,3.451459943218772
26623a50,32.16000000000167,5460,21.100836222861915,11.731785270384108,17.314525621621804,17.37285234150767,12.763003242410859,13.198037027923654,17.347057862710646,13.283965287755361,12.953526051072814,13.401538919179405,17.86471026820787
26d3a96a,38.38000000000102,4719,9.030830047902123,21.229687552730745,23.276630247494957,26.802669733855712,23.277017428216407,26.80852679350647,19.02604770299156,23.332762995770743,23.30345980857641,23.9409717995714,7.181037190133782
272abef3,20.649999999999636,4148,10.007297997521167,5.573800843055745,4.347048976535155,4.325008727986227,4.3224969519728464,4.3632242280040625,4.331309189195581,4.347652253044587,4.3471761167180905,4.331806271723577,13.568142035768028
27300fd5,27.1200000000008,5392,17.61402686381148,7.757023998068676,14.578388690079885,14.55766215457099,7.546447248215232,7.607599523859194,14.608884781307257,11.222501836469199,7.535936291966562,12.465358197852215,14.575697432300338
276b012a,43.54000000000087,4592,23.61320533888435,25.851561615729594,14.912608220801632,15.041280776770845,14.763367085114503,15.095639399983776,15.126825516761874,14.619440487266045,14.969117848228606,15.126720004228577,22.905052829494362
27c3155b,24.76000000000022,5067,17.13380076388606,12.961868836448856,18.705584553923675,18.93461899813799,19.0398651811429,18.724294500357228,18.585571997232318,18.61431639758482,18.82221654672222,18.727719116787117,18.261313462356515
27ebb9b9,24.38000000000102,5585,9.249883057646134,3.9535495414962365,12.144202363170477,12.212753927287023,11.930414539968687,12.015243689230928,11.966776717392674,12.175359218791543,12.167994282528804,12.076857356633289,10.942338139402302
283269ac,5.989999999999782,3334,4.7124055191434,8.660024288481514,28.031297874416598,28.01393479480334,25.899494433882964,28.132068162586354,28.090753358993894,7.214333844971063,26.96225918904522,26.717526798762027,2.8044980100166335
28473855,21.340000000000146,4833,4.295641524375474,11.707363590591234,7.245819162757716,8.477144655800434,11.61594639924819,7.313859595095951,2.971725750372124,20.4126098146504,8.64811506652543,8.717715967691682,4.689860970632116
28f4eda9,22.8700000000008,4982,8.63873139578121,4.40519409081686,14.856949659013761,14.88054156648918,14.891948322511258,5.6524202606201595,10.363239889254682,14.863714250173958,9.633362630037661,10.44015168345363,9.309008202885602
29b24409,20.349999999998545,5414,13.451148336069483,2.9657159987743986,12.074397067935369,12.150985575198378,12.15225174220229,12.110918648638375,12.163907494405265,14.511236917639009,12.277918836802248,12.475581020679167,15.802771669725985
29de15c8,9.640000000001237,3770,2.9827193990149574,4.359145980532093,13.264490527107618,13.82838879068009,13.156172607011797,13.049475149246529,13.636447987327797,13.52954721381583,13.662319126197227,13.414585009564835,2.6074266509442223
2ab29395,15.969999999997526,2427,11.54833265647666,8.734243407794281,32.7624431458053,32.16985881065861,23.18258683559168,32.030413889277526,30.827178606564786,15.785133984542693,23.886810616801434,21.909874149914966,12.775567225111653
2ac7cb6b,65.81999999999971,4709,20.32016369262886,18.465906792078876,18.855754495237733,18.907683601169577,14.675806669492488,18.889486196933817,17.876200461930566,20.192600014531333,13.160229418464674,18.077187748619835,19.830655222065424
2acc78d4,33.02000000000044,4460,13.2933232566685,14.858202841615075,14.670673443420092,14.66273457233252,26.880715316761144,14.817620834101946,14.314717616114592,30.24939038776763,14.564158666053372,18.403566660444373,16.094197744957746
2b034622,11.960000000000946,4936,3.9518603752463304,15.333330441743097,7.8143257724228645,6.937690049689122,2.6569837880136062,7.150774922479643,4.784445511518884,6.986805394026144,6.8908139384168745,5.216901451399196,3.908590083190275
2b06ad65,7.219999999999345,4165,3.1934723261987843,2.317227343897562,10.325891040319412,10.684422129369327,1.4291275411899291,1.3914418604092171,1.396807022663099,10.67648023572796,1.3948919523713974,8.57598806488527,3.3496228989877683
2b547943,18.98999999999978,3746,11.853631926791998,3.9920099861996676,11.980703580755739,12.091904184404092,12.467114499440418,12.018791650460312,11.985553130232883,12.102695739658616,12.007632146828607,10.611771249117147,12.228399738757227
2be5c96a,14.81000000000131,4200,3.6324476071993623,3.9469567613577152,3.6709974189783305,3.207639001396131,4.03197299042892,4.45519914099644,2.6746446315730594,4.448065391567292,3.668662613342055,3.6300631029058037,4.197045775077168
2bff06cf,32.419999999998254,6697,18.436235347656716,18.663852473786985,16.092015991150085,11.015680544680222,11.025114180690274,11.077337138946884,16.807315753238925,16.083060452811104,16.38671665198854,12.187802231751197,17.329953516257255
2c0c4a4e,20.0,4905,6.741521486058512,5.9902772273497895,4.114486363800566,4.01318680627229,8.546602398597397,4.01972067659651,4.005275672642307,4.171104860564887,4.01596459174955,4.436568371758759,5.8343027870696735
2cee0cba,35.43000000000029,5355,7.232132009859061,8.489116340625603,5.836892819309993,6.883655036631547,5.856622268443959,5.833448378499343,3.8975316672479763,5.682423420723238,5.850803710064106,4.4777196746150905,6.979317563400768
2d0c268a,27.19999999999891,4591,15.26796324729542,9.372525483821283,6.139023136459922,2.2008116102091444,2.2143557557912414,2.434222096280294,2.2056098135540987,2.64087975964542,6.1271281754620945,2.2139629432076067,15.133768011995944
2d179ded,24.850000000002183,6734,8.377628016807602,24.84331091551115,20.222171158737734,20.25563749376026,20.297833700248088,20.257242950029568,16.828658500564348,9.203786752055311,20.233598686058727,20.154971211755118,9.31212313218577
2d196986,31.549999999999272,6071,11.939553796899647,7.224957930373197,15.823579154932053,6.518851137212102,6.50482445369536,6.408851825273772,6.528422439207132,14.934323570738155,6.5125455884286385,9.898939989336597,18.920518998426832
2d2d0c6b,13.590000000000146,5086,3.1194736175844886,3.924557551241747,1.7104191907875117,3.077087670471641,3.0775779883856833,3.084697436058404,1.5232317874872208,1.9706676769790648,3.0185297148325017,2.3447891000647108,2.7989981740984824
2d35f86d,30.779999999998836,4838,11.328521182698816,11.404273066185048,20.184663439281646,21.169407505286188,20.864053477261645,19.85003369891375,11.30675115419423,20.924950840175015,12.051651394755842,24.834837393861033,9.836469143805244
2d9f6cb9,19.520000000000437,6298,6.346815127121903,8.487950495343453,8.328813775535838,8.328986003576016,8.318061141684943,8.314357117694483,8.294053336005641,10.234917043034576,10.15106192203809,8.320569159879431,5.270943281535895
2ddad940,24.710000000000946,4973,10.634350749607623,14.369002548093658,13.811872341171512,14.028727152823109,14.399301201381608,14.015740190852524,16.71249459125345,13.9141873274458,13.715331143780878,13.973865481128076,9.772615557779044
2e29e833,17.649999999999636,5295,5.041043083826082,6.55001492192017,6.7096841192409755,6.3363917587205565,6.222485943150296,6.658371781305002,6.099104519054614,6.4239338246088336,5.891832331976736,6.252319495611516,5.077925343870979
2e43c2ea,21.889999999999418,5365,13.697498143679326,10.367242877283262,21.576144071843316,21.581792957801458,21.570860948167006,21.58531059498889,18.62930542210783,21.599732190874985,21.57388867993479,18.390734071967703,21.283239102875967
2e63d9de,41.669999999998254,4749,13.426575122491265,13.229897223296012,9.570833846594802,10.556976930035153,9.570952266555242,8.840350208107203,9.592615557122562,10.607205383395252,8.851863793087176,9.074613380239612,13.69469795790866
2ee0235b,19.05999999999949,5297,5.0394630359934585,4.682748993858707,3.840700032453987,4.252345836097366,4.0295485191664815,3.810830332526605,3.8656461296634363,4.110174712677875,3.577112637009172,3.758734621098511,5.0886924715902175
2f19d536,12.760000000000218,3463,7.939087467591291,7.266309136927223,20.58390430372475,20.655849941166416,20.592414247657096,20.603914285345223,20.582517273329657,7.042620849773466,20.60349384502743,20.63050954491014,7.866512386304991
2f8e53c3,11.200000000000728,3017,2.7800046916357544,3.319518768863876,2.06940327684098,1.7520265851746113,2.111051480130659,1.9066697116529892,1.7358665508139721,2.097906223516765,1.7787508047853258,1.7856925782845963,2.651713162852172
2fa01aa6,48.73000000000138,2818,29.897015967035234,13.21813999955742,5.2263478822945615,6.965851967547522,5.194009689086995,4.899298943524673,6.924558240893465,7.004344470797336,5.177601203150456,6.224991658114661,29.812540682958407
2fd68f7b,75.98999999999978,4658,61.95206302551385,47.286940153148265,37.230777070037966,37.25279404280062,37.27947615459415,37.262481709843556,37.35998987739256,37.24004190859824,37.426468607109896,37.23920791372239,61.85790717348842
2fe023be,34.919999999998254,4424,16.09551258040674,10.609994432941178,11.618293445602252,12.10410846319102,11.601743284219538,11.223371989328015,11.381168543556416,11.333966477935828,3.6683318505547606,11.626636497039916,12.64828438644638
30d75030,53.39000000000124,3657,13.72121433720824,10.8327580134198,14.834912770716777,14.467570020866992,14.81853222094215,14.736726794466321,14.840011964479645,14.932073971641877,14.720458893387,14.715110622999795,14.975856317300513
310c71a5,34.38999999999942,5101,8.837097652654156,8.99636630195258,4.901287397611077,8.983848372017768,5.182742952637371,8.983876924656277,8.926840150354115,12.294454380191587,8.94918998826796,4.912699223435788,9.77664725068923
32fe84c9,37.01000000000022,5959,21.617764495173315,6.235490998405217,4.816946030129468,7.0078632123468045,4.820528800197547,4.745362088880521,12.187656406415346,6.630696626497767,4.804270500441501,6.0238164182554135,23.41731298865615
33c40295,22.839999999998327,4372,10.112499666096129,1.3133075296125192,22.662509202663077,22.00945190129423,14.201206265240327,22.021768241164235,14.240343730800642,14.52674683384621,14.36371227254402,16.01980461238943,8.500387672124162
3407f5bf,74.46000000000095,3876,24.50784047003416,25.6738840686904,12.553414270277191,12.5493009746722,16.829970729201868,12.544812526127036,12.487661135065457,12.842371622111616,12.822493726159323,14.937256949090628,23.512319457672557
3417285d,45.590000000000146,5444,34.29522295138337,22.831690959961154,20.080124313992716,19.721504758586995,19.461327437106615,19.539486038163833,18.328243105889076,19.959147362434894,19.520377843050742,19.674502977394955,34.18430245602262
347242c8,12.930000000000291,3969,10.04640284020616,19.834360103455058,23.24725615150742,23.02825972040741,22.539952568720114,22.6556269276874,22.632980895792034,22.02551932915115,22.670944595101233,23.03879371743013,10.766026831494989
353e5502,19.590000000000146,5768,8.534123674183768,5.652202942868445,21.170688839381658,21.551292896975458,19.262864737718775,21.686854625527868,21.486399562695425,21.374486148137468,21.61328083441376,22.516591189860854,6.718406530104046
357c12f9,16.400000000001455,4212,5.668882462295184,5.228953502136829,2.870216252156195,2.750191644746161,2.5760777540303192,2.394323471749996,2.8949766075411403,2.7180638819621414,3.0445667694115714,3.9439329716952476,5.449092885206087
3584a6eb,13.610000000000582,4490,9.076793247452896,3.5047931637325624,3.4717356084543742,3.8149925714755977,3.2118351508455634,3.205407955036085,3.7891363279908803,4.3191455005518895,3.184861323372793,5.936092292341888,9.842714161819352
35b30c7f,22.889999999999418,8227,7.67264270667503,6.726829389312534,7.4950448797946745,9.177509822089062,14.751934705997916,4.249167087536605,7.13167066084184,8.315075095960719,5.731473368311833,8.188498696835925,8.222680356788514
35b3ef6a,40.77000000000044,4187,28.249904424617604,7.362672592571645,12.274265255736905,7.009251713485893,7.04867247895374,7.065821939863047,6.968418097265236,6.9048069554948475,27.755185763251415,6.977485657260217,30.79892707824829
367456ce,21.530000000000655,5338,7.046229000306666,5.872663244340327,9.308826901046602,7.74343238129522,7.355931915556907,7.098403385048076,4.372220796750395,4.2898426557874485,4.304079008759587,6.044599964331249,7.229781010392086
368131f9,43.05999999999949,4795,21.331330190486128,23.245415203508063,30.123634364610393,29.72703046786472,30.077838466756475,29.036249642075,29.210084956318134,29.251371674433102,29.47780154391608,29.608505710068062,20.968414092926924
368fe682,28.6399999999976,4684,17.52145958188367,20.515765521550584,17.96836358512292,17.692378959936125,17.846149655648848,18.600529585840174,17.65411605456936,12.367466147788416,17.673824208727268,18.07426533125691,18.381771139536113
3690a146,23.18000000000029,4206,6.693932778550061,10.390037780514676,9.593643148119009,9.587072474665439,9.594933532439706,9.596169693958375,11.693765952698865,9.617541388375287,9.586622697117608,9.588602113794858,6.728848588620332
37344c2a,40.07999999999993,5068,12.903452026908802,5.740933338078603,6.628191293566581,9.594574102366636,6.603812433195014,6.82546169864821,8.84858047592221,9.522723308869265,8.895452609246082,7.2701818584546025,13.214651050539947
373ef48b,14.30999999999949,3644,7.2329483207430805,5.943066986155787,4.6906099525233484,4.665404473059552,5.891645625110679,2.7528645913831387,4.754699338285216,16.886797953201565,3.945625963849407,3.611737583521646,6.700039670491702
374be387,23.63000000000102,8615,7.394861244571331,8.57464434153429,2.996600449906194,3.72412861409342,12.796382707861397,12.74394925728274,3.4129810986022706,8.353309993153998,3.939878724484501,7.262696604339593,8.603853818722467
37d36812,33.92000000000007,4392,21.757803090671036,20.33284509347545,15.99662189376849,22.88916840191365,24.276682773389652,23.858855017808956,16.012122785683204,33.72104456755588,24.359909301625425,20.267450581989188,23.676716731563054
38991fd4,28.290000000000873,4778,14.914373837518433,15.836361079890322,28.266028750397876,17.63864601603259,17.68446992392511,17.701514206321473,17.713055478787272,28.258716370509266,28.31855531789362,18.817821223221316,14.407830776824351
389ae58f,42.350000000000364,5987,26.34178982144322,8.641712263985218,7.93970677007641,6.6809319795184265,4.420409305749039,6.035109410683996,18.909252351342307,6.788624247058789,5.7284558218864445,5.013549370076345,20.52906801275943
3932faa6,52.1299999999992,5393,13.185812477634643,15.225292196603665,22.454186974361633,43.483688562529665,17.135133494130475,19.354063329338416,17.4857941136962,22.474814094683758,22.580994721744354,33.38047937152487,13.222889873079414
398dce4b,24.31000000000131,3654,9.164611383262688,2.642846118737894,7.276559746410057,8.036714409476051,7.9945154244837235,7.980205955579074,7.280150538449295,7.335245638251936,7.286239080178095,7.697490728442065,5.267296705783129
39b51819,10.319999999999709,4659,3.4796123958582266,8.004801011774356,7.777963663410244,14.181303710480739,14.210007360260239,14.291707824519158,14.286909842750294,5.564275199946252,14.273567166577386,12.616959828341184,2.8158160268338435
3a0af893,27.899999999999636,3343,17.480916179697722,17.257416125759754,13.066238487790898,12.726798263407286,13.206446267560048,13.342041251908217,12.635338033194357,17.58052012764963,12.865053383161857,13.093234512935792,19.536832820947314
3a223519,18.5,4804,8.732535443422261,5.197816001474802,4.158940931978632,3.8282714629109518,4.2117928692955395,13.540019861214704,3.3827733222741836,4.076996042386195,3.927586532267233,3.9054935143714857,10.080572861152284
3a7dd95d,27.649999999999636,3154,12.478930790144359,28.078647535907855,7.6005351097015135,5.990468027410613,5.978882071826402,6.158119636327017,5.943127560838012,6.3185275509664605,5.998649843322855,15.068394838045327,13.375740057990585
3a824aa7,17.610000000000582,4145,5.911747514323405,5.806519964107403,21.27418505162447,21.276522930349916,18.637958055269856,13.20236695764294,18.65397886928083,18.746890434705765,13.454772756507806,14.991574756632527,5.584229048412724
3a86fe8d,17.770000000000437,4798,9.045845246028096,8.539790767717356,3.181900978639922,3.1884314744775026,3.182218648942526,6.431678597338779,6.335460340813693,16.67442294020377,3.133655734638576,4.1032438203897,10.107018374632588
3aaa2b30,33.38000000000102,4669,18.719911575024003,6.862433091642956,7.971931181869053,7.369334946830219,7.895092831530625,10.700245376730926,7.39173755606534,4.001423232278544,7.323022101742804,7.924928836403836,15.854687368902406
3ac16ad0,29.81999999999971,5411,10.402464612078335,15.087086663110322,3.7570401361983197,5.1212824350191655,3.7687615738932227,3.76716413499698,4.814453368812257,3.4237462238035103,5.460607048495491,3.699007735326784,13.147030492637295
3b21ea64,28.409999999999854,6645,7.279944008747909,10.326364569320367,13.29297385700884,15.455411624463682,14.064763267543535,11.547212958126524,10.24585475510427,12.426438283135115,7.616136159295642,7.307512985970495,7.141623862401785
3bbe1f5d,17.600000000000364,5974,6.306125904255639,2.27239866920265,5.704247077923668,5.696663938015521,5.717118209169986,5.709589990388814,5.702909395978362,5.711459824406995,5.6984583176197905,5.063085752057945,5.840694562540149
3bfee975,25.399999999999636,3714,7.781731878133177,8.518937591185662,10.202961619295795,10.127783983569067,10.246609247872149,10.141094774190579,10.080678164465938,10.286662465977889,10.111007459697026,10.137613294158466,7.524274865456719
3c3dbcbc,29.0,5045,8.311710998494659,8.938802718037357,7.526580423836228,7.294206381408675,7.590226335906249,7.258993767029207,7.525690157929895,7.2717506410996835,7.545544591931865,7.443065031679834,8.133741243758262
3d96d897,11.840000000000146,5217,3.42330765320308,8.618541840244976,3.030909053630539,2.5858806181827387,1.9982586356973437,2.3810439098613383,3.7814064436631476,8.84273609894677,2.5338790313473654,2.8700011401364405,3.9475274359990435
3df4b19e,17.600000000000364,4860,8.902699204599276,10.21341320113596,4.595541286349912,3.2640720161074475,3.0893008576997483,4.513911793229329,5.2087731376321456,14.974787785572277,3.5260154404861463,3.8862654022451895,7.033514581363229
3e011332,68.09000000000196,3535,42.95189264822946,20.52365246677113,21.020245798869272,21.017124618319926,20.997972836881605,21.01467200914948,21.02913881197817,19.266251018487967,21.017339753157216,21.01177006470906,38.40819366849869
3e678ea7,27.469999999999345,6378,6.559761729032278,8.881396896022395,9.547993956021923,13.360320018259863,9.727727581507217,10.709416291067978,7.144394139635529,10.312268116685152,10.84231977727091,10.527550892922918,7.658584656456136
3ef6372a,21.109999999998763,4866,6.1256858478421,1.9664076295711181,4.259558867868895,4.255009702035395,6.051315422409215,4.2457332063129885,2.4713434773940866,5.906829962595643,6.014632591731557,4.980290519540066,5.810994474421013
3ef98781,19.93000000000029,3900,12.738771284789108,4.56438139472729,6.5664472525473,4.312052258286241,4.0099059038574385,5.269117358462068,4.665385595485648,5.166511341809924,6.614212762513989,4.819450281927525,13.606767320825755
3f603129,30.799999999999272,4817,18.593837998135804,8.510676998623117,13.281594624114366,13.15057879905909,13.10483211769527,13.008154352493005,20.345217679317173,13.093887765348994,12.979543269417368,12.41161243669157,16.6320733431247
404c4384,100.35999999999876,1907,88.30876808572172,3.452443894799554,3.407278798535725,4.1314624328328335,4.212568179032777,3.5430253932578273,3.268426693733567,3.7499570881382134,3.5343857920268147,3.999195730088837,85.11608897630221
4121c517,28.290000000000873,3994,13.632322968566047,19.21531649563135,28.27955628712189,24.256837578206344,26.488488816564917,24.38288942811136,22.620519436592616,24.51326137573813,23.975002593621454,25.12020895925387,12.173827404950222
41fb0192,12.100000000000364,3198,7.269835241617584,10.70306418378009,3.6150220117275413,4.755698796585289,2.8941628794877916,2.9391559864296526,3.1588380514582326,7.376619405073096,3.5800135483390445,4.490699230230086,2.7310862687999298
42669188,37.75,4438,22.92218011424274,7.270220026463938,7.502647833951489,7.4478558651963604,7.277950941143273,7.506762843444596,7.607934922614893,7.608122965477051,7.525960517555198,7.400646763307424,19.137658117555684
42c538a1,42.38999999999942,3476,21.398265985773723,1.0720773429868395,20.378158210125605,16.3170135144077,16.079479778603616,18.383268845125762,20.367423907597047,20.375918733228065,18.335990218932928,18.50960869234861,25.79201803417107
43b06c70,17.220000000001164,4811,7.472768622085613,7.488797084565523,6.780263405130678,20.29449067211123,20.12174897246388,20.360720268896582,13.354470454301872,13.36229642501786,6.664467873766721,10.76520700253574,6.084078029302001
43c7f85a,24.270000000000437,5463,10.366033610297402,13.350575703408444,4.400404120011188,17.65539703422756,17.839196962862133,17.685341150027412,17.675798247216477,17.630770076299616,17.655402530724935,17.669045079101217,11.349590246139893
43e16325,91.77999999999884,4267,48.830486507284085,33.463327553368245,51.14238838082972,50.50637569085191,50.49354889496436,51.10378660942462,51.13441022186197,51.18776612227503,51.16437816879857,51.046911165574045,50.60702652313105
44441e54,13.350000000000364,4065,4.182535231101639,1.4146569588948041,1.4412170343354016,1.5072477291859705,1.5016328967155488,1.4689738110515569,1.3007647437403764,1.5228232750271544,1.445661581200907,1.480928947070965,4.671952503697531
445af6c2,39.06000000000131,5839,32.12524602360827,26.502648716775663,37.83033075088266,38.11827040509231,37.950773638041355,37.63780520224485,39.645576897892305,37.59708133452336,38.31015815235067,39.041480053386984,30.901538572177824
4463446c,33.23999999999978,3452,18.93814136927415,25.885354258097117,27.174343688563827,27.231201797496258,25.6780048177223,25.30410154918145,4.121598771132195,13.962558025905778,25.79175936998742,26.31069301599754,16.117447919362704
44a94013,54.05000000000109,4739,18.471164082247327,8.278011825330045,8.082023403347664,8.164948232863534,7.679641484157813,8.716567940936928,8.161379546426133,22.51085822818482,7.625930835676692,7.741124450511133,18.57878764700733
45fb3e21,48.26999999999862,4107,30.280348414801033,18.000784231588092,14.918993405775714,18.031954996037907,17.992816363958664,15.978772587756326,17.78903682477809,18.092557383642035,18.385260516692192,17.542980954120313,25.028637113776156
460f859e,61.020000000002256,3637,21.3721480195738,22.96196177783876,11.649281608647595,16.417914565034504,15.403492117130273,15.494345593213852,10.969880448736316,15.597708387393732,10.87892187680212,12.893050391347465,21.427632501432292
4630ab92,24.340000000000146,3874,7.6099588125392055,12.603075905828844,22.633185344546522,22.87848199555656,21.936726063145127,20.864142959691918,22.790504804568467,20.993805824667746,22.62831346063062,22.192608557524352,8.095479101276169
463c38f2,19.889999999999418,4415,6.604008455352667,7.021773120529719,6.3176448421662865,10.801873709981496,6.310373141648294,6.302192995780746,6.2915625343579755,6.330722286895356,6.329736849687885,7.090642918943069,7.038893967799107
4654e7de,22.31000000000131,5117,11.124594622323631,6.726745020776655,12.27237542489694,11.994208373416342,12.961149588981495,11.932267604961673,11.813956869593353,11.716568910903208,12.456243142373692,12.121187365518516,15.154368395086411
466fc788,36.9900000000016,5670,23.22942212681335,18.126904927026793,16.630589214864095,17.194391216083737,17.20356413340146,11.046221933159046,10.669892083326207,11.001177513018844,19.372709864190266,14.916187285948807,18.177210698163073
46a301e9,16.320000000001528,7272,4.287400532704397,4.131467486525512,1.1713197739675203,1.0917762635624566,1.1148212803450415,1.1072156959437236,1.0919878879208123,1.1181620927515292,1.1263026026199123,1.1266716265911167,4.3225985435056336
46a7190b,27.76000000000022,4122,14.332068994878048,4.60309185516274,5.036410297406497,5.105278112091975,5.085458701843063,5.043053587088968,6.983331815231925,5.059890689681197,8.340711680717963,5.413664955410844,15.193835522013089
46d24a09,40.82999999999993,4470,21.0644266403515,16.6692845665527,31.294010477566285,32.701415239723,32.66138856644997,31.313421619131105,31.4059650056546,31.314213239703566,31.228757631045895,31.81970417756488,18.266530532526737
46d41ff6,18.669999999998254,6735,10.208406230789292,15.232070871681506,7.505202816780828,8.201119933953986,7.492520876478666,8.673357566729031,8.245905687475492,7.07311290202609,7.541245478869618,7.793852159315045,8.806517609860151
46dfcfca,42.69999999999891,3592,22.77678365310146,25.15768373474229,4.420510869066736,6.151634363667688,4.439783585177459,10.534809979754153,2.68134436009033,6.000445060157439,4.439674079649296,3.873557866252084,25.511948623693645
47222616,30.81999999999971,4260,16.242131628442852,13.645163582013147,23.716657965921428,7.973798935340765,23.244767249726063,22.320982707599878,9.443763052971066,10.115442989242103,23.784849023775735,16.6637903761766,17.613421487670454
47ee27ab,28.429999999998472,6040,8.059532507435675,4.976864189737563,2.6585508480352984,2.669303002379001,2.731730365667264,2.6708469788943603,3.6200577265031475,3.5497955540216646,4.561928124801241,2.4156110434493994,8.146685525394282
481de5fc,23.81999999999971,5617,15.967258086453045,6.849399117769009,4.599374478551497,4.669924306938277,4.739111894002814,4.780031966105288,4.85153797556859,4.622529226606572,4.740417421296248,4.6003985844694695,19.524248806408263
48c1f673,38.0,3406,26.202619345023756,15.60784083485531,14.350837003921617,14.300249943917274,10.726898020482603,14.175516171285373,13.990737638640073,8.672535365858973,14.099624791478458,14.169474599210565,27.985042734513442
4936af16,17.890000000001237,4058,4.732666641407274,7.728401527513171,9.044110340867876,5.382333529138506,8.89246526487696,4.945560956608409,13.377589893839613,5.199387440083781,5.337415925881134,5.248022810827553,5.028749576348328
493b5b31,49.1399999999976,5025,15.372990692310662,14.918044422281117,13.993811955580934,13.366075212720721,14.092307027231199,13.82623583967278,13.871450711769189,13.389422326830887,14.033553015260301,13.456277665438858,17.657897066072675
49dbc14c,17.110000000000582,3795,5.961264115527164,26.39353087415494,6.758425628363083,14.662928486201999,5.7944223105853,5.1057764172225175,16.036413041369606,5.753412448667124,15.952004899696036,11.14327620003685,4.0186664356413555
4a035ec2,33.86000000000058,3301,15.450598807621734,2.5854584085677628,21.38270633791105,21.544004106202205,21.632114716443386,21.675232564128205,21.809440770079476,21.380195577091815,21.72277070366699,19.926024995069927,16.83507141375479
4a335117,45.830000000001746,4911,19.82909858008881,8.244195332241427,32.04261430300667,32.174403346928976,21.665939093593185,32.244837647810755,32.022002498457816,21.678094664987075,30.524293759768096,32.21975118220421,17.922736439231496
4a8ecc0b,39.219999999999345,5383,13.478221773558168,3.426232552748012,14.300774185921693,14.281368659618556,3.9587409079740308,14.243987722584146,17.422505164893227,3.9530616003629584,13.886193971410314,8.958954498321683,17.871213460631072
4b462989,19.470000000001164,3459,10.846675224635874,8.897298438472657,4.170132648040939,4.358305337053935,7.128051313433284,4.406834541203703,4.228720527138566,7.494707361652998,4.602149644722956,4.393775221462823,9.419462488706912
4b831d20,30.31999999999971,6886,10.117427907260263,10.09516078359923,32.49150263327832,33.777228725940276,32.254139545298116,32.21219363726741,32.4036666790265,41.518301351115205,32.45660333642184,32.67207384098399,9.975364328887618
4c2208f5,48.64000000000124,5291,36.62219320280926,12.05432557872892,11.345486799376928,11.18390448408721,11.228184061900922,11.227492329443601,24.39761604355861,11.207406250647322,11.309202361481468,11.362989846880206,39.12600422548618
4c3168cf,16.01000000000022,4350,4.142112354659639,16.59609486819639,8.281042139479176,8.492690014991089,3.0856441593033637,8.08867437491196,7.58761732861222,9.406622361236682,9.272322034923794,7.732521636378821,3.280868661256129
4c3df468,29.639999999999418,5039,12.19650663436779,13.227232937404574,12.223448144836176,9.511424930596007,9.502185402708939,8.911347468004182,9.212198375367729,9.526625624365126,9.276675611821778,8.27253166060423,11.266096352737355
4caa7289,19.2599999999984,5003,9.829371919334248,16.703014249385618,5.609208404410527,5.599940626382513,5.616741015054803,16.236438477234728,2.616560900971068,5.614580772321301,5.570373947347821,8.848585432096105,12.53945061264605
4cd1ac61,36.460000000000946,4898,33.28120628757154,32.93715001076535,35.1866107946052,34.8111990118174,35.13724470315242,24.324460180867117,35.16943304413358,35.25593718780643,35.15143104731005,28.460669095339192,29.911866737178254
4cecf7b3,30.23999999999978,5603,14.390006910820455,28.71024180957886,11.650369211589405,25.493550704684825,11.990925537557548,9.891743635429977,12.160479358686624,24.027558298660523,12.0183030480032,14.127773440641159,14.153819184282106
4ddde4c1,18.360000000000582,4684,5.142727153024632,5.16887062645428,4.167994405069513,4.18699924084794,4.143368795846117,4.1926989255981,4.121602426166651,4.165910254617275,4.207448650191153,4.174349129570353,4.607115125321568
4e050c92,20.0,3822,6.638869885323705,14.300485370419475,6.169221989137939,6.188512045247602,5.869755744220474,6.075115613959703,6.096415296672695,6.08606049257949,6.064124963471674,5.848768833750174,7.292874835394923
4ed93db6,16.06000000000131,4742,11.07313986385613,16.80464193483189,4.185998890226176,3.826880718438171,4.165583170237091,5.117710122665427,3.8666445368699525,4.426417891975043,5.042910759835879,3.981116620584424,13.047516007930827
4f3eb9e9,60.42000000000007,4315,39.07395915007381,45.43020371791577,31.03046738829617,27.955192537169438,26.481212947569674,20.79366081167148,26.022228393501035,11.207852959118005,32.21365427671566,25.829540097126483,41.980307657101996
4f4ac5ce,25.3799999999992,5036,8.632952495221467,12.237720546987463,5.181521930148032,5.067690094016651,2.141220290435546,5.140937533729795,5.109602944350215,21.10860161473538,5.028649142439111,6.045210111206015,13.89141414879015
4f4afcc6,32.38000000000102,5244,10.451281500006381,26.97636865929678,7.665260460587817,7.6604058170365255,11.483693927567739,7.773092209800699,10.605399428427233,10.791853018532887,11.608153516516163,7.849524684187576,9.902538482731437
4f69febf,23.479999999999563,5547,12.201745043165973,5.15646062554712,8.600096753229506,8.605229221048152,8.193546554239937,5.473352326146839,7.891895533970394,8.345659644072734,4.88033878926335,6.100421370431574,9.966716897674779
4fbe9c06,24.730000000001382,5795,13.616454296548438,2.0179349157245703,28.465529403173807,30.623071038935482,28.40125763476232,28.394779818848793,28.365898771121177,29.083883662901354,29.083944776889453,29.24444706920961,13.62594389729874
504c8b08,17.600000000000364,5849,7.778424584951688,12.415968815864355,4.283406513400321,4.3018051996746705,4.304638249833724,4.313631980716304,4.4333496185756385,11.877342957098417,4.248079278419632,4.2755295641283135,3.9507244737297604
511e1db0,12.520000000000437,4121,6.958461757220173,2.398680107938078,3.5072371179837747,9.396613708368198,9.402308967667668,3.5057918094518925,3.500449876867002,3.512086018108041,3.5006305256516956,5.794092285048251,9.06378323266327
512943b2,16.51000000000022,4877,3.4970747522524728,3.5470142079295175,2.650611391797016,2.6505551813838233,12.83865665108376,9.623542593532118,9.270238565005831,13.020777101342858,12.76430198469061,8.722563082164658,4.395253670585471
5138a660,13.989999999999782,3525,5.346241734232214,9.068752405093212,23.584778928891964,23.59082833911526,23.539590726873698,24.44967475541526,23.57445658970265,11.395079880162779,23.632349461218553,23.887795217110387,5.2945543333368255
516088b7,28.68999999999869,6059,6.663493386819681,8.19512889990942,14.005126464079927,7.647675264417054,13.609218629268932,14.113868352044527,9.684219083279803,14.164867484493072,9.858096573319285,8.939744716481686,8.193043788033233
521a7819,42.14000000000124,5274,20.326065478274092,35.17421760858103,16.27459418309551,16.162900079122085,16.1326180536349,16.028417141723164,5.541785000350204,4.981181887632898,16.220755062991913,6.237186978530732,18.50383472488861
5254b6db,22.18000000000029,3734,16.82893320751516,6.724285552073924,3.416551031543191,3.2672728834732916,4.109078974129576,3.6527671401341015,3.979892457228509,3.8292848563355575,26.114218841972704,3.4093285189319005,8.407570935524566
529e88ca,36.2599999999984,3835,19.599500521135276,21.806322165339658,29.723595218964107,29.773353110532106,29.640765798585296,30.23163323600636,29.955098721777684,33.91111208427301,30.01726957604113,30.179878770451737,25.280556397359597
52f1e77a,22.950000000000728,4419,12.79510470149645,10.200968969990875,2.7603140991465756,2.750187166296949,7.677103132446836,2.7856147539318385,2.3159768801720895,2.813739624761978,2.86675762839965,3.7933464177139182,12.811260954388745
5305524b,33.0099999999984,4714,19.40543069816383,12.186525482116549,6.624521060812392,5.2557700293087795,6.627933722215043,5.226952041988318,5.248860389661107,5.736233323431254,6.617703263490017,5.249879959897058,23.59514040792602
53134831,27.450000000000728,5266,21.998497775249696,31.93360039675618,26.14496839226504,29.957809786033184,19.863204370341812,25.854290516061326,16.088150804613697,26.061881575284673,25.94149308307866,26.377109414624172,20.16723121144885
5397ceb1,32.3799999999992,4972,18.29336645769631,3.754652624970012,2.452778742645896,2.4071567243249152,2.4257055820258806,2.445407908643451,2.3671618553788507,2.579425052077674,2.5254495606978646,2.4706863867382047,20.647892715044367
53f23031,24.959999999999127,7446,12.48713027085431,7.830396881738722,2.1254176676354963,2.6282473402117668,2.478169003028193,2.8433730833847854,2.6385072227503246,2.77931605152487,2.7129496044730343,2.2655874547435393,13.605627588178761
543198e8,90.29999999999927,6067,23.60303303851204,21.539607585828467,17.63814237258604,17.615204425596765,21.915476210709592,23.969357821961186,24.484714490518858,17.577292550674105,17.64465385768405,18.619015235692302,21.087498799148104
54753541,70.35000000000036,4146,16.038886353055005,22.190791022253023,17.70300889046753,18.32121669007682,18.092132255090036,23.70115898136135,17.81385926091865,26.762496383821905,18.329047715593422,21.28223978384365,16.014004372259055
54a7e3c2,15.829999999999927,5762,7.68275632674413,5.6081732385719825,5.456508842545396,5.468111137828546,13.159935108101008,5.390944186140867,5.4585042512585344,5.178458511732361,5.548917859136484,4.266714032231148,6.591526217480793
5542c301,20.980000000001382,3966,10.953033764142145,9.805528604733462,4.236382597420894,4.05164647147184,4.2276736595490645,4.233295065658949,4.216389591937783,4.261306723539313,4.251026855519657,4.155012361543938,9.609402311468234
5567d551,38.79000000000087,6125,14.947633214877834,15.120684914266326,21.793115455666744,14.68302559699634,14.725886093196523,21.774326864853375,14.551876745691954,14.617938055893553,10.11609227306185,14.611447973689307,14.199917994589551
55efee7f,61.539999999999054,4801,25.83515609352923,18.105912548256555,28.54723999909429,18.39945517390881,23.523689257844776,23.63020589172248,23.561337907213016,18.321047975238837,29.067415929228886,21.237355894331,24.869805779970317
5663b2b7,43.43000000000029,5042,15.995051237233431,7.283079627150015,21.61288138124151,30.864151412453992,23.257298491877236,30.810759038253327,30.913108952508498,30.879861952303454,30.890181466119305,29.437972681897904,15.088152345266677
5693dde2,13.179999999998472,3538,6.436462476282413,4.633229679900318,4.191369674808035,4.250983757267906,4.265746078559389,4.2332413921279235,4.257243193779706,4.289098268497324,4.276921975428355,4.150069257363484,6.55684945595097
56b00794,27.220000000001164,5324,15.426800372754226,2.4721818516191814,15.984172610329512,15.563058123763064,15.464152767872651,15.880541962911058,15.520516117087636,15.499453470680685,15.954922497319338,15.823467451919697,14.78848689638206
57796579,23.8799999999992,5564,13.73493756719886,10.901050214024025,6.845159336434141,6.854016588913917,6.9151031697077,8.229037363765372,8.229365956297645,6.853324482250789,11.331293373575914,7.724667674838936,14.933344559903572
577eec7c,34.10999999999876,4442,17.494400246421485,12.92354037551778,13.574268228530443,12.557326711865358,13.462401267001264,13.421632565718651,13.671140112716124,14.131384313251756,13.957976000014913,14.928136439516575,17.592585888750126
57f05c51,63.789999999999054,4729,36.72935492570787,31.564595738106977,29.858094372395552,18.314245020293157,20.609769342126967,28.4931494295281,28.204411310136656,28.783716938499452,30.012448046554812,22.64901957504614,35.60392388284396
58850d2c,21.109999999998763,5050,14.64719088601917,8.135054191058975,5.952442713079131,5.941714963168558,5.975143485672396,5.983894671849931,5.899413789813109,5.992024488813547,5.958483816609542,5.945429610621681,14.638591161314965
58fa8486,28.360000000000582,4472,11.888547877665083,10.940495634266513,7.34566996362548,3.060355966014865,3.7761366814839956,10.828979966361102,2.9834684763439108,3.055157346115306,3.053381628583542,4.153598426872163,11.399642394079297
591cc951,34.330000000001746,4868,18.031871149062816,8.621759971132962,22.399336429379176,23.932656611920507,20.467333430654808,23.934395628041155,22.067047837221768,23.942253694817385,22.336435053763967,21.437281817630666,18.16966275748248
593876b6,28.850000000000364,4647,8.569138199456752,8.416930301947373,6.552246994678288,6.34077038201158,7.83742039365542,6.553345979147786,6.208365746397868,6.695141917177207,6.57321368397384,9.357588249493174,6.796048059531651
59f8b2e8,22.729999999999563,4138,6.535643612800459,10.310673491510249,14.314272520855013,10.552423348939643,17.42284268655904,17.44161219791452,14.391319496663312,28.532973240601116,12.979947980245033,12.618015794303625,8.62941306605937
5a1a8fd8,32.97999999999956,4974,18.95607866345528,17.847429592546366,6.124635727535696,12.906770080990986,10.657542571709195,9.08488620025603,14.67811605619172,6.16868443954924,9.326616821334301,7.301125739700261,20.86283454662107
5a5269a9,22.600000000000364,5879,7.273217586709342,6.598727297012011,14.191793667449108,14.168934360637886,9.9184607804895,14.189431718536293,14.377941429528557,14.265168689090194,12.184991993051181,12.843152972272705,6.824561997189387
5a5d1982,23.31999999999971,3976,7.239033173200967,11.783938141533522,3.5455009603170144,2.00034378711777,3.38644101696731,11.902758397759404,3.068035574012638,12.187194175275067,3.380070598990603,3.5563139282620346,7.815162288434581
5a63b5d1,29.6200000000008,5878,18.381222162110554,8.743834834916889,26.496425124659734,29.457785695242745,26.388054222488798,18.46349850000249,10.939963866526021,46.843752432601164,30.141515157722814,28.800136696380648,19.659234388286922
5aa03df7,40.840000000000146,4929,6.559438408718735,6.5074885736406545,3.4431800006568243,4.018483056136294,4.037939751543742,4.044884142055846,3.354237517408493,3.3407703170468346,3.327700593999535,3.4316415835303355,8.542285965901502
5aa403d0,38.460000000000946,3432,31.94962444924094,22.403965050172793,38.15750333092066,27.06788725793106,30.11836643323661,27.071427186104934,38.14824866992754,30.099110170566632,38.14193930788651,32.87853484098278,32.62443203160064
5aef5c6c,42.31999999999971,3543,10.27447599154983,11.109076466255424,15.3553403104349,9.917237055131455,14.87153718493915,6.96392794706589,15.432366645270964,6.755257230442265,7.200953704837458,7.743610495032579,8.995021597963873
5b7b6324,40.73999999999796,5984,13.549641722525374,11.023147964359556,10.861295987756282,10.847288877884523,10.864588383594723,10.771858057728434,7.3151376330328866,17.664901575087264,10.481630127597818,9.956559325265859,14.122722021839085
5bd25f59,12.709999999999127,4468,3.050817353826665,9.363214188752352,1.545703066596576,1.225549364032444,1.6044875128356813,1.6552388987695712,1.587484554205519,1.624412956286751,1.5991376943463507,1.4716646593710967,2.6096921735760166
5beded95,25.68000000000029,3489,13.997335355269549,3.852161503357773,12.167782915940732,11.963251072094568,11.926256520444047,17.774925330047775,20.988142190607345,12.163175507171593,11.948067425589265,13.61135444486816,15.071707024173326
5cb483ac,20.219999999999345,3800,6.326385618977432,4.710762156068102,3.078480755784605,6.545825501866018,2.7732357510445174,7.142948078760158,7.534046995335148,7.132660284427629,6.563465859133049,4.753883404220431,7.0313809903584765
5cdd8dbc,48.44999999999891,4198,14.51023397205443,17.203093061783008,15.593371226187497,15.559007128364138,15.51335613613159,14.75335857049716,15.54809659145679,14.771362162953528,8.21513362697833,15.84161776503241,14.233286425580205
5d11dfb5,46.04999999999927,5579,10.031390597981453,17.789063749648236,13.35002541536403,13.951678638304077,13.491157425863477,13.768038541502062,6.3644700340221645,13.851811959839077,13.338091033146133,11.231529820375307,10.366172414405481
5d7198fd,34.470000000001164,3502,13.778168089597289,9.316201336735299,8.96768813832184,11.058686367121073,11.063583096580528,9.003583789210557,9.063608742273319,27.034897927759683,9.239965519933023,9.968368211610827,13.295319661446593
5def1ce5,27.350000000000364,5838,14.429050638541339,33.94953479196066,10.538397637096878,10.701646651266495,10.539419317552753,9.95170969591069,7.139323952127632,10.614188260136741,10.021129831810144,10.81961547663779,15.89313388629287
5eae34a8,25.80999999999949,4856,7.33424079615688,1.9754550445963381,2.296261610423154,2.213751130571737,2.303708532960445,2.2103630589506356,2.755498536439269,2.2676548453500236,2.2280935232631474,2.270523610886791,5.661293228708473
5f4d2a52,93.91000000000167,5192,57.38681167110693,48.101535081254276,43.87177079002461,43.68483757433799,43.570425291561314,32.65079471401745,43.790641845865984,43.63151809898698,50.4212602368242,44.460272337356535,63.10435563108729
5f6756c5,21.339999999998327,5887,8.952612303848168,7.474653508570131,6.6504855308992505,5.647931990136104,6.843478757105133,4.960454485817671,6.7203043105215485,5.082307705060707,7.372657443028238,4.949812746275913,9.124333198131053
5f75f796,19.75,5347,7.181557200925962,15.305071650489742,22.26495768074862,16.345651777291945,22.340821195210733,22.3100345857746,21.721429081307715,17.386507295599593,21.9215355080877,16.893629949709297,5.937548862712489
5fb1c15f,24.150000000001455,3546,16.610545719608574,4.142574604986798,13.111323662025109,13.115585869000347,13.20718941848537,13.136489702771662,13.112140302915495,13.741483911634317,13.124554938866575,13.155328977916184,16.796913380070535
5fffa282,12.0,4543,6.4094081362353466,1.8269285984624462,7.511524099388701,7.460183411395218,7.39135164955023,7.442075845229356,7.5083452023661,7.4948642905490654,7.49802535545199,7.407236652059607,5.691743250380904
60e37807,51.47999999999956,3388,25.835536048325796,28.818774269486028,40.53021701895546,54.00625597444525,40.532725281158,41.33839981448408,56.61634805359096,17.285024223845145,56.256497548420526,51.628634726175136,28.207265266477588
61f27424,10.8799999999992,6089,2.8714226939053664,7.675371550448232,3.746476946349389,7.534056136469785,1.382543516953236,7.777810542657894,10.64868162440539,2.621544143003036,10.733433958948764,5.464328219068304,2.5984212395383874
62569ae3,21.659999999999854,3827,9.764152402808996,6.380506729189474,7.4542526613208775,7.2749403827571015,7.618473818236508,7.364349125886476,7.32322221019475,7.098996738499305,7.104992537626142,7.235516854883466,9.88192301540313
62a6f539,20.139999999999418,3835,7.368187167695436,9.94498742103383,5.659104783942843,5.66945110519142,5.659527577685639,5.626541296827348,5.668850470502947,5.5654602439823835,5.68684676046117,5.646789083938168,6.980084334319655
633774dc,42.76000000000022,5820,14.612879886971742,4.0284975984365605,5.0842757379329795,4.696182031648469,4.733735300121904,5.00839142664469,10.15130712161548,10.480571053649632,10.361951588652664,6.753730169652334,13.227672006102551
63559d57,19.94000000000051,4241,5.967263122038906,8.625442981839157,8.269621250325105,12.23914528310414,5.217470232363061,5.8100211058412645,4.946073448931163,5.279799979657693,11.930139101565038,6.316223339545572,6.324629673689995
647f2a41,21.150000000001455,4260,5.97684562023105,2.9792244298922332,2.645206345829742,2.173668668798069,2.734215345469626,2.1265928552710154,2.5258063950591594,2.58446828945093,2.5455446198772584,1.8146245143340738,7.187098273729676
65156b96,31.790000000000873,3684,7.616108804888076,4.347023441539667,4.471627806990226,4.5098270945681085,8.026138603577333,5.5052432312914465,4.499101759932996,8.87383510682632,4.4953705629099305,5.087139329619613,7.022268950320371
653612bc,6.130000000001019,4341,2.629381721571239,6.3454392289504815,3.054969597072956,3.027579172402013,2.938316443378489,3.037547262717452,3.0073349182187155,3.0560044721832544,2.0810195175421726,2.9987187599627947,2.4079736525275184
656a067b,39.61000000000058,3574,16.385248927027597,8.713884528356209,2.8948692391490196,14.666366007936363,13.768533142302312,14.637445762922415,14.639629471140287,14.654154951690009,14.6064276558861,12.336574572356367,14.861592976629863
65a5466a,36.23999999999978,4465,11.723424263472127,15.21647133271405,7.228050430216883,9.364050947394864,8.455842054013063,8.144560902136913,9.3055409384951,9.221218940965015,9.275752758250007,9.2587182038165,10.613514282268577
660d9546,22.350000000000364,4482,9.143347446159918,17.93349932971716,10.597025481530636,10.594667053984825,10.59649160745427,10.588462312181498,10.585897104202973,10.591616553859108,10.59286529507135,10.575285402388863,10.095955783462161
6767c111,33.25,6098,24.617714014360512,9.949403051261989,9.83079435662019,9.92903437819965,9.966574901435925,9.92667835796616,20.235615249107905,9.902734350734887,9.911255640451413,9.850727666124474,20.329483903328345
67847288,23.789999999999054,6697,7.48177654935517,6.4140301205871,3.062999120820589,11.796537397354944,11.211374884357982,13.561595263282037,11.739838427813497,13.942972190876825,7.102145868716825,7.312012813351394,5.596917026372007
67a8da4a,27.789999999999054,4851,14.358354702504307,11.195573805316357,18.98089037283568,18.9535567690807,22.543045178655987,32.63380744153411,18.93404814567293,18.95272751003135,20.595929036009448,24.035259375990826,16.665666245793687
684a6fc1,35.479999999997744,8358,9.71859070423194,15.556307732927117,7.390014197744623,7.368434932014404,7.533271183280028,9.022445775290235,7.49318534368853,6.521999171160967,6.239866529124071,7.2653317492426215,10.186159306696366
698930d1,30.23999999999978,4744,10.385886754448608,11.788256559285072,3.739832315651297,3.6811794406484926,3.7755166977112355,3.7569984839790953,3.6400762681896217,12.398175480811142,4.33950823262149,10.89925545210274,9.800435315726293
699ea575,24.80000000000109,3996,9.793560450688673,8.244550223854931,8.324811228015683,8.567160297688432,8.0444702890479,8.319422710674312,8.324629508230723,6.9414150098700995,8.338992838829157,6.6900877979233755,9.770874850561688
69c1bdad,39.030000000000655,3391,19.871524318427223,7.256526480769471,18.88689428064846,17.8181646035615,6.978324171559642,6.917130385940991,18.855079187500188,35.345390077632636,17.81838181301672,16.11140874930803,22.487765559355214
69e41fa6,16.679999999998472,5232,4.101619652397789,6.527294838725603,8.84117072597999,8.80257537825026,6.934819714438503,8.840847216965598,8.851424307227843,8.207209397087187,8.86479180717548,8.334456343676315,5.433264774735518
6a0ff78e,43.75,5760,28.57079474864986,43.54960473351696,44.99227945814697,43.81478670305992,44.19721697706034,43.83284119604443,43.61428325054358,43.79234211563838,43.823361837959304,40.152837032845824,29.533359597195396
6a8fa194,23.030000000000655,3400,15.103545562510547,2.540736911061631,5.612677198340775,5.684081217336668,5.670715986911552,4.712525829577738,5.509336136950677,6.853716135082262,5.830010670953625,4.777784907294166,14.603496633058446
6ae68655,15.849999999998545,4342,5.275346592161905,6.462029801504371,9.232682627999832,9.66439894081836,6.70368951022792,9.928047088770965,9.682742600905986,9.643339355339698,9.647056283733416,8.207315062511958,6.480068953605679
6d1d74e1,39.97999999999956,5341,19.876009915357873,19.02024426836166,24.30496224610507,23.540128156037923,23.54618491071487,23.617597006147957,23.554720076745454,23.54478107701184,24.302410445229913,24.091130258355054,20.339377756257
6d590e26,31.899999999997817,5725,14.41747167085514,10.377396600166511,11.319319938148773,11.450209597065,11.061080428178656,10.96767305211155,11.317991188059816,11.448340438247874,11.406965729174406,11.16763035563289,17.722691056121125
6d6d93af,63.75,3873,41.64919908634377,54.53829612153526,20.96916087267304,25.491985508650632,25.48525232477137,14.776474692909273,25.603147042549985,21.356864319765375,14.34538709121518,24.599266447582856,44.93601128607367
6dbe4b60,21.94000000000051,4871,6.574970311148653,6.760767314051954,13.562736627168595,12.935785606756916,14.333525653204847,16.237247826047774,13.046773987452724,15.276647347911405,18.976563146498133,13.365796220270925,6.696579495920894
6e6d122c,29.780000000000655,5171,9.480352639690404,10.981758182886772,15.058086029746464,24.513014686182967,14.997276489024541,14.993314396183244,14.188871510766667,21.651055609434593,19.218103858213297,17.852207442379427,9.773051626645334
6e9ccd38,44.719999999999345,7022,19.470697071028987,24.045078113571968,16.86490429210858,19.508017258667444,16.91743220284443,19.613163276568148,16.90225125387748,16.9197609668265,35.95356718302234,17.926229262144847,16.52330455251755
6ea22614,24.399999999999636,5763,6.916729390574272,8.112443232713137,15.652923688719046,15.592457486221415,15.723783828431147,8.899575951451864,15.663489398968968,15.40801777939637,8.853035160130593,14.800280314256996,7.132635803847108
6ede926a,23.18999999999869,4833,10.588529773110276,28.930307410448705,4.312732981958694,4.077367700671799,4.263918604681358,4.341614324390007,4.36376832888795,18.1455359529051,4.285472867942553,3.4340139841243613,14.773006925571813
708caea9,45.76000000000204,6192,31.232063481182507,9.709636644335797,32.78015149554877,32.769368719443655,32.77994053001994,32.7957304441868,32.7878343534786,32.26403621846537,32.784577272072575,32.77501775721599,26.962694702198732
70925e23,24.55999999999949,5893,12.835267608693682,15.011323927804808,12.54505831699278,20.713606612552898,15.336251463942427,15.388430742534117,15.031556515795808,37.40649822258417,12.569800301372192,15.15212240801941,11.167041718220538
70e1788b,25.55999999999949,8277,8.598625749614646,21.888904425533426,3.630419925477919,4.069481918026533,7.924579515064933,8.16427927584659,4.363558777269263,7.975828505088853,3.6357042387688603,4.02337512377715,7.182076808306217
71642c7d,26.079999999999927,4860,15.22550312980088,19.187405124804243,12.217295686572596,12.22392774328209,14.857709193786912,14.916341567959845,14.744378364819818,14.903615155178555,14.96952459296254,13.851046810191683,14.86252277268935
71ccf778,14.840000000000146,3375,7.519898923670664,3.7874487707143274,19.896687130018584,19.853353786895664,19.78160182129773,19.81611596511182,19.876471268790684,19.050472745458933,19.86845399990939,19.80336259300417,4.358534204846603
7224331b,17.079999999999927,5523,4.722502075755609,7.189726082078092,14.152663080833223,14.702919532798287,13.139471692572059,14.704748748944164,14.099549838563643,14.33980230772444,12.015533710746595,14.286313661761517,4.788446949664401
722cf0d8,33.340000000000146,5311,10.991754779435219,5.908617105184914,13.387872717720834,15.841241964667914,13.808760753833708,15.91231333573437,15.78453407940347,15.8997649429962,15.846379866118685,14.926193378728518,12.051044487686786
7256229b,24.88000000000102,5090,6.756022844532067,16.15304808582293,8.890312176624994,10.271647856062337,2.504338470310912,10.136218516852693,8.77936344816798,14.64645017545471,3.7239114340803896,7.626928075057734,9.840909942033969
726f3dc2,22.55000000000109,6292,12.664792363992015,12.340429040322709,2.689192788988784,3.25605599856119,11.313425096812384,3.349360934747209,4.619866194952667,20.914952495283455,3.6489549815226483,5.124355729199097,11.510980509851088
7271dd80,10.600000000000364,4208,3.345072975724833,1.572948413897435,3.3676822250953706,3.459020861190013,3.4842938624982485,3.3820851838082513,3.4524394388261848,3.3859858854466895,3.4744791935087203,3.4557692692733335,3.2294578351091494
727a3a10,29.73999999999978,4630,22.282637953539655,8.370089063428592,18.326774018479465,15.729464976390478,15.315244587335048,15.62007516670816,11.956824302352262,15.77166998984471,15.590968294447775,14.533784988174496,19.21056373923698
729665c0,25.81999999999971,4216,10.319993627771376,8.671556421688239,1.7131234232229011,1.736270340965965,1.7498401418397667,1.7355994043019387,1.747279356435587,1.7338213804061733,1.7236352258639553,1.7408852488613968,9.623840883653722
729e9750,27.43999999999869,5422,9.922284609411694,7.0097423080323065,2.8604398426841464,5.7247552131614805,5.772003805934376,2.889082341011024,2.3524312853049936,16.437406900301344,2.933418007648565,3.3113656340361537,7.858410062173648
729f4217,20.51000000000022,5542,5.022095302819791,1.4586159754484507,1.3747510480915137,1.3627750857583,1.6732314229755005,1.8590558883607131,1.6479380149432499,1.6236702986305096,1.240410453493954,1.5573956993751314,4.323510294505032
72dd8501,18.029999999998836,5057,6.703671566966159,6.571275718407708,6.544221581285969,2.968978816929903,2.6421797436824956,3.5035672966541327,6.552002394631509,2.8591055906023737,2.174020043306056,4.119617384301571,5.220269086320642
73348914,21.209999999999127,4151,11.495949115283889,24.048348148692916,15.080283661608185,15.370711663449523,15.092701448176113,15.195601302219933,15.125180154742896,10.822986881465068,15.32132930475507,6.864360536398116,9.554134714716053
739a914f,33.26999999999862,5343,15.061836062003923,23.505845784185663,21.0482556242498,6.785220849548851,21.118996914687028,6.767211163557129,21.109386795394887,6.592884949170959,15.191526393827537,6.425994386392979,16.67111927589943
73b1447d,52.210000000000946,5491,15.640405251014172,13.765559298929807,4.603121598957051,4.568655599665008,4.531559359174412,4.487710976666584,4.556471587999799,4.469945697546649,4.451611854039658,4.487575903316117,16.19535839678846
74b6186b,19.970000000001164,3758,16.950080767522163,12.80988535184774,12.908267161592567,12.94892050302193,12.934715199693214,12.95749987096901,12.958119372132229,13.152551980800615,9.021045972359358,12.939582806856265,20.604512986926153
75c20ec7,32.710000000000946,5260,9.425901878161444,7.7541565650833055,13.776291812534076,16.05469088019406,14.108039558986944,13.907099909789114,12.296290642315032,12.456485656163318,14.853904972198787,15.654962894937414,9.256785813291442
75cd5f11,20.049999999999272,4679,5.926898307887309,5.290906703485769,9.515679358459877,8.437972543084316,8.45482981177098,8.434360573982604,9.518488796415715,12.33145750029707,8.582545493431983,8.930049946280045,5.658311817727263
75d20a82,43.840000000000146,5111,17.071840809374642,7.6049761849390105,38.719463397202695,38.58106837948666,38.601641828412006,38.60593216994122,38.69901273151015,62.01745367927216,38.83214198520377,34.73146672551142,15.999997317061151
76201745,29.30999999999767,4276,8.126114520954866,3.890583950756218,3.7229239658323845,4.203076898123781,3.981955791452644,4.067337496522283,3.856362354249572,3.7893741920772714,3.6622705358270196,3.770133349016994,8.104129502336855
764072a5,14.579999999998108,3354,4.669163415494986,2.5760142052545993,18.561776930040907,18.514416992599774,18.53906623642335,18.5704535363342,18.570951150548716,35.18736626001196,18.711839798834724,18.545136815184627,4.933065017925614
77b0d905,21.529999999998836,4324,12.316214703982562,13.036832665564443,16.67051702398558,17.07193527856,18.467955983538975,16.69326678694132,4.565573543974375,16.78054295872488,16.649301578459344,17.248038156088427,11.257050681927844
77e4821c,39.36999999999898,4774,17.848873116623373,7.227549104364475,7.091907798752381,10.020173745710345,7.073730614682011,6.8690942888276565,6.801485620585681,21.97894290623431,7.070256598364597,9.910717664059634,23.576203913965575
7850c72e,45.25,5630,13.217017535064668,24.864487772342695,36.371843341246155,33.10476381998152,36.28643300849353,33.0813579504018,36.41360564894652,36.18907657780522,33.301588929404076,34.060489711771275,13.420661975795424
78a4a386,18.980000000001382,4560,6.170902058444469,15.804432058487949,2.1591138252719144,3.463842928931329,3.3609081974722863,3.599277704622055,3.5190544812067697,2.0908826025115,3.307568623415792,2.8498121977437205,6.19702877305198
79507629,22.56999999999971,5344,12.66620421255705,2.1837454458483228,4.991473302830412,5.512540193439085,13.585887203114325,5.679700986662544,5.12131606751349,5.323249162759245,5.4804491106376,8.377715943904912,14.70350820062012
796dbd4c,18.950000000000728,5890,4.837235580837024,9.958408454603743,6.305886300474648,6.4342722175053115,9.147113648510848,6.165923644088234,5.853320173335967,9.24923459239049,6.077414377987178,5.037362569822783,5.777567606987075
7987f2f2,42.52000000000044,4171,10.481853924179713,13.174937706938573,21.78256957012748,20.121011666474313,11.758736780965595,11.6246242945049,9.685856397211593,21.91267309275113,9.741983562747043,21.399187440346363,10.54751823423256
7993a768,19.1299999999992,5144,12.06158087417591,7.578341683041437,1.902153939987911,2.709770095811645,2.6704662960827115,2.6218273963698078,17.05522138715835,1.6638927345243861,2.9449421486270135,1.8827696507567078,10.822991867978786
7a5660b0,30.670000000000073,5063,13.171571546243289,8.143368605814418,5.351852651845953,5.282405320382706,5.610360416673785,5.256017781187597,4.037922725862952,5.643168402223619,5.386111422493935,5.399946453115686,11.939835794810547
7acda2df,37.19999999999891,3323,11.697705483216415,15.931959180676397,13.454396724061839,13.467213004392766,14.84259832041813,14.745487398264656,13.618380743542597,13.464363364199095,13.725338744358487,14.066418815277459,10.486066644858216
7b2c7b3c,19.75,3089,4.379054416024628,2.0613211137740244,7.503853913699379,8.313882115075627,5.86418696764705,5.291299905053031,6.9441979394630104,8.221014440041976,10.172698345448032,6.261098192515013,5.405350996132588
7b38844c,29.789999999999054,3794,7.376324451536673,15.841139797690708,6.508144014945989,19.006855422031528,18.757242908453335,18.9238081546423,6.682899218504766,18.967383810095818,8.74485206411845,8.815114375174282,7.495564353421001
7bb17b96,30.94000000000051,3865,17.177049443395966,6.0048620824936245,5.713776595886447,5.988436003547836,5.883274460294169,5.715820264512678,5.910713849567306,5.70898220111063,5.930605851644847,5.921192881715849,19.82117629331549
7c607683,27.020000000000437,5111,9.737369882897223,4.7535695353050915,5.590358658426301,5.497412138595372,5.767386162128112,5.5969267417270645,5.864085228311708,5.911202219319032,5.91894711199522,5.668736984929832,12.769088164062023
7cbbd047,30.899999999999636,4957,8.71777129388339,13.238047944551637,15.144522577617389,14.54707913161481,12.088011753993133,11.996896983073995,10.14900718516163,11.423712053950661,11.375890392997698,11.65642275797671,8.338971744035891
7cd4bb31,26.929999999998472,5810,10.046972597001071,8.690995707966785,8.755993737044065,9.256418953807083,9.27763513265527,9.199676868053453,9.157578193994116,8.724181051165212,10.75442794783782,8.97849316544311,8.469850028239453
7d50373e,10.1299999999992,4741,6.289112098303761,2.35836574096112,2.700940970446847,3.1623352829348694,6.4998668340711045,2.5092370658806136,3.7151870883056173,2.6330896550819247,3.097051855230452,3.058002142981432,5.607580074537404
7d57c75d,42.73999999999978,4487,13.9410964746678,15.396222946305945,11.215592564801245,17.98343360470031,11.135175415601653,11.979802022636727,11.15483379872431,19.872805169342215,11.934678749781181,10.093736069276495,15.369835779318072
7e208414,11.25,4184,6.645421508945249,9.64170457437785,11.926459895500544,3.4587254878515825,11.700725961700236,11.79404610939358,3.422453363338907,11.82317174208716,3.454106314939519,7.417114965943591,5.788531075947858
7e721392,51.95999999999913,6060,39.69141852597312,18.303428893628034,33.14359224612366,26.713960092214965,26.727743541420075,33.195723485025425,31.198683727518528,33.23299915780701,23.575731068823874,30.968423627024777,45.27964496513162
7ff89f8f,40.969999999999345,6963,15.844241291567354,20.74348755350781,16.155199153836946,20.35039668146477,16.05956908125146,19.53589963377432,20.626506882871947,20.68397760179673,20.85206090410318,17.694383804999255,19.36780335153619
8050c789,29.459999999999127,3606,11.038705748315282,9.982108069394496,6.776233880410933,9.502315796835447,6.634886698178372,6.670412995705774,6.20230309553214,15.97546466951059,6.316558276393407,6.824001627472615,10.907332377077173
807f0298,37.11999999999898,4014,8.71834189088483,15.071153935050997,9.624297564476409,7.4260189190009855,7.945219299597402,11.608501332183819,14.358374690072065,8.3146601739194,9.77243819261575,7.5595534792729335,8.730643067706227
811f52b3,15.920000000000073,4872,4.432118185845727,12.490383986584163,3.1540812862618317,10.377615845298507,3.224595184448739,21.846130113247998,3.120430394805184,24.730579247816337,10.22238522018289,2.605629883320852,3.6054941227878436
81bf5923,56.44000000000051,4662,33.38954772814953,31.76102407078351,19.766060661593276,27.53760995942046,19.85010222163388,20.01500759253612,19.954363134696376,20.001949313469435,23.286495766745404,24.358604080772572,35.26913567426647
81fc01c6,42.76000000000022,5588,15.411957897166136,27.812744956963268,26.908876354103032,26.5372817767353,26.927488641259668,26.816508027341463,21.23146362998912,27.323254051320724,27.156853641971875,25.523724393492945,14.650192612232715
8255c867,46.73000000000138,3897,27.990163714098568,23.609946330145124,33.33501752474633,33.228503202335304,33.33758821644948,31.936315349431425,23.237431556223846,23.20283152493803,33.33950182519782,29.30567310119611,30.105632434995233
82aab6d2,25.109999999998763,5759,5.785257801621378,5.780923915605689,5.6188706291158015,11.369603348842746,6.070342449856629,5.953632525699699,11.582895941458945,11.700900561916031,11.588686183691804,4.982622196322908,5.250371719697269
82fcf37c,16.850000000000364,5400,4.711401859476765,9.474315482594173,13.917120799446,14.03462259803853,11.764295696894436,13.940804350258484,1.9800839766310487,11.89555676094047,2.0017869147089047,11.930889220755015,7.196324710109087
833af382,28.950000000000728,3925,8.947389191843696,12.252187060459649,10.470354764553699,11.983936459470776,10.53559849502592,13.110848576829305,5.420384802156415,10.631534093931363,24.205073694122337,12.66025952038817,9.333839635645344
8382f4b6,58.279999999998836,4876,34.767256484542166,10.278679144259696,2.52464300948608,10.480751436660999,10.660806857489435,10.486797484852355,2.216417413670169,10.489299998386963,10.690477569400123,10.51288932789009,33.22000981690801
84633df4,14.550000000001091,4905,4.764888090157303,6.12504127091265,5.9477194537093805,6.057581098226377,21.35911484472414,6.336219589007522,6.286710615545703,6.057811403707876,6.017028475951263,6.293619460926185,5.224476712696812
8478df29,18.80999999999949,4890,14.969073569790647,11.49176255555929,9.485495248007956,10.629614466483838,10.66965029380479,10.580961632931851,10.59132535166741,9.20405253725495,10.674934471225857,7.958151047144365,14.198790709330718
84815d5a,36.470000000001164,3859,20.132668307881215,26.392190143746788,24.640985438277376,24.255871029793298,24.247272518210202,24.165390064936833,24.21718751055533,24.197269295104523,24.214774833146123,24.314586112283692,20.37771646997489
84c3b497,63.35999999999876,5028,20.48924181785398,19.38959715876065,17.01654844451937,19.33441256993283,19.300520849597344,16.929596369613797,16.862848528806463,17.422638813532128,17.159618209517035,17.39353535436072,18.124423707404613
85380836,24.970000000001164,5968,16.882035319280615,5.226501703608711,5.438934755193048,5.365043597095176,22.833106471182365,9.854652550532712,9.931299510881164,27.051710424833658,5.367968628724189,12.720259972556189,22.569795902883783
8612b37f,45.25,4969,18.91393545556765,22.242850442660817,23.892192051646955,23.903691230089155,17.691114625016915,22.806212944846415,19.066168263329054,19.10759188979512,21.903397989667933,21.7405483855799,19.095930168593878
861e71df,20.0099999999984,4587,11.341897750487075,12.476661802309035,8.23997544398123,0.7605456689674787,0.8010117256879754,7.051570550599437,0.814921884486344,1.3832694338706453,0.8037296968351613,0.7897907855463052,12.300489704909303
86454a6f,51.17000000000007,6643,25.83278706917906,33.878744963155654,20.511462789004952,19.77508327386141,20.521672183477992,19.84594338287357,19.818968700840124,19.69086828818303,6.832343592443824,20.244926584532795,24.836187884751396
8648abae,20.93000000000029,4443,5.304450693905963,10.651948443864496,3.0604115883033325,3.8219463837845273,3.0471628913300295,4.587816563435637,6.082537843031828,4.5241085616407455,3.9666579095683536,4.061552397012648,5.1138255537154125
865033f8,19.3799999999992,3871,7.969958397874082,17.513888212602478,4.652794324848309,11.808521475392944,4.640285946727802,4.660670196524015,4.630694797234751,4.643595541224494,4.607334334891406,8.845095920226868,4.995699925671058
87695469,26.01000000000022,6317,7.000926127703258,4.786279423367475,4.466967205209147,9.261688218671392,9.061337434720336,6.905911811453681,9.147185871655186,9.100324777821635,6.883807410220211,7.172071090374397,6.900129699404391
877ed19c,13.100000000000364,4111,5.3231499824651,1.939070942268098,12.812582292015048,12.277355394873894,12.74196017429473,3.874383405180514,9.670004490003665,9.845973792347754,12.874860999793317,11.414743156943715,3.693578546109069
87aa3730,24.18999999999869,5324,7.729239710759898,4.034784829034072,4.976956383597692,5.018645067898952,5.020736685610905,5.006065565318815,5.028979306097515,5.019118948170143,5.025018072838263,5.011770459204691,7.389767937682819
884ecb5f,34.47999999999956,5879,20.392849592670174,13.518651331503444,18.611194903315166,40.846080326655965,18.663579096764305,39.42500661089063,18.410897317177714,44.223664937328266,17.994451401575585,32.750492032887784,18.99712058691154
8902c3f6,21.329999999999927,4769,6.139936243037661,9.340748618013883,15.607985634316456,17.105074289911066,23.142034618203617,24.485102395204088,8.23713358120277,16.62202727826356,4.966708771590714,12.87179723976724,6.756162996533566
896d15b9,48.48999999999978,4160,32.480320902255166,24.992505527829426,26.888520841210973,43.41708171278648,43.643363636439574,26.88888257256646,43.647840183444764,43.59940443224994,43.67757466278426,43.65458502353891,37.22168790671527
8995c945,24.98999999999978,5985,12.814088818456284,19.475037002980358,19.587792260368083,18.63978359122719,18.064770238603334,18.83874121388927,18.72130448187355,18.43696839042891,18.848708921174257,18.302175636353294,14.428706351718176
89969c7a,25.23999999999978,4611,9.115629658844709,15.952697904705905,8.035224652621043,7.683901080466307,7.282212036815362,7.730654349762718,8.281986692098746,7.699099076963968,7.658760773379313,7.8056071558265705,9.11315162924712
89f1085d,30.549999999999272,5473,11.257486638159959,27.769048887117176,18.751987027237654,18.725919912382675,19.17896037417767,18.708015759105336,18.585274334543094,18.69763908062462,18.879743707650885,18.82724742680249,10.403386240873672
89f36adf,18.720000000001164,5140,4.572088269911101,5.872982757591105,5.495450390532241,6.723798574731351,5.369954563754217,7.098097697434432,6.887214018986473,14.271152675563231,5.537849365618079,3.530910626188664,4.330170614264312
89fdb2f2,17.989999999997963,2606,12.69231574201005,11.503830760714125,11.973001637247965,11.904430181296245,3.374631030978645,11.946889281601457,11.915388860061103,2.847320248472851,11.918240543813377,9.849380868343257,11.355408517941958
8a3da6d1,25.829999999999927,4624,9.575215122214228,10.177606049942638,11.27588798146012,11.43675265351168,11.581207615662082,14.263627451471258,14.051280928747625,11.407742296461137,14.739043048677217,12.387805223302367,12.218820673650644
8a89da23,37.840000000000146,4070,25.384421116701148,3.4781618215680212,6.3782733051136224,6.40868190802,4.841072389522933,6.301640817206103,6.433159327758631,6.480793101960157,20.46424623645458,6.425892338890154,19.382777291405734
8a9c8932,9.579999999999927,4631,2.455055624900656,2.5211662683577583,2.7868343489396823,2.8032418228251768,2.8524915523429124,2.940688228544363,2.797510500231967,3.18728302937522,3.081902898978712,2.699861556055613,3.2810066047346664
8ac2f237,44.6299999999992,4946,19.92401262684949,11.229660008418572,5.0451652465862455,6.262167588117169,9.937731493316521,6.280453261829883,9.57720159756477,20.165423297886658,5.378303741408545,9.299039042009342,20.267224237811817
8b12bab6,31.69999999999891,5095,16.708598993154666,18.814069538325388,14.45831113414618,14.406305706950484,12.7317463451053,12.37739631245946,12.67902203934872,14.638662818766427,17.852469565402227,13.46847687436118,16.291425203821966
8b5be31b,32.04000000000087,5430,16.219886415776195,8.265888787848843,6.616266066159421,6.607245174736518,7.972643971263647,7.893622867169021,6.580207553982821,6.699392996094642,6.647845033794694,6.917895131716662,18.15222233628301
8b95d6d1,21.219999999999345,2032,9.357621901296582,3.306292596356105,4.023338613755511,4.406511882281725,4.508616646071119,4.273191277917863,4.388589310966643,23.721225855346407,4.244507285945908,4.567378865230497,7.877059351407322
8b9d8326,22.349999999998545,5717,11.061606156787024,11.923631188760156,8.237647134948716,8.175825964188038,6.877459535001287,6.244853363194764,7.942616546556021,8.222831651404597,6.646216482993542,7.833861883505675,9.305049882439304
8bb9c1e6,14.349999999998545,4659,6.448780734028007,20.353402636014415,25.068208408953645,20.524891203456693,20.49649163724132,21.678732753593987,20.98876458932961,21.332043971125653,20.605979234427345,19.419236180728657,7.871456243643013
8bda1a11,46.36000000000058,5430,13.940501509589126,8.836812888662614,23.053047393424727,21.858197010789635,21.84060723892151,21.84378975088396,9.373425050124837,13.508588248384271,14.081939556424954,22.07062546068322,13.464417999401661
8bfa881d,56.77000000000044,4265,20.84870687272888,20.727899579242223,15.818858803991363,17.612865416492564,17.444571808840482,17.57580437775626,17.533459790020064,14.918414406311701,14.82268267838843,16.456340123971714,19.91615884918489
8c167025,30.270000000000437,5192,10.971324186743685,7.794769098296024,13.780953319739751,13.988561182217245,9.865742379583729,13.79479395737473,13.852723796807055,13.735390437662181,10.891341930604629,12.92636980784702,14.048401755764463
8c8348e8,19.06999999999971,4074,5.598599915272658,10.276589783507522,11.237740157442682,11.282220876752154,12.31602320471789,12.356662142301987,11.213517895013455,11.267928413266356,12.28817635717543,11.218910310082684,5.099098070160179
8cc21f01,18.80999999999767,4238,6.078785676405249,5.59566556852832,16.515146200391452,13.850279948940429,13.70365104316652,16.816211283301136,13.86449418088698,9.812460684121543,17.18456779585323,10.66502010610027,6.208403790908108
8cc800b3,14.039999999999054,5906,4.2037731910337435,4.350451907614117,17.10120649875176,22.121367446672416,17.132218924546116,17.08365358343077,17.04348759856436,17.128013723075625,17.18672345245274,19.935248206711293,5.332300908932561
8d5d46d7,23.139999999999418,5316,8.434430719233761,8.922961631609803,9.32793621661262,9.299374351508567,10.195768907126812,9.340535439538202,9.323345452559941,10.305753917789428,9.364213702487472,9.370490750919572,6.80341242720322
8d92cb49,23.459999999999127,3532,7.787321995515168,2.9700362943607264,3.0792955643402307,3.0687657116098355,3.0549903808467564,3.1331325637185925,3.05094408451483,3.0818082917396517,3.277525029548377,3.0979951049264858,8.071447652933736
8f201368,29.73999999999978,5950,18.68167655055425,30.3944415640815,36.78015649167202,31.824835960058095,30.201923516346685,30.502255932450243,30.50630039525519,35.79815390762012,30.953343676550357,33.24070284379889,15.355293648836595
90386ee4,22.829999999999927,3872,10.50488671335999,25.15814255901393,6.064515166614887,10.825964171899939,11.075467023800515,5.372957577534752,6.878991986399589,5.101516772803808,7.009902479383132,4.8564256980135525,7.34728633247957
91abc4c7,22.230000000001382,5685,10.939608981193738,4.697319602280225,4.854784700486298,4.759612170338471,4.710976076833149,4.795639652374347,4.694941060635112,22.609284265290846,4.708794240953191,4.736611020269713,8.554309746149226
91b301ce,121.84000000000015,6214,43.62074793511021,23.35439073130878,37.26312315340839,53.60665811232251,36.105864702507056,41.84656661788015,37.206516892408466,37.226825914524376,54.119999595660126,45.56819862104389,44.903273993689794
91db7070,63.970000000001164,4122,41.933787267892555,40.922038636898144,32.15882931839358,32.177656705982436,32.16135574572379,32.157670993229495,32.16397659486909,32.15829106919913,32.14787141388027,32.112581519963385,41.23972950259045
925a7cd1,11.25,4746,7.500792399494599,9.31744412757664,18.791705545578434,18.785592344895775,18.789599462573516,18.77203959486976,18.769700234092358,18.818814625689317,18.846273435095327,18.78810036902135,5.727625875253334
9283ae69,15.06000000000131,3736,5.301641225017124,11.45335861517857,10.102770353116657,6.582468185951716,6.697057884623722,14.641462702099536,6.582381434100598,10.071900069706333,10.08542323518126,7.902936967461856,6.277821895499321
9298ad5b,42.649999999999636,4239,12.689831416255236,10.710805468581288,17.91351610613295,10.71185594694709,8.92354840138936,8.926317816302177,8.575844909932089,19.795444606766694,8.90826875425606,14.309885748098605,11.177872557597643
9314ff13,14.650000000001455,3281,3.9606355760676974,3.031342201699803,80.09658066769157,64.15950858604423,76.30303076691288,72.64330073546031,79.8924840185603,59.28238186689501,80.5822079523743,69.02448434133494,3.746421842636052
93209a3d,17.69999999999891,4599,12.321680002602989,6.462450451427629,8.536102206791373,9.254600237190814,8.520056642142645,8.670429056014465,8.466285142644743,8.784664097965113,9.432009529832177,8.678929021143736,11.263023308249611
939d9c34,67.52000000000044,4838,15.394602748986134,16.353090653449573,10.945053882069192,9.795753458710145,12.782742785459964,7.6586237032166204,10.756071775989145,9.374350418041422,7.556120288062992,8.579028229995531,15.120959608135209
93f5d2e6,48.23999999999978,3775,19.59501716969914,23.50819128860523,14.809664548290398,15.173399737310802,15.129609814855955,15.116080664232761,14.752482833407402,15.13156771542086,15.120194174482322,13.082175499464757,19.864142396263958
940a48d9,24.530000000000655,4108,12.01298142476639,13.711629966483757,12.060919179897642,12.041845428432904,13.797504617125421,11.478977078329232,11.462505732215991,12.019501183271771,14.565585503327206,11.968973731281528,12.913964086502254
940e709a,13.650000000001455,3642,8.029702296665787,3.426290890976761,16.334588595378914,16.312403387307487,8.528708436458077,16.24445286014435,8.86333344146036,16.328489287671896,9.882261748479726,13.415979597096879,6.2440633045587255
9426ec1e,18.029999999998836,2864,6.102864015929343,13.574826127661161,3.0563871649104146,3.2577550822178214,4.847044590020588,3.2544151081132613,3.8165057519712535,3.191527145912554,3.384144137956401,2.7635720725956197,6.403217144878532
94467f50,46.090000000001965,3735,14.98312968309485,9.776193071454532,6.230485944341678,6.3088967741671045,15.434513471571462,6.185926229936761,21.12309305518002,6.2286478150248055,15.623410993721096,7.117816022601281,13.232863790441987
944f36b9,12.010000000000218,4406,5.197432042953808,4.504950798882067,14.466405867961083,14.553500338583008,4.183395442474192,14.463937944773523,4.48909188917784,14.85510443671617,4.967766116710163,3.4700443393408853,3.7147748551201056
94d813a4,61.44000000000051,4811,36.90027996259507,31.81546406533748,34.402975331961194,34.37803458084383,34.409112650746586,28.832405852434665,34.37432334475188,16.87915036480561,27.524628850880703,30.740234770329504,36.81483855244969
95b559e7,31.460000000000946,3386,21.757094469977982,6.705306535592056,36.33268172256837,36.76788792577714,36.81192035478645,36.34807327265116,36.432642922741685,36.45376268066538,36.81080443509031,36.87210634241167,18.878224001871477
95c8427f,26.950000000000728,5877,16.081296888956704,13.679919836358541,10.080419071445156,13.419967670209791,2.999614192305242,16.02912452227849,10.223321719693036,3.1607376088738124,10.227089640955803,10.587188799441165,20.40973823414853
96936c22,14.619999999998981,3648,8.096357271580576,3.6318583463748686,12.708993554509325,5.564451673780393,10.277193212249276,4.930521577342904,10.420974527654188,9.835390705770413,10.346756853417752,8.844041695736422,7.7733773638911225
96ae5806,22.099999999998545,8415,6.912864611437138,31.19663228796997,2.276287579565195,2.2821981430724754,1.802085984693414,2.4072567995809764,2.151082508435651,2.251915492638124,6.218710343542321,2.3644598352495976,7.607676794082029
96b7eea1,21.659999999999854,4437,18.124808746281296,4.094627266328597,13.175318531142196,20.121888087355735,8.62523430405812,10.775878291923792,10.506436291440421,10.51349984158077,20.624182739476655,17.66130220157061,20.530800672287658
9719aa04,23.6299999999992,4865,7.066095197212846,17.957954008553855,3.616116587107775,3.5946660050644725,3.5708800786408204,3.7030348441269334,3.5873540927000684,3.418280807859779,3.448705835822197,3.6192419247458107,9.12125784563341
974802e7,53.67000000000007,5502,16.267182718773736,8.67243505398951,8.422717426137863,8.516351270847766,5.460233272691567,16.025290092376775,7.23008167937093,6.30559192583716,15.970845890347002,9.778961776040594,16.713113369626573
97cd5bf9,25.80999999999949,3722,9.242929339376236,3.135562360659109,5.686748504874483,6.059565529955738,10.501437776973129,6.846969612559424,10.48458428579889,7.1282355112059115,10.443777134086481,7.759520100306973,10.044572907556535
98177ced,21.8700000000008,4956,8.705701701216357,31.015486062217743,16.866662305324454,29.326377734678232,27.3956889637268,28.907802526400324,18.495781755784304,18.897087618210044,28.978097129572166,21.865440107652805,8.685498277409254
9896fc0b,52.70999999999913,3730,14.333793855789152,17.203706137086854,13.869018256386049,13.882419539335155,13.854950829189498,12.713841230212777,13.879339551935956,16.738835258046993,13.883881822812162,13.436087296935,14.503850596237534
98bc6f66,26.409999999998035,5636,12.842129948517902,9.543610718614653,7.672914020558853,9.006648793151786,9.529490896190321,8.844130164253095,9.127392770106235,8.704882541340986,9.185547866976986,6.102630547107092,11.252095832692318
992c99e8,30.390000000001237,4920,13.799738348821819,6.692444058685656,2.4803209734854708,2.562829925232104,4.04603606530808,6.555957397773512,2.4180973658807763,5.102862533264664,12.723886879691781,2.8647899023727557,13.417569698943215
992ce078,24.139999999999418,3403,16.745839070730327,13.857726662674743,13.235679673637422,13.219551612866027,13.247710998700969,13.245262756600805,13.231732493608556,13.221887741037124,13.22336629745905,13.21549533488858,14.653246132366299
99529c45,23.789999999999054,5541,8.933678583323305,10.068403531394297,10.533412003525548,10.735585535561269,10.489229537785498,10.864634998609914,10.548309941282033,15.692042172838267,10.850894688791147,10.556115469364741,5.815532593554135
995ff498,27.31999999999971,4473,8.494539931739004,4.252259498584296,10.18824694072626,5.802573738448637,11.737538791434185,11.642248883442567,11.697021954588607,9.5595427508817,11.72068452067089,10.192824286550486,9.44579033321232
999daf80,12.299999999999272,3970,4.525442970649942,8.683441978831365,12.15101315725839,22.56664477955566,22.339147076076877,12.14746385459005,23.69900701682934,17.461597033517872,11.210897068308803,16.14121803051014,3.9181713625361527
9a6b0392,19.43999999999869,4235,7.446815916640801,9.31244916267976,12.013290805852233,6.076690765298326,12.221976518737325,12.275349455252071,5.232860290967998,6.169444019913765,11.423814203584566,8.085195336203316,7.783813040826661
9a8ae0d6,26.81999999999971,5720,13.028541210220713,14.814791766427463,13.380590723552507,13.311254357273551,13.44648694086045,13.476955661340456,13.905025182247062,13.352199523018033,13.3100444091494,13.34446563829624,15.918135731213164
9a95e33f,42.63999999999942,5954,19.68154010172905,34.99986909722937,10.743669001932565,14.18843830718106,14.240927328285165,13.955537768363852,10.889450391847527,13.61723745583114,13.681597147647057,9.177122339978244,26.83883791526031
9ab94eeb,24.93000000000029,4652,7.394052331990499,6.975205678099878,13.261270356514007,6.974314335721598,6.943066237685423,6.689797232967296,8.439834512978885,10.094856628051737,7.0638151350184115,6.763331402914233,6.87215652132948
9ad5410a,19.399999999999636,4197,8.513042951020218,7.721919440587152,4.637950336251362,6.981979627518969,6.904998832576492,7.07141103666032,6.156660009421832,10.400243226918189,4.604016858702684,4.400808574415032,7.227016653949912
9ae248be,25.969999999999345,4858,6.318061774814032,5.826926679596998,10.623859473378223,8.557730296965111,10.669101123326461,19.477525137421253,11.240181978356283,13.917052172593317,18.207574641267986,13.480245127028418,6.064889956226955
9af1ffd0,34.45000000000073,3981,18.09152747462802,17.209301769207695,13.328697422019268,20.814870873438185,13.182810212028699,17.885223019868537,15.829708041098751,17.84743313415613,20.886546119402574,17.687097199301693,19.147290690033756
9b5b61c1,18.94000000000051,5267,5.338182653146294,7.840684066421822,5.706196730459439,5.390762237448292,5.706127881186179,5.70696939886635,5.680568046207073,5.709868504309429,5.528512591359913,4.0270202117778116,7.073596424418433
9b9e3b49,27.969999999999345,5019,8.186872931960512,10.159419118687422,8.395559119515223,8.407331265077712,8.568405999768729,6.107863584581987,7.8895180577902515,7.441276824662363,8.368597353571692,8.28809028058194,8.581207268844556
9bd2bba3,20.539999999999054,6637,5.397405059574783,5.490254912379484,4.391735212113949,4.482140528752812,4.360792283459371,4.345907327595623,4.4362541993912155,4.390992481457102,4.370273867981832,4.368824946671677,6.001649795782092
9c211c53,25.030000000000655,6455,9.625165491349362,5.621643329210817,1.4750231667686566,1.3872997387149208,13.721935700019463,1.538404502784423,1.3734837791051224,6.278723450267904,13.804133208202531,1.46537587999806,9.266789961415727
9c350a6a,43.06000000000131,5690,17.48277112686004,9.458712488248706,7.709372988684834,7.806363619209017,12.682479042588353,7.763540207128526,7.878840528568052,7.807798556557131,13.1544786844791,9.337569594889954,18.647641880819634
9c8375f7,19.68000000000211,3965,5.920615469778633,8.157504436447347,9.01745111962673,8.255228276976494,8.252638819691658,8.903325261484481,8.557554134782116,8.242920860821812,8.263235004059458,6.474095983253351,9.553719976911069
9d072e4c,26.979999999997744,4963,8.87391770721973,7.993392127910896,5.6671948913251855,6.3570590358409,5.585690959054995,4.457467615679226,4.893010878949853,5.1586770477876085,4.743390629286725,5.240904380095036,9.39639502426005
9d3ec64c,21.470000000001164,3604,6.713079587016943,5.393907361091462,8.637195914662973,8.915181201407977,4.968179686964394,8.65688039536577,8.0533560784787,8.695401348303566,7.623367204417009,5.018825271255218,8.005152629288363
9d4272e3,27.1299999999992,4213,16.170932715659895,16.06258454879938,7.9216600274755455,7.575616026469282,7.90989883452497,7.65378522352703,13.717267877998317,8.012939527678231,9.86704941383579,7.703852774751669,16.967946970704688
9d5e14d4,29.3799999999992,4792,17.06587659783711,17.882809093466115,4.105786636035929,4.146760152468945,4.092048804397303,4.025138168904109,4.123209723453783,2.185854590336821,4.052955919928176,4.116916927467873,17.697215781911865
9da441ba,24.709999999999127,5317,12.599654522074413,5.099274960715967,3.3538175998057222,5.25869011754055,5.135256701512925,19.396524023428775,19.31035638616671,1.7971125045515868,5.154999018583139,11.981731544421034,14.305310450027397
9dede370,34.05000000000109,5882,13.955359240452944,4.760032868249594,10.996066134987613,12.033962244595513,10.915094304437318,10.951719133327911,11.990709127734238,11.010485015485402,10.944821643335066,11.743968896996664,18.400300569573464
9def2eb2,25.829999999999927,5658,7.965359224709269,9.191094885651708,6.5697960202955645,23.174899908432494,11.785556591435054,12.102328448278827,12.02533220453377,23.74265159459373,11.445076787843822,11.118695565863318,11.974666699295579
9df1b1f9,23.390000000001237,4704,12.513121313924431,17.593733046371934,17.453660987390194,21.321279388694926,21.800999603937797,19.6148852994946,17.381551124728816,21.349244370376816,13.692786307936814,18.24968824278952,9.836505972391187
9dfff011,15.910000000001673,4429,4.695180496170886,3.6707153956381364,4.338281139428313,4.2984339274784436,4.265769479424852,4.208533168397499,4.836827377714104,4.355375616464392,4.235778207512418,3.834369993416079,5.404031344778318
9e3e364d,21.079999999999927,4241,4.40610991669207,5.5966152362884625,4.835487148141231,5.176327056045197,5.422998968853226,5.58744714402194,5.03066870758215,5.846799666202511,5.425937811368798,4.5159205365059405,6.524130474514412
9efc812e,27.06000000000131,4453,7.715008344876174,26.77738216792803,15.782848787909655,12.424523994672493,15.680707834003746,33.74031126364909,16.42778392848773,22.395307815448877,15.755439341388817,17.47330786986793,8.435454655154116
9f0c7bae,18.51000000000022,2949,12.145339947267498,10.457318723127408,14.483714582734004,14.580067959739765,14.584458469899806,14.607283736666227,14.572458394314479,14.450392394850878,14.613612456360887,14.46760364298648,11.01296588876014
9ffce529,31.390000000001237,4873,9.670712888372892,8.03465669216869,15.282846780773944,15.268556119693212,16.355557947817534,14.93377304517489,15.03050128546201,15.034681839509432,6.62020912498459,15.034874805948208,9.700647685815488
a0383629,16.839999999998327,5612,9.623688186192492,3.056809879018218,13.14127827582093,12.991618750020274,13.188227748911537,13.102439909907737,13.056181635529128,12.925503648592978,15.37565831812049,13.052649633355752,9.16688789879742
a056d01e,42.93000000000029,6053,8.943974376497733,11.91065388933507,9.31062108787412,9.322977097155473,9.366847112208612,9.39790094402927,9.230360663229593,9.589746440372036,11.791724904590854,9.312071755060714,9.062060796423781
a08d9e63,36.04999999999927,3795,16.8679222818935,18.380332323057935,5.445197473780257,6.110983849189139,5.957201418067255,5.772158839876344,6.085287045211651,6.26941319014225,5.803704879373952,5.861624429486498,14.08805530368904
a0b83014,26.239999999997963,5017,17.707339805792337,2.9851655025299304,10.518951948915252,10.529649616527326,10.434302942440956,10.530528350188051,10.53667007691527,10.589297352166408,10.457904159882462,10.534320718338583,20.199885756421665
a0e92ed6,32.82999999999993,4706,8.384874605022299,5.361727637441772,4.707623922147984,4.761181680401295,4.745785691789043,4.759253685922144,4.738336725500751,4.73249323123168,4.755427659494969,4.402350516524411,8.221997553752185
a15bc102,10.680000000000291,3741,7.751404029030854,8.385603637951297,15.109501033602381,15.043624982971961,15.040414151976515,15.079859545253958,14.97665936992409,15.103281468954489,15.076253444461281,14.921092887044322,6.394425683221084
a247e7cf,15.030000000000655,5283,7.270353926991731,5.856773927287294,2.148631216936738,2.16308547382878,2.1252809604772978,2.162930684230202,2.137707007872266,2.563906316053108,2.243390668442548,2.1681019772451386,4.404532419000242
a2e8e7f6,35.659999999999854,4243,13.384145006975924,23.589442425068746,23.633325758323487,24.289863670019027,24.278039256419568,24.254971571287093,33.218029643916864,24.181767153438944,24.251797647457142,24.172306443593936,14.53102365398627
a3518960,23.31999999999971,5104,7.390349272047574,13.807038319891268,8.491118422320538,11.79390230505473,8.556708841586302,8.559938835796235,8.365663615201992,9.818621181808345,8.455615775590744,11.217817368971865,7.578645368085315
a3f71395,38.32999999999993,5139,11.813877992119545,22.70960975747308,14.101371557662311,16.153752695700657,12.233127506005081,12.25954078338884,14.29982379574884,16.15053150582297,24.00668260688821,11.33111953605863,13.137767219550314
a4719920,25.17000000000189,5471,14.77634271528338,22.178335062112378,23.03664945371876,23.24060593413228,23.049273577679905,2.4460881478728855,1.10537750270421,22.819057941068415,23.038391550905697,23.115649294106362,15.287372605425048
a48640d9,32.969999999999345,4808,25.72381771100349,2.9750630748137414,44.02759245981094,43.302022408182864,42.71752047193755,44.11961006520849,41.650430297826745,44.97699194444946,43.90640475847357,43.10443860845476,26.0510933059934
a4cdbb0f,41.409999999999854,4934,11.471669440704273,20.38991788897789,3.6934204269166164,7.385036492602565,3.7115842979274807,3.7144606656796326,3.69386024460243,3.7090429761046515,4.847407103104025,5.294465058053442,11.487986476284034
a4f989c2,21.719999999999345,5128,10.046527320096553,11.163841731084347,4.484697430806363,10.115596025214314,2.5282099274271803,10.111252521208982,10.120065180746963,4.757188005861532,10.13738651394836,8.339611147639198,12.550435826320088
a5aa7973,35.44999999999891,4708,13.440002070310875,12.865540737442629,6.628383780214218,6.376284713330323,6.222727239355642,8.391229959306619,8.229717555393957,8.740112949478531,6.198960700134711,6.529400970963612,12.569161283796507
a5e6f7dc,19.979999999999563,5352,11.227026255208337,4.948224861803416,19.129111440678948,20.11860044013617,20.12985836447296,11.82203911817228,20.382405711036714,19.293227817697314,11.834865731504769,19.791041514323243,12.903902727679005
a612d5a0,23.090000000000146,5227,15.456307856472803,5.148565652003943,3.937606905037863,1.4649474544994734,2.0011860865515763,1.495313655072644,4.058518541578954,1.636357295199345,1.8524129728902547,1.7638198891261718,15.12668767595581
a622ce4d,26.959999999999127,5874,10.74293077537645,16.27496663733865,12.878677677229723,5.900802251121395,13.936831749679728,12.737669079155863,5.830471769678819,6.6021646145410395,6.643737346045674,6.02544946621731,9.454272614397075
a645da9a,26.5099999999984,4939,11.24971485364493,15.51540525214913,11.413005049661328,6.024302768637406,7.650266190176779,5.935491691481671,14.313317659810817,5.914488840212631,7.658448377017184,8.395561423984246,10.654471593287989
a692b17e,34.3799999999992,3949,9.79819258039438,3.735680051277755,4.262561245522667,5.356870194884111,4.085744134181638,4.125561318486675,4.02181851763892,4.001206546767556,4.296041132873729,4.513273953910023,9.859550977598559
a6b8ac67,30.409999999999854,5122,13.068617909811568,7.222638895159376,6.529636405665762,6.504064638297182,6.1886941821137045,13.003427527020321,26.60135675658711,6.642613725402064,8.004276683992504,5.341328070144479,10.598615065751709
a6ed2eff,34.279999999998836,5149,8.757111011105414,10.525684865280137,3.2569433421087117,2.234949886708654,3.074075106693308,3.453472387121646,1.8299073078139618,17.608909210445432,17.694079292341765,11.11047641503581,10.997699915780299
a6f967fb,29.3700000000008,5133,18.825256249567808,7.371071486263007,25.383501786816424,16.010543395717804,24.57242384127985,16.03478816474759,9.007462085246539,9.31323717050993,8.76275168081946,14.15568750616509,17.816251640046882
a76db406,15.550000000001091,4709,3.307512799920522,19.098079867640106,21.155534473287982,21.33848602193104,11.194292296798158,21.227325090955485,8.604815213779787,21.46400328574964,20.62975753874872,21.385786384597626,4.257441605620641
a7744f5b,29.649999999999636,4392,12.947345023957611,3.60610038574352,2.6644204105146945,2.9922642788514175,3.511066086593847,3.189984014892486,2.9092571646557692,4.35729466797118,3.1778920793769045,2.8276745756461508,10.041137017525939
a783cc24,64.38999999999942,2391,27.24098519210891,20.102442497525818,37.887883808298334,37.914581981745954,37.90842152456104,37.914122904827906,18.92949975069613,40.14746888132506,37.92655773538476,29.72795253204634,28.125118799507632
a79fd2e7,27.55000000000109,4619,13.93908211069745,10.372958232636403,9.889799032516219,9.820671027273317,9.846760464515993,9.839928806335704,12.985244931018386,12.959421702776705,9.840576841957066,11.298714119918156,16.064732184381214
a7fc3e6b,31.57999999999811,4656,17.15900873528273,18.430435626172084,14.45593829957116,17.424579062225977,15.264040315214652,17.47175064851064,8.228127367104126,14.618044834355409,14.544686433372826,16.976362395684056,16.54904867374551
a85bb86f,19.13000000000102,3723,5.047310530755505,8.406267239335284,91.42393661797682,88.14209653176385,89.94818452948515,90.73947335659619,90.01138766020601,91.388335329542,90.59882629591989,89.05824988410137,6.617835167529969
a85e4bc3,31.1200000000008,4375,8.599848398663864,7.4007783986237845,6.993925528943392,9.25724840906054,9.179747924081152,9.262773045183208,7.95238930455965,7.866776186004781,7.672889633844269,7.670634044656508,8.718033541048893
a87433c9,20.789999999999054,5446,10.091731355691243,14.266681453541416,14.33026100132746,16.087775758220065,8.714648250339094,14.621465963109005,10.530295873063304,3.852494100745764,3.7379725911596764,13.534058916503934,10.910734784110847
a8ed028a,33.81999999999971,5336,16.864392265932707,9.546262967728216,24.12934596227204,19.646073149016992,19.215470055161457,19.677550513875104,24.186576405568925,19.678230811062186,19.719489006839378,21.349864469979543,17.941557104298884
a959858c,40.98999999999978,4212,14.026069909574074,8.277002278760747,20.034732992053645,9.750292906206708,9.711406444238117,18.79491388133441,18.830692370996307,16.94975192752312,20.10943102913861,12.786669735375375,14.055910919969659
a9c9b150,5.680000000000291,4253,1.4616781564875685,2.8013285119927565,2.612268383285999,2.597910793033019,2.6152874421793846,2.6246451574335774,2.595266196840792,3.6757518435221885,2.6135132687697644,2.082408406789292,1.5058651615556482
aa95015b,25.61999999999898,4206,14.519882327700227,5.109243360570581,6.3099009509306985,19.192798893964397,18.871147326981085,6.844862603340365,18.248673210249873,19.16394630199256,19.1340825254386,18.82471599647313,15.84891847293589
aaaf3c03,48.150000000001455,3451,14.738097863340325,31.573246649735825,16.17838529107964,16.176602578947378,16.170643325216698,16.168654913623936,16.18400290170029,16.1803280032269,16.180535198323852,16.19245275495673,14.874700819064783
aaeffccb,28.890000000001237,3348,19.690033965807757,20.945266779922175,65.77368711202733,58.36880417156079,54.72046881714317,63.91080501816901,57.6181379681179,58.333752752139546,65.6432298431409,64.19077648565917,15.47192670065139
ab112491,43.57999999999993,5240,28.634182848556925,29.484944112398484,13.648926441812737,13.685694997455588,13.690624878739701,9.849347670972257,13.654207495775402,13.643470570245693,13.651662919570516,13.681923080136078,28.25420002825445
ab18d3fc,37.07000000000153,5356,16.2414211272137,29.48533950840072,22.443823258593557,22.86086311234329,22.77979795229853,23.232521964021338,22.430573146327728,22.42779198387152,22.756890400888317,22.697580141661252,16.599880528782215
ab3ced07,26.48999999999978,4386,10.765645968919893,8.308064683359708,8.740611159263398,4.617775673068191,7.659813206017776,12.55532826451789,12.595301875503566,9.88497430634058,12.56613338197951,4.724078015467185,10.202506754325407
ab6fe95d,24.649999999999636,5420,6.554470112081872,10.273045932319546,9.299166528460011,14.320375474126529,14.11332967272846,14.08244538319652,14.277995270095737,17.884599876406476,3.320194336426694,14.192229475518909,7.151672923789014
ab94878e,21.840000000000146,5586,12.91512039437822,15.988404719371404,7.648823535328298,9.268105400749727,10.826253535769498,10.820373657887695,7.666994499606874,7.706230201995814,7.737757577478911,10.713945527274918,12.822942118551367
abf460d2,26.0,3477,5.913629154634388,18.609489532066274,21.083189296332343,21.43562953496187,21.084369591233717,21.47031490203972,21.146877171250217,21.159144314983152,21.090679429462508,21.235331744146976,6.025020134054497
ac6f01d5,32.69000000000051,4912,19.89666409428012,9.93557640966991,1.6438807746406447,9.664241788364988,10.726979944660323,9.679882556654738,1.6497106077806756,10.685650106262399,9.700429025173829,6.127296636063911,17.984606881169412
ad2133a8,48.63000000000102,5247,19.600076282509242,13.215896090164705,12.841853964899617,12.855652181438028,12.845135465890094,12.906300390986775,12.896216559745167,12.868516085265528,12.837512516202953,12.854521353928844,15.922988088499176
add9c322,23.51000000000022,4029,12.857051576064004,14.915310272947092,12.71987754883101,12.622456084024277,12.524877884741175,6.606633148009239,12.539914794204913,13.18918854872191,12.848556827636813,12.848177277398015,13.237888388255437
ae069086,38.159999999999854,4921,12.144547888914419,8.56834704276881,12.510193154097117,12.554819411394421,12.3584366772647,17.22943652526454,12.896647601569564,12.402488232378298,20.231026014496297,15.542913087985468,11.879762927857865
ae0784a8,24.94000000000051,6695,7.378880097019108,5.363292370497233,5.1747400811012705,5.164539392401619,5.163782836934481,5.169079317631348,5.1619703879273935,5.177661780383891,5.183914308855577,5.381862555402142,8.885730945097924
ae35f33a,20.43000000000029,4722,5.914339894811472,4.914054229299833,13.080174748166709,12.99924088394978,6.647325690019126,6.989265617602923,12.772277548799417,6.5651807294964435,13.68567458648137,9.061475860633283,3.81338220224694
ae8959c3,34.210000000000946,4851,18.629817442991836,5.30560277417896,3.2745505630346647,5.219086166935888,5.799283267805124,5.257405215508895,21.882649173217786,4.447084199615663,4.946789287812309,6.111237296748422,14.358086100406082
aed44918,16.659999999998035,2935,7.142813994126739,7.638465006137864,18.714961895931957,18.85608581887547,18.730156836406994,18.697145285713574,19.856588241586728,19.09519044695791,18.618575269570606,19.36722048623326,7.323115496783155
aee6393a,14.039999999999054,5217,4.654545660299762,22.397763010589358,8.19130324467254,8.214111239149535,8.084512691641937,8.195492829418487,6.7127925346986554,7.3577948956677535,8.200375623783692,8.050058594265172,5.262581991382127
af7a59ce,11.169999999998254,3161,4.4444060685443025,2.1601403315670638,1.251826069326404,1.371507001241136,1.3231266463043698,1.0173777154560297,0.8254081525877636,1.6388035274781585,0.9512888160559665,1.0566769396278617,1.5731590979971544
aff4e561,18.420000000000073,5638,8.781855290990194,6.756127350005452,3.600232106469857,5.406764272180494,3.943083477726532,3.5826828689376877,4.332766138481907,22.952496583664757,4.063398318318066,3.880138664250438,6.067633946883115
b04b58a3,31.44000000000051,3817,13.175874998472814,12.149942573308005,5.575388959778939,11.58399181531066,11.567648736954071,5.597822872480669,5.542089083540596,5.2720820886575215,5.561434740503026,9.578955202861325,11.483329444103859
b0d42b0d,32.93000000000029,4641,11.363643530577605,8.153367383319669,3.277555616466355,3.2373841073297163,4.674988853541616,3.1852535579488284,3.4482668745113876,3.3729874138334375,4.722470940873852,2.8920733648643044,10.004132210236696
b0f53bf4,19.979999999999563,3067,9.753236473859083,10.32433664876123,18.81767105697121,18.84225975002029,10.444597408773658,18.793796595908212,10.026858853018377,11.191560621061756,18.8063852087877,13.443336919412745,13.553770790485958
b19b0395,25.81000000000131,5253,8.503780801013155,4.075341635880436,8.46404241803781,8.357685373665344,2.719049602864883,3.5202765792796518,2.7377590539474292,2.71575718281726,2.7244252842280146,4.6531823161984,7.261405961859148
b1efb8a4,19.3799999999992,5520,8.836946119616735,16.593392760054563,11.490453435723039,12.547605042248666,12.542911598499314,12.120667005094468,11.662328587416871,11.500091895213435,11.493255561658836,12.059293784376832,10.617138994793892
b32902c0,27.93000000000029,4188,6.630233558418023,4.5679487208303025,9.039754503541952,8.506443907468809,10.85145336681746,10.835601215307644,9.013600777389135,10.897871175902344,10.964436141039632,9.66315450297011,5.155063978529622
b32e4903,22.459999999999127,5417,10.627860416798141,30.8779815863853,4.981837649833394,2.0356520088524745,1.8347739800169092,4.801148801384239,2.0527189362733695,13.66368196807442,2.3594470386355604,2.271112948331979,9.418772663867774
b3388334,57.960000000000946,5699,13.060849283822954,32.44431782258082,9.648170063560222,11.0113474991458,10.584332116301082,12.005732747617502,10.968345267972067,12.073680753493807,11.749015248673224,11.514921689312166,14.02713521240378
b37fd114,48.51000000000022,7144,31.29121971104792,14.480160307707397,17.0215319238064,16.94622291765756,7.242466087510725,16.859758195238356,16.887363812715527,16.93343853368219,16.891600970813606,16.87763718078412,29.677127424116104
b38e3116,24.770000000000437,5806,5.802794820595595,9.03688295269132,3.395484633256819,3.4176068509792574,3.5133657487340986,3.4026991120288548,3.523238638443887,3.419544494509273,3.399356579596909,3.4358920036296734,6.391233094788697
b4d8dd4f,54.69999999999891,4314,16.962166528013473,11.400165422258974,9.332356499286488,8.974028547190315,8.184964103684012,11.16164433578005,10.190186231505644,10.44183230888469,10.68171935285015,8.244380316041664,17.89137224829937
b4f37e6e,38.51000000000022,3284,18.19759745840661,7.490498764282599,6.654172849507128,7.05161098067894,6.7735611950019035,7.299188689815078,6.984323518582728,7.824402602661198,7.337624354809793,8.448357194446464,25.196455983997147
b56bc0aa,15.229999999997744,5425,10.162635317173207,7.324410783069111,10.917803981755132,11.626173534639802,10.889425757046963,10.882926068454765,11.00356736525549,11.631458211760739,10.90350005850004,11.036504985385275,11.70950128135482
b585b4fa,36.73999999999978,4379,10.509644686931008,10.579635033959955,11.135655127240016,9.390991106579307,8.357551468515524,11.149217900487692,8.327634475644693,11.142608055899501,8.34821536786907,8.56275615352299,11.407954632092558
b5aa9634,37.06000000000131,6385,9.846106139386553,10.312120741638575,12.284216764639593,4.741308942384955,7.71192893773934,15.480635977497302,7.640808643500091,12.23256879702037,11.43054531389065,7.11414558503349,9.586261071515043
b7974e66,19.149999999999636,5234,7.8800014341500475,7.792729530439066,5.133426216315406,4.207341545868372,3.5145176308660275,5.508028889669288,7.253200322664724,7.433344782185205,4.478619587012301,4.387912741295006,8.195909302161438
b7cdcecb,23.950000000000728,5563,6.973653546694702,13.182428314082307,2.111257498902226,2.0771066575221364,3.4347073176044463,2.753183273710308,2.818121136112434,2.157717520104841,2.0038259148170154,2.329160827408065,5.907841107715695
b7fea9ef,24.659999999999854,4070,16.788776902357455,3.5950187521643167,11.11699708426909,13.022693014243549,28.661938800489164,11.893600477337378,9.993081837082086,11.579113466447673,11.765516859619547,15.210248638669345,16.915266974124407
b85f7b06,9.959999999999127,3981,3.3252565952507256,20.235993294933586,10.489154486155794,11.37347156203123,10.497453920952433,11.539771552585833,3.9370516435164333,11.72094215264877,3.883197040392485,8.228420044611056,2.898861750304511
b881d27e,27.4900000000016,3973,18.937435786044222,8.194470490093748,2.3715563397749824,2.673278871189729,2.693312320960128,2.717022994444624,2.6150367894115427,2.8782476852537755,2.753110966729553,2.6441158496311936,19.675079633138168
b8c49c1a,32.13999999999942,4565,8.013146086781887,23.540108361015363,12.46544869669819,12.449035109558677,12.429006949946967,12.540759166987828,20.966676750445814,12.58475810910413,12.556052772471162,14.147061432615375,7.865301331693165
b95e7121,11.399999999999636,5469,5.664917691224337,2.9905106128413266,3.4446320587884562,3.4765130273132536,3.370395136663807,3.517297827855666,3.3302144558192324,3.547307558802686,3.3196827108409783,5.8667451177051495,5.927475417063698
b977be4a,54.23999999999978,5471,25.25926652181929,5.739998118521012,40.58267708048735,32.2154434188652,36.376944454208335,40.899022426995636,31.80379786700816,36.536792519978405,32.00469205154223,34.562762749557656,25.66712797332135
ba48188d,104.98999999999978,4040,52.532586404832465,32.038048294465604,17.111353444361033,17.295742417943316,30.705327297413962,15.726690501836508,17.299921033748294,17.31883530988264,26.10007976497565,16.97736038299765,54.85922293484389
bb2cdd83,12.640000000001237,4135,4.3627507768593325,3.394205852142277,3.1500881704283827,3.1317066869361905,3.205304989913737,3.064625730152645,3.18208552401432,3.3293977075839525,3.4764022746916403,2.887339574630278,4.053490844817274
bb337fa0,30.0,5998,9.979042295149979,5.460375570614499,14.085418577763338,9.04274415894644,6.9900436858021155,5.224206391996143,5.232383522670869,5.103821419917399,5.403067558815741,9.308371496144128,10.325938572471665
bb682ebd,40.31000000000131,4330,23.760450399012065,19.061004666176267,19.053820143148364,19.053032446873203,19.064886140508385,19.052953365619658,19.06024585457186,37.81530926884995,19.048484635911837,19.052043827194716,13.799086967318763
bc4381e2,21.219999999999345,5026,12.640097003907634,16.762180108892725,7.8332534044150535,7.786819469810123,7.736728474876213,7.884312680667428,7.838398581914427,6.711449571206026,7.899821064959478,7.535305402722053,11.520377647199668
bcebcc5f,27.590000000000146,5759,7.588882557985811,12.262093494229303,6.4654874611025415,5.77920234298004,6.525526174677644,6.826715008599622,6.422188242436021,6.488469836377102,7.099775444114546,6.636764938354104,7.492396662243738
bd2c2f34,24.73999999999978,8483,7.015820705695716,10.80836122511755,11.237270775044964,11.462202234582023,11.456651738625872,11.461218910456331,11.457071325003195,11.453550018683123,11.440692789486182,11.370310754408612,10.287327697876378
bd4ae5da,22.299999999999272,5041,13.766865975592872,15.256841139603937,14.477683959458208,14.529645204649077,14.55223779594421,14.797891033964778,14.538585333018284,14.473623060819325,14.666031148686823,14.800154831792176,12.778723840023188
bd6f0e19,16.23999999999978,5095,10.347290431499806,5.956095041296665,2.178811213556154,4.2160471015980345,6.550986004050662,6.500341949568874,12.313998439259631,6.744854352400077,6.741323951838298,4.48140783203998,9.37639063994125
bd8f847e,24.520000000000437,4498,8.296889147131234,7.865064773442377,13.89845719674225,14.073432548296179,14.012371668293676,14.517134600454469,14.123617878394919,12.936020826331363,17.34201479988266,14.332528144103703,12.703834571809919
be063506,22.649999999999636,4773,15.112989786160695,13.705450950649105,10.102767740251869,12.342418033188805,12.409684525664165,11.72728781067413,13.28641504794176,18.075278334306894,12.746502472921742,11.336671338878988,18.10296408414663
be35c8f2,17.43000000000211,4306,5.290556599399138,11.05648769342128,12.07719941290161,12.155878116715355,11.891574458807142,12.073642244580796,8.655899087084196,11.979848100682752,12.096386450159164,11.93896109890951,5.082083343480194
be83e781,15.639999999999418,3486,5.425331246448119,4.177879613513029,2.5866293549622914,2.573188589370933,3.5933962442931104,3.6676344397799454,2.519188557473984,4.224088559681176,4.027730934918722,2.750825298096075,5.371988745417735
beda8696,48.94999999999891,5744,9.526086544889443,7.530003795219091,16.719226197325046,10.05520853108447,16.851692480795425,10.050921820645891,7.4546588168596895,7.519235931282811,9.977676649949975,9.25282926520081,9.73757638235658
bf39bc20,33.82000000000153,3684,8.00236119301105,19.453124078438034,9.323542880114427,9.210257111172446,9.744387068965132,9.476167868380088,10.496465876256408,7.919707090388102,9.41757228047614,7.435920519201213,8.819393016911748
bf70b410,48.17999999999847,5840,15.436180147671282,13.160616285812637,16.54233559054274,16.512398092908843,16.534376653310122,14.676552816350235,17.144388953283105,21.473750704612257,16.478888465350373,16.44817559855977,17.036800444939548
bffe3082,37.81999999999789,5246,17.0167492016855,10.355320670024126,7.761801428965128,12.122572918532024,12.145492399959467,10.018083915831312,10.308968043878021,7.727774247588512,7.387937715608075,9.807867857524647,19.96957394702268
c03b9305,22.1200000000008,4429,7.062782357281124,11.716006431518526,13.517314955296062,12.495679794275144,9.257168366112605,8.973993935240266,8.984182109215944,13.447767440963375,13.52020840324668,13.217030561967162,5.447243664073229
c03d4aed,28.69000000000051,4654,12.536003728976482,6.310253754612337,8.229816690261966,9.99185861971295,8.292032396433713,8.31595922751682,6.75588363295533,8.226760837723559,8.340546763599372,8.556040820170633,14.481513760777796
c03fba65,51.3799999999992,4138,36.55042786830596,31.63785288578965,28.468751336898116,30.985244553579754,23.069790048404684,31.004610392034632,30.988608734639616,28.323284262595166,30.910932318185544,32.736505439363896,33.88779841607665
c07fd0cd,14.980000000001382,4406,4.0022156341008825,4.802866154832434,16.927205108523967,16.914204708646157,16.87426791357799,16.96919328372002,16.977758233391192,16.96174883750579,16.969058784416752,12.776601991048661,4.392839919187597
c1708b88,37.86999999999898,5811,19.948524581763092,25.50693505272324,45.50350457573882,44.82249463266774,45.47925224488998,53.176041866168326,44.86661444528669,54.64372381674325,44.95902214646138,45.47415403637086,22.651106021394504
c1d046f4,21.3700000000008,5049,6.506724773697535,28.285836558311654,5.887917689316779,8.01669665014927,6.096231001941952,5.32724647749545,12.864545266405578,4.957197037664623,19.304883762983987,9.532212205330222,7.217520488394407
c2717d4f,21.459999999999127,4878,7.513169446322727,2.0578716634544336,23.004587133419612,23.967091216342737,24.050899001271713,5.710214845910961,22.324010196457625,24.057744144933626,24.10530474263889,20.63426613842535,7.1306376112466765
c2c4db09,28.910000000001673,5731,8.842950831607585,11.005416495149579,10.976249180947928,10.899983334102226,10.933845066858359,10.970201358470023,4.059356131100592,11.008568243843385,17.520808234850207,10.917127327753896,9.000899330782124
c2c6fc71,24.229999999999563,6453,7.650917744747253,3.608430894908701,2.5573609495060787,2.563824777262907,2.5528987522491327,2.5445103786488583,1.5146637696637646,4.363905370556022,2.887973073751147,2.5822833238325926,6.897497918073682
c36625df,20.3700000000008,4662,8.277319159152386,2.511576153436594,5.263219657690263,5.3391074706467485,2.526985264763081,5.270653614397661,1.7202266189115603,4.296515453411388,1.761357705929909,2.398053212994641,10.478091426192952
c3957531,45.6100000000024,5295,12.691990246281595,23.225405726265297,26.784806420796873,26.857010151517414,27.266998350208574,26.843860931753895,26.831472155545406,41.62698776894256,22.23970864433574,27.196161725802035,13.238433377155843
c42fe306,30.709999999999127,5127,10.86183972985906,8.619260681101384,8.546415314217322,8.574091664779171,8.59480187533035,8.14040096025973,8.632054589203305,8.728754282487424,12.583895532885839,8.500925151573176,15.418872812697023
c43812e2,21.390000000001237,5324,5.943328377062374,10.701481575123236,20.69923971370214,14.936420522251296,14.507716084325516,14.705959180287094,14.678365735891058,14.690795272036626,14.7820612961732,15.777691724448546,6.480830965528534
c472c0b5,25.170000000000073,3553,17.41221250688752,16.579082753836836,16.451974153400187,15.874061595143296,15.84688435532537,19.753619649794587,15.86392838579205,16.590601948632532,19.805862786581315,16.19330621439209,16.455311955608387
c47e0767,32.5,4452,22.02002803542906,8.151911467604569,26.353508826843303,26.346190271900447,26.35248771582584,26.35610844012962,26.352135588714653,26.34522255533327,26.354557126839396,26.354359286758967,20.525434533846365
c50b42f6,29.94000000000051,5782,7.91931523585921,8.351514155482244,6.415562087167725,2.4128384983449793,2.520433445211663,2.5743388496448087,6.428002422327324,11.429925706241704,6.4367901745685625,5.074479209407176,9.681302716748206
c593337f,48.349999999998545,5196,23.997415949387225,16.911826843699142,3.0260648654509232,17.6502750060973,17.533615566525743,13.568807126603268,1.930061508876331,17.579604807678862,2.698614765548813,11.049069053508225,21.101610222992317
c59b6c4a,40.54000000000087,5446,20.73823616333779,28.25274609915421,24.1640599288737,29.539346909619606,24.171436172528797,23.741213804960545,23.88636024593089,15.63055619286497,23.84043043430375,23.501518412886536,23.2771660825296
c66be2b8,48.149999999999636,4531,20.229260347873854,11.352547048043634,19.950529624426043,27.247065151416617,19.83716621281531,19.799998077974816,31.349875451911327,18.296346395304546,19.771543500960608,23.54176129746005,19.788100504714212
c6797dd7,22.019999999998618,4585,5.803278483404316,7.563166057142326,15.578813898363732,10.362251023996365,6.824811323493656,6.922783433707078,6.809722732469172,6.753621567558582,6.711203150871406,11.333050417141143,5.778264058426119
c6b782a4,25.18000000000029,4873,12.623091472105349,21.696731093795794,24.39641409130789,24.33625654004345,24.354670435222292,22.271228978321904,8.920094609335694,24.31594095644884,24.414614191091125,24.350624733288793,11.836387450750028
c6c96179,18.709999999999127,4243,10.124432925812757,7.63778949023336,2.1795655938177143,3.1149676154531196,2.175693349465009,2.1146301901475812,2.010507189096303,2.4928509858342442,2.3443014320280966,2.2945041836386677,14.576162609790027
c70c0e01,26.920000000000073,4422,8.698977839120056,4.004900690402136,20.710589629889164,21.702855081962177,21.800278137612963,20.562457022596053,21.554406038423235,20.6008886185779,20.579548044038013,20.99086856246085,7.537557713059623
c84c65be,37.029999999998836,7477,16.79513827113672,9.56582150949865,10.921767155429935,8.453382100176626,6.347928066432627,10.62811254408799,16.950541780878936,10.863774792442346,10.961025203755625,8.925952210024331,16.994825327815235
c8d9680c,53.35999999999876,5651,42.07667183683897,32.1911090837551,4.700495432908235,23.308181771367988,23.24447227634402,23.962535282470427,23.23470852445326,23.33874841460297,23.308365623970342,25.397853353896956,45.26771332337647
c908edd0,31.780000000000655,4928,10.858354488393406,4.026817814942706,3.941143801937991,3.72677125104377,3.9371870601269263,2.2327196151684383,2.6111375739744918,2.5638430694175818,2.090763482825818,2.37195299869519,9.696510511092056
c9578d27,35.57999999999993,4527,10.699622056377645,13.384045259534842,15.101120094829591,15.114020830762124,15.13210160617642,15.248864545199224,18.3619269115695,15.111872481145548,15.045781130090013,15.105636991264154,11.939016075863305
c96c018a,24.200000000000728,5606,16.832249008651452,10.150658114664553,17.782819137338997,12.297556127269365,13.989152684667495,12.038564079940778,11.999926235587417,14.88705809838508,4.030356637952,8.43577644156747,13.657861520881912
c99f9fae,27.06999999999971,6128,5.03668497575931,6.335472731719132,4.499173914244638,4.497372040413483,4.546891056754145,4.54459484028642,4.417704499271224,19.045232287973793,4.49232802112696,4.433529651476021,5.4817071668225985
c9e6734f,32.42000000000007,4663,10.515090480576582,7.917134907526044,16.41568072171004,16.407449481666898,16.842042714521128,16.851403582430514,16.410347360810064,16.484944715062774,16.934738340895223,16.5340795422682,10.298470998696711
c9e980e8,20.599999999998545,4571,13.840331475240975,12.009256714905877,2.4518167371616686,2.4557211041936444,2.4541611919007162,2.4425613949718263,1.7483008226305312,17.256847533985226,2.4828991888593475,3.2765547538470856,18.146348293174132
c9fedcf3,21.55999999999949,3803,12.914383367583902,17.454792083579786,8.195750415415285,8.150191621249613,8.193886004262698,8.15911206881278,8.177266198932697,8.788326529135855,8.165547320046777,7.6717966805723075,13.350581789979582
cad13e8f,26.290000000000873,5012,18.397969058102134,4.59976663166604,21.06354915476687,20.691655136730493,20.893029969233957,20.602109625296592,20.666873878552995,20.525933375568382,21.11245038584528,20.666181983888464,20.03769192958939
cb34231f,17.889999999999418,5482,5.975983571134163,9.576395312394002,19.706261215396353,19.72457822628864,13.299496151956962,23.576688543556234,14.927839767603526,40.331281712232,14.963708085266667,16.874878748134154,3.7890163705833735
cb879f40,28.1200000000008,5770,13.39704855685346,9.954194298745414,7.29407076599505,7.355115584504216,7.257461433553317,7.421920290142352,5.227116434383579,7.618130803350373,8.88489137449801,6.6240279612776884,13.633517943845037
cbb406b5,30.94999999999891,5939,7.630042638484725,6.889696130482355,9.391433038015009,13.865848532646186,9.669404334902723,13.804519386342792,9.387309720636239,9.20639922005455,8.92849822140539,11.573795994856525,7.340553385867759
cbe51de1,30.090000000000146,3914,14.363828396296984,6.080124911362656,5.995081870674793,6.000945979316414,6.095479622658335,5.988226779863992,5.998494650958894,6.015457829763842,6.117355060707707,6.034404191979311,15.658353917941634
cbe62450,40.51000000000204,5736,14.438197286439848,7.41001501120785,8.214407049488534,4.158065847233592,8.262982259003994,5.2615342319614955,3.8218840355000587,4.090998426448843,4.122867942345275,4.106044774996085,12.995916715363116
cc08aa63,27.76000000000022,3663,17.56008631202659,9.327208269018383,11.109426480396898,11.128938238641506,11.055337410794335,11.0513286128395,11.043881761333834,11.146333071090003,11.058170041753522,11.09073219943037,12.67827997946773
cc8a1d57,35.77000000000044,6074,15.885888077883292,2.208200007118705,10.828544510368015,11.241695604393074,10.657597885962955,11.244369182946157,10.549317122335474,31.693961201451803,10.881631575302741,12.716642026755853,16.0427530052514
ccedb12b,35.77000000000044,4692,16.272179414919705,17.157849207022362,14.400394523231379,14.431259886083103,21.768880925412244,14.454062369447326,21.70801168755934,14.462084112100118,14.434725563380512,18.5844237331805,18.033094429217535
cd7f1687,18.80999999999949,4366,11.614075913392693,7.231659624368853,3.3273214366587784,17.484101497464934,18.18969346482353,3.410157717361802,3.4756881711684717,18.063044279502332,8.712938765968316,8.724062052994503,9.262085640765026
cda7eb37,31.909999999999854,5563,10.134574103157094,13.434825007770227,27.024449289953804,27.142636068952918,27.081271878430123,13.267128978029344,27.013400423013323,13.558225097736917,16.893640072668006,26.944810061151575,11.841351344831903
cdc31d65,27.019999999998618,4824,7.457046384145097,5.33777660352832,6.944731803141891,6.927653657922743,7.2511590166838165,7.285191630719257,6.974898970813958,7.849415976029788,7.098609745468149,7.060026802543473,6.121841008566116
cdc60a53,30.69000000000051,5571,11.672238773978535,3.141631877900939,5.562721969754017,6.160460731104111,4.925531505835001,5.577384884785647,5.091041823073536,5.38483598128258,5.936600996557044,7.448126684781023,10.267822997319502
ce55ba43,25.710000000000946,4130,14.24219363085858,6.602614759301714,9.4463128296173,7.9962212826821375,7.972123854887513,5.926345757630478,7.962196900191799,15.760509085563454,7.933900905950559,8.230427946405616,11.177923709275118
ce8399b7,89.79999999999927,2590,70.47953785582503,14.419190648918049,83.81371183345695,83.73454063352965,82.45311665669396,70.62642495915368,83.67094744439845,83.82259237615926,82.8031591092489,79.79987397490609,71.45481428536478
cf50c9d1,44.11999999999898,4843,31.333171588797278,26.753105675837002,26.83012597512823,26.89979045009884,25.999454280134923,26.897786215738808,26.895866998210245,26.838739388619317,26.891061217860038,26.880322813764785,31.06995602634258
d00e7eb9,16.57999999999811,5344,8.137899666638072,3.775604731161885,22.778466962871512,27.846591615562062,21.309446662575958,21.284374187680516,12.765218656348543,25.465756139786556,13.787695651413456,18.537046231087498,4.0448076491241265
d011f41b,21.899999999997817,2851,6.480253466317729,10.450873305661494,3.6691870152819135,7.79438438985656,8.865829926630973,7.838308207388289,7.76665021727897,11.113538413565202,6.1051531069710165,4.0106299617861385,7.970446312220756
d07aed8f,16.61999999999898,3438,11.316692126263822,14.723781037317124,10.080599974516987,4.919316065470971,4.895800491617938,11.846598991938368,4.6809785437940645,14.519757932195706,4.610857978858525,4.621557493122286,9.451634029880951
d085e611,36.44000000000051,5732,13.454504070391309,8.012889237629128,7.15804906148434,7.165202318935016,14.130366372937747,8.225577541908711,7.153405174586152,13.891486440723723,6.954678539015769,7.535431344647219,13.710914631213136
d0a0e7b5,18.659999999999854,3959,11.94959540258224,23.40026352717133,6.580928002929823,7.108475069002171,6.040087091162373,6.3279067296553855,6.884334942356245,6.617051942549376,6.869576469906163,6.755524538124059,11.368312843304762
d0a43760,10.890000000001237,4016,4.4432969850785184,6.821647592851353,11.631112761069359,10.301420060501446,10.857187834805595,11.399743405447444,11.611080583573546,10.654978619040433,10.201853183247861,10.880331234557344,5.525906050079345
d0cb63ae,42.20000000000073,5007,21.3888852804688,12.401219968072045,7.474107427754459,7.4606099232661975,9.394480683548817,13.49758407293382,7.276662122424162,9.876714811247755,8.648370444732079,7.880584996926325,22.7421039161568
d114d9c2,23.80999999999949,5506,9.468478765780139,5.651511419721937,11.8131490256716,5.672020333176768,5.660420143589843,6.8519402963496825,5.6295036212915255,5.6839601945410525,5.6195709316337945,5.746225954730516,5.728605351208276
d1457cc5,26.269999999998618,6163,13.65883189452973,5.784026848499737,28.28439241034201,28.267084723491568,28.287433734110685,28.283375000351974,13.069418540751565,28.300996346832225,28.290160819048157,28.267507125085892,13.102801782618432
d1ecf309,26.339999999998327,5741,14.968741671985077,10.824283914030993,4.059961817534944,4.1316541935851365,3.8530929851160267,4.33565525241931,10.031914738488345,4.665064854821236,3.718758071996305,3.787296919189642,15.0704770138679
d1ee630d,17.1299999999992,5752,4.865452515594003,22.58226879748297,8.946263609533323,6.503275767528217,4.673248243504328,4.651914387381321,4.60696735336668,8.992144486704087,4.659174825537202,4.941636765343964,4.356047997333918
d217e0c5,17.919999999998254,4170,5.580896221745427,15.101590973952504,6.4031876366052805,6.462262601442842,13.76294736208931,6.714516729185231,6.530615612855518,14.46745985239816,5.952742749716942,6.321712304228684,6.0263439171018796
d24ff243,16.030000000000655,5195,6.1878835672133885,5.656352423059087,7.542515894038159,7.568030822063383,5.521895523297098,6.59533126079351,2.3234645238877465,7.067690019579566,7.535376239674997,4.396063714447297,10.358867931020761
d273674e,18.68000000000029,4189,3.21441171650708,4.921299249688374,7.523819909555217,7.51836073612135,2.4785323949880014,2.483445389937699,2.46092699927223,8.118045010370263,2.309882970363014,5.314305691542825,4.059351857499765
d2f3b1ab,47.81999999999971,5123,15.129404317259615,34.13243437577578,25.081196102200394,25.440606870594312,18.872603043769796,21.67048330941233,21.6208971759929,18.889600632605305,19.3181061241762,21.374804877677207,15.150910494592189
d3df146b,27.26000000000022,5294,13.528627483896324,4.3268855319650035,3.576824570848617,3.9477626942651503,3.593694529393773,3.8154637016027335,12.671136084428388,6.190181903749425,3.744679223685366,3.981655730435602,13.912920716500269
d40f61d5,17.269999999998618,4292,4.434235372241913,3.598937968739951,3.6752851894998897,3.605631436185068,3.548618759052639,3.6496479002484583,3.6402407965463386,3.7264873472332742,3.5857792728320064,3.6540407405125617,4.126468322928449
d41beaf2,32.72999999999956,4812,16.4300848663576,8.69024816895648,8.734805450385087,8.733454942634044,8.734125941215167,8.734560982206865,8.73194251766319,8.734084429473752,8.73418944531439,8.735433095905986,17.06585665419873
d463e527,31.590000000000146,5103,8.42072025831655,13.290170920405027,13.704975643715096,13.582886567817127,8.318208561741384,13.16303490849145,11.482432004085398,13.482250426158375,13.168893271611926,10.250850664635152,10.15385801981969
d4f60a28,18.779999999998836,4698,7.925620267199056,9.543265594590508,18.813062048892178,18.74039492548812,17.587163503017383,18.559057345634987,18.90536628067514,30.953466562814857,18.821557093004724,19.540169188963706,8.948314067398107
d50c649a,18.5,4780,5.468236134495164,4.796598555010704,5.975392458627154,9.877890167605774,9.800790679654948,9.966686927382995,9.783333793201107,3.1269887617352956,9.914710940266001,5.9552531734410294,5.721685788611302
d543916f,27.710000000000946,4585,10.104449591566999,9.548734610066324,15.131495019775631,15.00282174244549,15.032892414350735,15.082042451667634,13.977637118635084,15.156443002615527,15.032613920987465,14.833554255225248,8.701915805808559
d5df0ff5,24.610000000000582,4008,16.240247638607276,3.922173311898505,2.9311214893679938,3.9084608053009076,4.488753863259023,5.43562754008341,3.7176450398272465,5.331334457753447,4.450097382570732,3.8056281010773896,15.57465208199101
d60430e6,24.280000000000655,3048,14.975347454988123,6.997780262605637,34.165710294735945,26.505369942705816,33.61227746551882,33.20751275384712,34.31791406160251,24.61994880026831,33.88843353941885,30.611751957772864,10.781047110762074
d63196fe,32.58999999999833,4293,18.81617478942141,6.320851872657014,5.52250494018774,5.325182848159458,33.60318459320871,33.62270631894727,5.357403145216649,32.307841916221186,5.373689129487295,21.38820029715032,15.849866443307642
d6c320d9,15.630000000001019,5071,9.732679905066442,6.997767575955593,7.17532216597175,7.968090512873726,7.194478437386824,7.145207360124204,7.471180531287536,16.941565383155016,8.628455471673934,7.167783980714837,10.128906787580101
d6dd7330,36.95000000000073,5592,9.84214083482051,20.532327036195202,12.544118772743618,12.636733849095199,10.508310334887655,10.369390631760373,9.642465381947462,12.555144594503325,12.54377737109066,12.124611586165164,10.481891867277795
d7ba4f9d,15.229999999999563,5673,5.145693818006445,5.310797489575281,8.575252009726714,8.65517481105715,8.528245983975891,8.337275829957601,16.7133008629703,8.816328740480323,8.29473664117063,10.147176519157203,6.0640877029122535
d7eb0be8,56.31999999999971,5262,30.69696954959469,14.30292881948878,24.126203158605264,24.076709387489306,18.066597611987287,23.892995575941224,23.783208648472424,23.919074610385355,18.04963747337431,21.362437378685012,31.835983590258742
d84b621b,34.47999999999956,4195,28.387863888677735,6.197679710810075,3.529367070391236,3.726579384575476,4.23094040356255,3.956984888332883,4.309939756145626,3.9396110337032124,4.232659989905076,3.7970952929435846,23.810391930533278
d90aa14c,48.81999999999971,8863,19.41080324928237,19.644754680165594,6.565784102918368,8.435268068328282,9.108157703799268,20.662896162118546,8.234367402796401,8.392248096241662,9.11265561510503,7.824393708168248,19.248714915688012
d924e971,86.57999999999993,3875,43.70253946618665,28.58122327059045,22.799955568525615,23.03230026940934,22.930831001343737,23.03502573096024,23.026152095071637,23.051098646041236,23.052962983685152,23.012637976757837,42.65947503873674
d9ae59b2,13.420000000000073,3760,4.309065450094097,11.870703942480276,9.121596197473567,9.163467600745514,9.147629723792138,8.487978911283967,9.09828371370709,17.298815842100005,8.768366672078846,8.910877676039,4.774770702972143
d9d6d94d,32.5,4862,9.53560929094573,5.163087323959754,12.280130298015644,8.34534506457545,7.189812217385092,8.834063997118227,12.022490038796422,7.343636367087107,12.254049818674542,9.351760580785289,9.185282907438152
d9eca87b,76.78000000000065,5790,20.612848394786223,6.376824369236671,20.44029009602225,19.840647367063198,19.80370696544772,24.52255076652972,19.807119284057872,20.102894172093116,20.523000366586114,21.17524528234114,21.776204240866107
da2d4d7c,11.969999999999345,2604,3.073192992470592,5.4127389268441926,10.303895320470525,10.30629183588905,10.300160012763099,8.751727142178844,2.208820539907798,16.304655597207574,10.363872098781025,11.558661444734991,3.004157481488086
da3bfe4e,45.57999999999993,5188,29.062182655434494,25.84192821514258,4.7006307414276876,4.591657152549099,5.1304656762551035,5.224530466028144,5.0753342484648245,4.745467185130032,5.393768163915436,4.8862888682540975,30.88918366238394
da3cf798,18.30999999999949,5541,9.755499439783621,15.385983671740535,3.606607798910105,3.628688048740772,6.950567652063659,6.974582835213029,6.976216171085582,3.65028843136988,6.952531551188285,4.700184489046136,12.30921294173177
da940160,18.63000000000102,4958,10.292680770848744,27.78420307255663,20.083298441936915,20.09004590498035,21.083120343031297,20.518042947247388,14.53866018360499,5.4494045650001635,12.483206129127234,20.604447122949686,5.938034222161524
dafc88c3,20.73999999999978,5247,7.624023873446882,3.758212810006692,2.4199963854714803,2.4074570696513424,9.776738682937411,2.5746485460967485,9.777783491649165,3.994150489396117,4.394781769060855,4.083622295754903,5.802067110267988
dbee6c86,18.590000000000146,6653,4.031780558471351,6.462741184819918,4.158161190660638,4.38293921451555,4.088753343798872,4.179818396338061,4.008369848729973,4.140359852460386,4.0377711664661495,4.538930045377496,3.5881165176589724
dc5fbe29,28.889999999999418,4785,7.376255984650577,2.2795222430114763,6.452349050230357,7.559497617503319,7.512218415146947,5.774921617627552,5.801552490560068,7.4565966684015175,7.501904467159071,6.410386044975483,7.073267814508085
dc7da28f,26.43000000000029,4871,12.171725412932668,6.2637359568599615,24.126627675358883,9.184379090407653,9.17772254782491,9.181488698731142,9.199029379386078,9.198710862948316,22.417502645100548,17.9805139211729,9.035560230325522
dc7f9757,23.040000000000873,4528,16.439618950741146,3.613200554272543,5.354247920856,5.571486609786755,5.338222040506919,6.916649156953511,5.471553118187943,5.443791341767858,5.351350149671107,5.2261023627862695,12.999779477948007
dd168de0,14.840000000000146,3719,6.211379624355576,3.247333815080348,2.414219231200507,2.5158458074020267,2.561002877924584,2.428009677547243,2.487974403463948,2.610006447515089,2.383058449632576,2.5052089273147393,9.810954698977689
dd64382d,16.649999999999636,3692,6.87830629253755,2.623023046017503,2.2494576578157965,2.1412251725918368,2.4479910517212615,2.2076020071006996,2.5362791241126494,11.924803923053771,2.090254886962247,2.647769863418259,4.804784592856135
dd6bc5b2,25.1200000000008,4208,7.888023221153072,12.628634153523286,22.28007719959471,12.573356246218605,12.421688873857638,12.409532147592879,14.838190073553621,12.499980276114709,12.464858522990838,11.462229976687448,7.482665889042118
dd7d638e,22.700000000000728,4414,6.228684041875937,5.281662175772346,3.2312079179677524,3.306711266006028,3.244418608942862,3.250035064158998,3.103500519546888,3.3191693927997417,3.3560810120077296,3.284778201663555,7.893240166512007
ddc790ff,15.159999999999854,4722,5.755611145388804,2.0268103998767137,1.9190602091401943,1.755764991882533,1.9104851968606877,1.9582767493285242,1.8608053136233362,1.8436349041525328,1.895781073270081,1.8493389835083927,6.182655558442965
df71d1ff,38.399999999999636,5752,16.995853408527264,15.473251839079028,16.929571178066425,24.42828782319999,27.918112141207065,11.550379586670536,18.000251824218957,16.98463379636547,17.953125153605463,20.793377819319723,15.575913754040565
df73b8f3,45.51999999999862,5220,16.155722526831525,27.210402070869545,39.31187876445867,21.144674655493297,21.149928077829358,21.58396353327906,21.116018975632336,21.174470863220463,21.528601358585572,26.59836803297244,14.900068541718259
df8290be,38.69000000000051,4143,10.99951393721269,11.1824032615724,18.01915627952304,18.547593005226663,17.68360078241622,18.818420531466753,18.020071694327907,18.78996844923165,18.189610665413465,18.55023025306911,11.264441932008344
e0079ed1,22.23999999999978,3838,11.96612619578275,11.488516721805397,16.669941777057716,6.124413996796663,6.292895783992152,6.332928949003203,6.498424373867191,16.362576866095146,17.184865829001044,10.219466504466268,11.870414865877867
e03b45fd,75.76000000000022,5171,15.527740153412529,12.860835780573552,22.339419634620317,10.558132197093334,10.46439773712862,10.50128155991564,10.49848373373091,10.620990349909182,26.484693223731053,14.442922783994398,15.446159889989717
e0f36d98,29.209999999999127,4901,14.220715107753744,17.380190413124456,8.391068215734919,8.768043375394893,8.754469463956047,8.949631488816712,8.291158488740754,7.00274916810823,8.144613135738833,7.278577853021734,13.652036296531932
e149204f,16.710000000000946,5511,8.801059553548315,21.644137457159324,14.264439758403087,22.08513777856055,22.276564244562298,22.090975515767177,22.042604684552003,21.91739798458206,22.092488728761396,22.120256615366362,11.63382827429329
e14d641e,19.649999999999636,3634,5.777895810283945,6.402887256317745,5.791955141321132,4.2043131353506,4.214332765939002,3.7257954991140694,4.166981605586908,4.220243755919352,4.183630197086919,3.771908773568179,6.049740091389344
e161bd0c,31.389999999999418,3513,20.25887401473816,1.495899677640659,34.895424822646994,34.82446306783649,34.66350483909189,38.56097212071446,39.50002061683337,35.0595566460105,39.07633467542562,38.24929379379922,17.606347598967563
e201fd6d,40.529999999998836,5046,16.398685905439823,29.693219507455627,24.10419380816329,26.233701934914205,17.614623893776578,23.56257745522372,23.60293919474099,26.109711464107622,20.932007190532364,24.002406548962597,15.086203694581135
e25f1537,30.7400000000016,3663,12.19237701834071,7.885809046183633,7.6091998951054896,7.625088697725465,7.560641995355398,7.741424347744356,11.863477381716377,7.568328849667647,7.584496900226226,7.371526271412594,10.070416268014231
e2fc7745,34.68000000000029,3900,12.959675147281429,7.748146627058758,7.6664535908371265,7.124249883709125,7.052853165579353,6.978672206989949,4.145991553115615,7.184343703119033,7.226370545506046,7.246385953579696,11.29427991484468
e32da4ec,32.80999999999767,4488,11.985773159121726,22.57290739966473,4.077949225389391,4.016734479111918,4.0238473141937305,5.897883572790293,4.019970903366429,6.024498129965459,7.397438885405059,4.226415732488055,12.217358575282622
e3b34f5b,30.230000000001382,5324,13.768518116867167,16.24574018482764,18.267952810080434,17.133208481409312,15.257245192989387,16.82846431309529,18.208271610152362,18.246159105869825,18.241996463046636,17.69444639966027,14.666054372735202
e45a2a62,47.960000000000946,4889,23.12834649333247,16.410502306422508,16.61368440841407,16.59175725768363,16.614515331309146,16.604038672500046,19.117114323622708,18.881759406435616,19.11840906204654,17.02008836149811,22.60415080479763
e46f4ef4,22.109999999998763,6519,5.35835832100691,16.178445959606073,20.91506021553096,20.851650664220465,21.024253240172886,17.60571656923091,11.291550605038362,16.251662939260697,17.416450572403317,19.361248547640727,5.4368387294874445
e4726608,23.590000000001965,4576,6.78773161525792,9.376197197266388,2.7736927115094963,2.7216090290391834,2.738391841618901,2.646428416645893,2.7508790223255395,2.7938959701843897,2.4386468541046025,2.601926084069715,8.259756582518339
e5864244,49.279999999998836,4407,23.5514646470381,16.008764159912648,3.5569346050604715,4.905574922314294,4.292063437840462,4.20078367664447,3.347256510085509,4.674884642838856,4.244879562826228,4.138861530241132,20.286252509753474
e5c92e59,26.979999999999563,4327,7.552159559032677,10.239306864935752,10.372744718453324,6.139659257991077,10.306112049451013,6.153079336684497,6.117289068405001,6.2134203276336475,9.844947481902189,7.389904685263468,7.880080167033237
e5ff9fd2,21.709999999999127,3065,10.152297614409637,10.41349742058482,11.535402183204434,11.605291536500818,11.58920034011833,11.538248350371267,14.072065459944756,11.605769104380881,11.621285463553336,12.00374716362165,11.386500616106732
e6c55748,30.01000000000022,4350,10.368800592360422,8.945990699382236,17.211850844804612,5.323015289570672,1.2361754636322408,18.0618160534601,18.12240272846211,16.119884908018157,18.091748036572145,6.420110867166225,12.345226873237918
e730c32b,20.0,4722,11.599582042376761,14.995279152108413,33.236176544826556,15.93559447551318,16.01684286948197,15.85792119990523,15.562786602056441,16.0065440820419,15.962354818435545,15.764273874487854,12.522807502749593
e737965a,30.399999999999636,5617,17.175736752440105,11.212234867112773,26.089594526241946,24.892153505601147,26.068492110012645,7.972493586130132,7.938487768071419,26.040491154155095,30.922993817394374,26.33187651533377,14.362448004905268
e748dd88,19.399999999999636,4573,7.428222531984518,7.854813220182027,4.357043202020553,1.463365996987832,3.964026314073365,4.456131155444652,4.496494290746904,1.4184267832386332,1.3477950412974329,3.382897131009167,8.063981794595211
e7818f7a,24.399999999999636,4985,4.561749785259187,11.832996458684358,15.178008719693539,15.118166232478464,10.413391448097471,16.903231552751787,15.103694008730834,15.043304228390063,5.3771185224538165,4.186322269385611,3.676702787848054
e7c36e81,23.43000000000029,4128,11.016871230979325,8.305150799707045,6.85369630410749,6.950993384248101,7.120196752859671,7.218599481658546,6.79958347247702,6.8298336665752055,7.152428366729073,7.132206555425176,9.642363217119808
e7d0c1de,17.070000000001528,4712,6.85952739373255,5.9135152787868845,6.496989475450066,3.895895106474052,6.229074898013549,6.534346657976572,6.67695651584718,6.487321141569524,6.552395397514645,4.764370398841985,7.588726348563451
e85074c5,15.680000000000291,5282,4.067996005336134,5.7004102349175625,8.61625347041461,8.645354284772976,8.627478667351362,6.6833817398463715,3.2187433146203523,8.649756905619016,8.43748101076391,8.629445292786961,6.0505486731786515
e97032ad,31.479999999999563,4127,24.862795075530304,26.790753864034965,30.525058410668183,30.618524051882172,30.570699371459824,30.57465697546398,30.577361515802142,30.613714940429436,30.58160504470968,30.35626782106126,23.97668569653846
e9949a23,48.68999999999869,4677,12.011110054543161,12.571270856677675,4.410469339326124,7.603240438990326,7.6890119964644095,4.629025331956431,4.550805328047448,4.520139363841321,4.285058747419698,4.8076731436922335,11.984785995597882
ea0b99b7,26.339999999998327,7985,6.346392185787769,17.52064759606435,6.850601406212717,15.747334310106433,6.4565009729137905,6.463773643924683,13.685291820098834,25.118439724198314,5.068063235044643,8.64171243134273,6.878360341633064
ea3a0e38,30.469999999999345,8610,18.537811811214834,17.214877948865556,14.4836272903449,12.3934541382961,12.521390135321942,12.633505180164292,12.544430984055337,12.715989313069073,12.531608468224057,12.849409703290693,19.226854151959973
ea41324e,20.539999999999054,4992,5.20548950951337,2.716468498924782,2.5785672027558135,2.5897412344427684,2.5695715943493185,2.2538515354059743,4.3163807100975715,15.717800577528063,2.5369463327562727,2.3493780538715345,5.091340790171953
eabc711b,37.1399999999976,5339,11.761757868409164,17.14934150183912,16.028606878457413,17.886660815087616,17.25699258282007,16.230822633498533,15.900965766792504,32.11595335985661,17.7109494176427,13.97759784918417,10.923585306942016
eac10e86,17.600000000000364,5476,3.55352335982288,7.854727553204851,3.0267188103823983,3.4296981541224274,3.0082416654456856,3.032467658955023,3.0717953053021247,2.6032938423652605,2.7164096900521875,2.713747506347631,3.6893186988457654
eafb863e,44.779999999998836,3881,20.354787855998943,8.234774806217587,25.140218564921053,22.63528281885971,28.742801272861985,28.77302608838351,25.02268070790203,28.977054305660207,25.077359119555968,24.79973750320204,22.238948887405133
eb06a4e7,30.459999999999127,4657,10.195238402581134,12.129725704644597,7.375083705298151,7.674566086346254,12.55459466715519,13.07320116211829,7.937565028278153,13.430155893260414,12.852529132307696,7.6086409677722955,9.14364322604181
eb640a35,31.019999999998618,5681,11.33879230711879,9.203973775277666,9.639582178358118,9.612737236006373,16.17211738395617,9.635356808458276,9.29159713881607,12.039675014654973,11.060935272802558,8.452263648029183,15.931169091382204
eb934281,10.1299999999992,5703,2.952348090845212,5.708771163874692,2.792948271303553,4.976483299707889,5.142387746846702,4.285890819359588,2.8360444672128304,2.8692216235942243,4.326965780822329,3.575960187778077,4.002559375395461
eba6605e,26.599999999998545,4175,9.153304890538841,1.6825327418372173,14.51893842800012,14.082448802349836,14.080541508260408,13.690455259718338,14.521047350604597,13.684847842988406,14.784330764443087,14.53345446898129,12.147344822122642
ebe69318,18.23999999999978,4904,4.985068735505473,5.470167163312854,20.82356050791617,20.773005490876645,20.950018275384632,19.623307004601973,20.783725435126637,12.740887573198416,20.819571897273953,19.053986043741208,5.185137403969591
ec0d597b,44.279999999998836,4710,16.191014232888058,7.47244871702733,7.0130995896636605,16.594943889080778,16.445641696027344,16.445754965695436,16.814888494408244,16.878917485731417,16.41446449734164,14.01149059163096,14.59996459583292
ec13af42,29.609999999998763,5374,9.31220273014829,9.226553719442782,5.849425282761216,5.826166811264475,14.504936007017772,12.47858683866902,18.67639884323309,19.506568331841876,18.69869502054938,5.608003667220915,9.269064554870871
ecdab904,27.55999999999949,5968,14.645875549448458,24.641740616449873,8.343986633650296,23.525898211153443,23.723631058144015,20.931182237072846,23.691523789886418,21.152108026297444,23.736331105796758,17.289674006038148,14.237081653250945
ecdaf714,28.230000000001382,6015,17.21212171547957,17.522690714759158,20.264515408565497,20.472968715784486,20.493453813867255,20.13412931664351,20.29652029705767,33.936473694728825,20.234698245185168,20.685300219153625,16.510455104688695
ed6436d6,17.23999999999978,3670,14.303902428590373,8.27839279877174,3.029454100183892,3.1908971087469116,3.294021116255813,3.1295954374728856,2.9831695533205793,3.165807574750626,3.071137761228088,3.149828310092551,14.70423085234691
ed6e6e54,43.06000000000131,5391,17.05318883041556,20.37326037699647,20.124961749112245,20.202825765289305,20.169832433374523,20.208041760135632,20.19013004218996,20.20066405578499,20.17870417649259,18.50598209276117,16.833434346820656
edf885a3,24.860000000000582,3550,13.720190134395336,3.8135599370264504,37.99050858800114,37.956377271968876,37.95717727221802,37.934069766054634,37.987952574198374,38.05254172739695,37.84482652606269,33.239942940179105,14.75207962517799
ee0300f7,35.73999999999978,4498,25.02346481996906,22.72277018280128,25.8056825474587,25.800049049500007,25.7768595081448,25.78081651644901,27.426330423823224,25.740714110400173,25.759302418195748,25.759970842759202,23.831165405312337
ee288beb,59.75,4519,33.65352127197193,8.069420249035785,51.39762498867781,47.018315426852276,46.96166415830409,47.093602679701846,45.43719635404154,54.110941140720115,50.991066201755494,46.4416645095563,32.614649474510365
ee4aecac,14.56999999999789,4815,5.891376712098412,7.470092926746365,7.515690105171176,7.088049470112979,7.4239386120193425,7.085907667614182,7.517128614093776,7.1236161173241666,7.5241009247981445,7.2719722680671675,4.641430829536886
eeda36f5,13.200000000000728,4525,3.5283541246211114,3.4752759698031985,14.80244894954997,5.771549421340294,3.2962687632924923,14.78837695205203,6.186264195880801,14.791800269475235,3.2934958198471302,4.970143787065436,5.2088188372753885
eeed308d,22.409999999999854,4017,9.28892060759878,1.629575527794589,1.1824445080987223,1.368949779732779,1.2571095336490434,1.7410146294129552,1.1400846677060126,1.6006425906026645,1.4516312561253217,3.174213139242221,12.388647025833162
ef04658e,29.530000000000655,4135,15.639528868883827,18.30995313915227,2.0768619275166937,1.987775371313283,2.011011027528296,1.9709968310082688,0.46697343112775386,2.130323850010936,1.953127619128555,2.434998044767843,15.434309594151605
ef8e3ed0,32.8799999999992,4845,13.680411756247144,20.531424067173713,5.0820357190706975,11.201643775462978,7.043670507061325,5.088583094784277,5.04587608668162,6.9695253535331245,5.823531966697502,6.469858193253266,11.587528743161352
efde6ac3,26.719999999997526,4541,9.648685018910296,14.317709007100968,12.174584647806945,6.799041121147147,12.25378121046947,7.9444462010729175,7.926826462466728,12.22486738949716,10.408896607008694,9.268825393148457,10.451678006698263
efe96181,29.140000000001237,3989,26.448480156847918,32.669173606573125,16.546225906079748,17.212307249452696,16.949257288215126,16.383070954372837,16.37440038185283,18.382228476540032,16.567139824342096,18.10494967310339,30.53087370983838
f0188a48,27.890000000001237,4481,8.897449939205723,19.21177761073014,17.475651627333153,17.3165704608021,17.40690089302756,17.900196619461145,17.812509895309333,10.08447443118237,17.90006384763136,16.12213924639116,8.831491401255802
f021b650,12.3799999999992,4095,6.319441050382289,10.467423130988651,22.45360387511312,17.937358870396604,17.96964552985306,17.76812851175226,30.357507455549502,36.605360033017625,20.66982444476441,17.779492639845838,5.501191521506052
f03f10fe,24.769999999998618,4251,12.153877032097332,5.213175524828333,1.4624082273259962,1.4534150469412614,1.4752271078034682,1.4760550304522408,1.4579046632688784,1.4779942627121854,1.5278663217004584,1.464737780973153,9.14125562163987
f053a1b9,22.850000000000364,4345,11.318738538121693,7.028557506210866,5.202230571284278,5.132054012611848,5.116749554587039,5.3694150509357605,5.221491596968851,7.809216386067732,5.265094035004491,5.17220767058422,8.765452138097533
f074d277,24.030000000000655,2824,13.563199594885882,4.4423982779274125,37.58931077995425,28.513562156311203,37.59516170534091,37.480501003524985,37.5870974785369,40.71958443025517,28.666514999984752,34.14019695507287,13.785823692459914
f07d7037,16.3799999999992,5612,7.179078656014943,5.214170564943975,4.308668393155964,4.490527227114986,4.299002106716215,4.317343009786983,4.3122905373735945,4.4941298664574,4.3142370096317055,4.3562968823320105,5.509720600687688
f08774c3,36.72999999999956,4121,11.409111315712252,17.46753259823766,9.289580166375227,7.375464197472999,10.117809446184248,6.927857223686531,7.0786500968177695,10.092672559755494,7.116258550817288,8.858832339940298,11.337949783359552
f140c2fa,22.670000000000073,4398,6.981885300624434,8.586081571405597,9.76402224199101,10.027612766501985,10.497615290631453,9.754597072217823,0.8612687044126847,10.5031821264746,10.425425110444028,11.63582016951272,6.74206989919966
f16e25e3,11.860000000000582,4807,2.8513349768846514,6.232052973337093,4.561512451736287,8.958208343448156,3.30362046850057,2.735813968627506,3.706396821577571,15.785393950142872,4.0071892466398555,2.4805233129833604,2.711100155365898
f2d4c8c9,15.409999999999854,5773,3.748496692728154,6.966581907586057,17.853632746158635,17.820843779389673,9.908846925967733,17.51838847067938,17.648517753818822,17.810484140348972,17.559911055705253,17.424231331372784,3.9209511902880125
f321a31c,35.19000000000051,4785,12.021449833191747,5.051172802078423,6.512202091228054,5.828047703719453,6.161056811505571,5.9350361167453665,6.767149170499517,6.4416321863907156,6.193329817428118,7.4791659951220035,14.594531176121945
f40cd091,26.3700000000008,4946,18.499781653010416,18.68835768453717,31.754101121762886,31.812564825246284,31.893206144345942,31.873775846002737,31.62190276166255,11.37563844915092,31.919211908025748,31.930257359430595,17.860472588815252
f439a621,24.659999999999854,3427,14.742267834316419,2.631806190312616,2.7018663639471745,2.6856540178974533,2.250287946364436,2.2295801992748676,2.6943940936074258,2.7988385787812087,2.625523982350161,2.4029622533530435,16.47417642323944
f49fdea3,12.420000000000073,5130,4.07689729328141,5.130155122338014,7.850206430639807,5.34862550300386,7.853511252835629,5.350216362622387,6.064042105644728,6.54224512606206,7.4290843179470425,6.697185757422461,3.0485799973103154
f4d12d23,25.919999999998254,3977,17.842371317507897,6.49315670005937,10.606620344665,10.629931404322578,10.96359349446575,10.63817719245857,11.296847419638365,12.183867560008826,10.70805784689349,10.591042273767266,23.565295491927014
f56d3ace,17.8799999999992,5390,6.637679855113832,1.9253042860405738,19.943894904445862,21.62094216481842,21.518444892647068,21.646302570513207,21.6791001621369,21.03188235925518,6.846483086252263,16.24866810869229,7.577830203540217
f5859199,26.94999999999891,5430,6.893410979735722,7.840648757911746,5.859190352684711,6.053614839812975,8.681899537367034,7.47303270035019,6.1177077760389125,26.040677895481554,6.487260042127034,5.881392965401978,6.444862834950399
f5d8aab6,30.790000000000873,4800,20.787351719254595,12.938175067173306,3.5398959438787387,9.106464741135582,8.287242124325402,7.973420146521701,8.671743069128613,8.208899216630833,8.49857901657279,7.969406733000928,17.254451882051146
f631da6e,20.359999999998763,4091,8.777322358103767,8.768372573284964,8.015762927695055,4.029642306790425,8.044175866058566,8.283545549606975,3.9019086776287906,4.976661571347542,8.004274316839778,3.3251365619205995,8.434746855116664
f6824bb0,37.43999999999869,5011,20.896905639265018,13.597723768466471,17.616650997112707,25.839033173864447,29.119584100216418,30.02796771390646,17.58614439707346,19.20671265988583,15.921729818991546,23.0626982568801,19.841787662838605
f6bc699b,29.30000000000109,4016,14.474052744947816,16.286164611295323,3.246358993301041,3.5866105202363268,6.800576836622464,6.78282368553802,3.0189539634161737,4.138243501467186,3.634289988166277,3.705934268796108,12.73966537060407
f6d009f4,81.79000000000087,5842,36.37200543889907,31.070785514479972,27.076312604695755,23.263741882570596,20.333050915460035,20.385588935617285,20.10230378097098,26.210081668611533,20.120555462353835,23.289678669843692,34.12054015158891
f72b268f,32.82999999999993,5780,20.156254521846996,26.746291395128093,12.458505240408563,12.484226506144921,15.89480195358138,18.74105606955532,18.828062011990088,18.73833257526245,18.634579588141566,16.74016703690849,18.150707181643135
f8662c22,26.88000000000102,5079,7.802458067812785,5.818727609139576,11.350358039427151,6.855266827987544,9.265488107872537,6.860745772294292,6.919036446043552,9.20781706719151,9.236634423744079,7.836103691845848,8.56177773938727
f88ddb26,71.6299999999992,4807,46.058628389884746,14.565126548556396,6.543910073286916,3.615692389060777,20.558422976666115,6.745174821329531,6.489319626035258,2.6649176976894613,4.04533958531571,5.208389969185849,52.29368212888692
f8afa78a,18.51000000000022,5378,4.971368971006866,13.100541102708025,5.089907111616849,5.086476217231408,5.370872589806393,5.07927658968671,6.544101735447945,5.135624008077244,5.1482987536940605,5.099198071396189,5.576688753759355
f8f59188,17.770000000000437,4920,7.290424352242628,4.013685995783756,8.829864446971758,8.829574555232226,8.782029237666038,8.614159398275723,8.810014809689768,8.814718251662832,5.854964822796357,8.12864410100486,7.240952689643387
f9fc81aa,31.109999999998763,5192,8.967786049704909,20.353474477845484,19.62618248441916,19.592794575947718,16.635279413241232,16.19109234806599,19.60641683991562,30.141055053334608,19.64703980680766,19.403026126964345,9.345098859228553
fa16d114,40.95999999999913,5057,24.747069491318385,19.66066756862263,3.6399073933291457,3.6835413506131296,3.664641105924894,21.965055908473687,3.5878808461557536,3.9024986048451344,14.918224026331824,14.851441123460908,29.40183796023676
fa31da94,17.3700000000008,4877,5.237506988499392,14.127542141686858,11.064250803885106,3.7167171945716477,11.034759137158176,2.8712824113525355,2.8586308578852306,2.9237060852721632,3.721973975363026,3.3263188721819046,4.726672750263879
fa667be2,23.200000000000728,6423,6.60018693680875,4.573078595610647,6.4534635057231595,6.779732932112358,6.618967505242153,6.847402760338681,6.465197885475188,6.443085597875689,7.0007410166858675,6.681826415426412,5.885513267130265
fae0c593,31.829999999999927,4487,11.6335247010105,2.9113597887683755,16.933310819442404,13.97039003484372,14.978193415878279,15.35295483476034,13.905245310764546,16.938043480863147,14.314078767797174,14.537125163999637,12.907681706051884
fb03ae90,30.51000000000022,5934,24.614633650957114,25.67741037865428,16.359915850992284,16.328304491004214,16.428935257740733,16.430960241981126,16.45474781872514,16.89100529062153,16.409450315994732,16.053053236465583,24.423875550010507
fb0904bd,8.1200000000008,3714,4.625545758016448,14.034920333750229,4.785084817299411,4.830583802132411,4.890958880921114,4.8417991481143625,4.777195021864465,4.865658911997384,4.767392234212438,4.843993409563704,5.077000644199388
fb3848a1,22.3700000000008,5737,9.320190400539673,8.576732358786066,1.6305337139758,3.7800103024811977,1.7604539330034095,1.4755851136656566,3.636539613218562,2.2497101686083507,4.03950410380128,2.0340738328863384,5.712047404384748
fb73b13a,31.019999999998618,5449,10.810091056730988,18.65108064986547,20.864956379954567,16.644893521241254,16.67423963700936,16.744404690457312,16.815097547969625,18.21618001076128,17.026167252061406,17.18638506654997,12.772725087712434
fba7683c,277.02000000000044,1502,243.09832489217052,71.84555305213087,86.35225680886091,86.30744745525215,86.33553553494811,86.42071278209671,70.8067306892414,94.00562609882675,76.23087561613876,82.3163523506082,245.20178027806352
fbd68d27,29.0,6243,12.22696776660745,1.3931987257505916,33.90814559582378,34.001756771683155,33.975717405771974,35.431995028216285,33.89368537510123,7.311539168363903,34.0043674142131,34.48423997846863,11.058150689345739
fc03f21f,27.450000000000728,4527,10.531391257158578,9.037652855597475,7.5505061185917315,7.598843264167573,7.607101870300086,7.557161501079313,7.53362633421884,20.5288650293848,7.610824791880612,7.563646062031611,12.307459999400924
fc0d20b2,23.730000000001382,3875,11.588648270975506,13.739943580925742,4.103498974278301,5.862463127457435,5.921177768697463,4.151659424029379,5.6572626456327795,5.786582096171253,11.383717148697869,5.776522385213084,10.935203049282384
fcfcc902,41.72999999999956,3405,31.645165285741673,46.163988126395054,40.28105305302246,46.44661176551853,39.74456852040045,40.441767706110994,38.32024305061689,40.219711570256166,40.4067364942922,30.96603169605881,30.81854335188313
fd3b4faa,22.220000000001164,5078,7.387899442501623,10.236507668434347,9.81375685469026,9.613824620840544,10.328732620717371,9.68000349975899,9.669542626426756,9.691023472414061,9.694671879742456,9.650534365150301,6.956051182273875
fd710aea,16.470000000001164,4351,8.41837735508373,6.764111863496384,18.20088101405514,18.183461585813962,18.171014283921988,18.190603306324565,18.203400596703382,18.28997029634023,17.892915296464565,17.939646554840223,6.947759813170417
fd8f77fa,31.350000000000364,4932,14.510456878402273,12.609378699884376,8.624793429663919,12.794413915157644,9.673834758448558,11.739814630424053,8.44279106086051,12.666164028379223,8.677261664297523,10.366615661890883,14.677767544046386
fde20ecf,24.31000000000131,4662,16.3278060467511,33.075418072214006,8.195306481273517,20.44486197479256,14.64204236085353,20.654008535574015,10.965850871333606,21.16472673165525,18.362504498757367,7.395536158749383,14.224648350636135
fdfd57da,15.329999999999927,5376,4.7842653462443,12.893354687451035,6.552364402246863,6.572464582384585,6.637859338992757,7.345282875902112,7.0039967928124724,6.684645726312151,11.219510143754896,5.703886137495765,7.085883615652082
febb4411,31.770000000000437,4581,7.278831667154303,7.290240937765506,14.333445403475153,14.046604460347215,12.562054831202959,11.634308263875745,13.743582531425558,13.953561533971698,14.13495089941211,13.928748326201692,8.475462711433034
fef8af96,88.68999999999869,3700,46.01201759470087,37.32306502772717,20.44990174454395,21.503486660329678,25.008550262709782,22.549906979985764,22.944215845554044,21.472802084770848,24.848516897724195,23.556570375478376,50.34714537440308
ff0aea78,41.20000000000073,3632,30.230187790595032,46.929458429775366,53.61037266653563,50.07316049223922,49.794326932063896,50.096574432415544,50.54181173641082,29.688716605419465,50.1966815943595,50.07715029977155,28.556181797162047
ff8bb73a,43.79000000000087,5599,9.549549931465679,8.81098072463122,10.843425406179607,8.377849640610847,8.162834221402045,10.871710939502606,10.888494920587778,10.842861101926369,10.873647935153727,7.994873786429691,9.618151237125282
ffefef30,21.68999999999869,4687,6.5147591279003425,5.304582596213609,3.5662715052047496,3.5128707973037403,3.4178164630571786,3.4910984037856516,3.4472881622997593,3.6098524607832916,3.547651963613301,3.3660226811727587,5.8243073797680225
